Map Detail Name,ANZSOC Division,ANZSOC Group,Area Unit,Country,Region,Territorial Authority,Year Month,Mb2014,REGC2014 label,Selected Detail Level,Ta2014 Nam,Geometry,Geometry (MB2014 GV Clipped.shp),Geometry (REGC2014 GV Clipped.shp),Geometry (TA2014 GV Clipped.shp),Number of Victimisations,Selected Geographic Level ,Victimisations
Auckland,"Robbery, blackmail, and extortion",Aggravated robbery,Tuff Crater.,NZ,Auckland Region,Auckland.,1/08/2023,,Auckland Region,Teritorial Authority,Auckland,Polygon,,MultiPolygon,MultiPolygon,1,MultiPolygon,1
Auckland,"Robbery, blackmail, and extortion",Non-aggravated robbery,Auckland City-Marinas.,NZ,Auckland Region,Auckland.,1/03/2025,,Auckland Region,Teritorial Authority,Auckland,,,MultiPolygon,MultiPolygon,1,MultiPolygon,1
Auckland,"Robbery, blackmail, and extortion",Non-aggravated robbery,Otahuhu West.,NZ,Auckland Region,Auckland.,1/03/2024,0783000,Auckland Region,Teritorial Authority,Auckland,Polygon,Polygon,MultiPolygon,MultiPolygon,2,MultiPolygon,2
Auckland,"Robbery, blackmail, and extortion",Aggravated robbery,Papakura North.,NZ,Auckland Region,Auckland.,1/08/2023,0790800,Auckland Region,Teritorial Authority,Auckland,Polygon,Polygon,MultiPolygon,MultiPolygon,1,MultiPolygon,1
Auckland,"Robbery, blackmail, and extortion",Aggravated robbery,Takanini South.,NZ,Auckland Region,Auckland.,1/01/2025,0765700,Auckland Region,Teritorial Authority,Auckland,Polygon,Polygon,MultiPolygon,MultiPolygon,1,MultiPolygon,1
Auckland,"Robbery, blackmail, and extortion",Aggravated robbery,Papatoetoe West.,NZ,Auckland Region,Auckland.,1/04/2025,0781003,Auckland Region,Teritorial Authority,Auckland,Polygon,Polygon,MultiPolygon,MultiPolygon,1,MultiPolygon,1
Auckland,"Robbery, blackmail, and extortion",Blackmail or other extortion,Fairburn.,NZ,Auckland Region,Auckland.,1/10/2024,0788601,Auckland Region,Teritorial Authority,Auckland,Polygon,Polygon,MultiPolygon,MultiPolygon,1,MultiPolygon,1
Auckland,"Robbery, blackmail, and extortion",Aggravated robbery,Ferndale.,NZ,Auckland Region,Auckland.,1/02/2024,0644000,Auckland Region,Teritorial Authority,Auckland,Polygon,Polygon,MultiPolygon,MultiPolygon,1,MultiPolygon,1
Auckland,"Robbery, blackmail, and extortion",Aggravated robbery,Mellons Bay.,NZ,Auckland Region,Auckland.,1/10/2023,0651800,Auckland Region,Teritorial Authority,Auckland,Polygon,Polygon,MultiPolygon,MultiPolygon,1,MultiPolygon,1
Auckland,"Robbery, blackmail, and extortion",Blackmail or other extortion,Waiheke Island.,NZ,Auckland Region,Auckland.,1/02/2025,0516201,Auckland Region,Teritorial Authority,Auckland,MultiPolygon,Polygon,MultiPolygon,MultiPolygon,1,MultiPolygon,1
Auckland,"Robbery, blackmail, and extortion",Aggravated robbery,Dingwall.,NZ,Auckland Region,Auckland.,1/01/2024,0667400,Auckland Region,Teritorial Authority,Auckland,Polygon,Polygon,MultiPolygon,MultiPolygon,1,MultiPolygon,1
Auckland,"Robbery, blackmail, and extortion",Aggravated robbery,Mangere Bridge.,NZ,Auckland Region,Auckland.,1/04/2024,0725900,Auckland Region,Teritorial Authority,Auckland,Polygon,Polygon,MultiPolygon,MultiPolygon,1,MultiPolygon,1
Auckland,"Robbery, blackmail, and extortion",Aggravated robbery,Auckland Central West.,NZ,Auckland Region,Auckland.,1/09/2023,0434500,Auckland Region,Teritorial Authority,Auckland,Polygon,Polygon,MultiPolygon,MultiPolygon,1,MultiPolygon,1
Auckland,"Robbery, blackmail, and extortion",Non-aggravated robbery,Ellerslie North.,NZ,Auckland Region,Auckland.,1/03/2024,0613500,Auckland Region,Teritorial Authority,Auckland,Polygon,Polygon,MultiPolygon,MultiPolygon,2,MultiPolygon,2
Auckland,"Robbery, blackmail, and extortion",Blackmail or other extortion,Mascot.,NZ,Auckland Region,Auckland.,1/08/2024,0741500,Auckland Region,Teritorial Authority,Auckland,Polygon,Polygon,MultiPolygon,MultiPolygon,1,MultiPolygon,1
Auckland,"Robbery, blackmail, and extortion",Aggravated robbery,Oceanic-Auckland Region West.,NZ,Auckland Region,Auckland.,1/10/2023,,Auckland Region,Teritorial Authority,Auckland,,,MultiPolygon,MultiPolygon,2,MultiPolygon,2
Auckland,"Robbery, blackmail, and extortion",Blackmail or other extortion,Mascot.,NZ,Auckland Region,Auckland.,1/09/2023,0742102,Auckland Region,Teritorial Authority,Auckland,Polygon,Polygon,MultiPolygon,MultiPolygon,1,MultiPolygon,1
Auckland,"Robbery, blackmail, and extortion",Aggravated robbery,Totara Heights.,NZ,Auckland Region,Auckland.,1/10/2023,0760702,Auckland Region,Teritorial Authority,Auckland,Polygon,Polygon,MultiPolygon,MultiPolygon,1,MultiPolygon,1
Auckland,"Robbery, blackmail, and extortion",Aggravated robbery,Mt Victoria.,NZ,Auckland Region,Auckland.,1/02/2024,0329100,Auckland Region,Teritorial Authority,Auckland,Polygon,Polygon,MultiPolygon,MultiPolygon,1,MultiPolygon,1
Auckland,"Robbery, blackmail, and extortion",Aggravated robbery,Tamaki.,NZ,Auckland Region,Auckland.,1/11/2023,0631102,Auckland Region,Teritorial Authority,Auckland,Polygon,Polygon,MultiPolygon,MultiPolygon,1,MultiPolygon,1
Auckland,"Robbery, blackmail, and extortion",Blackmail or other extortion,Waiuku East.,NZ,Auckland Region,Auckland.,1/09/2023,0836500,Auckland Region,Teritorial Authority,Auckland,Polygon,Polygon,MultiPolygon,MultiPolygon,1,MultiPolygon,1
Auckland,"Robbery, blackmail, and extortion",Aggravated robbery,Tidal-Eastern Bays.,NZ,Auckland Region,Auckland.,1/06/2025,,Auckland Region,Teritorial Authority,Auckland,,,MultiPolygon,MultiPolygon,1,MultiPolygon,1
Auckland,"Robbery, blackmail, and extortion",Aggravated robbery,Mt St John.,NZ,Auckland Region,Auckland.,1/08/2024,0615600,Auckland Region,Teritorial Authority,Auckland,Polygon,Polygon,MultiPolygon,MultiPolygon,1,MultiPolygon,1
Auckland,"Robbery, blackmail, and extortion",Aggravated robbery,Clendon South.,NZ,Auckland Region,Auckland.,1/02/2025,0774449,Auckland Region,Teritorial Authority,Auckland,Polygon,Polygon,MultiPolygon,MultiPolygon,1,MultiPolygon,1
Auckland,"Robbery, blackmail, and extortion",Aggravated robbery,Auckland Central East.,NZ,Auckland Region,Auckland.,1/04/2024,0438404,Auckland Region,Teritorial Authority,Auckland,Polygon,Polygon,MultiPolygon,MultiPolygon,1,MultiPolygon,1
Auckland,"Robbery, blackmail, and extortion",Aggravated robbery,Takanini South.,NZ,Auckland Region,Auckland.,1/07/2024,0765401,Auckland Region,Teritorial Authority,Auckland,Polygon,Polygon,MultiPolygon,MultiPolygon,1,MultiPolygon,1
Auckland,"Robbery, blackmail, and extortion",Blackmail or other extortion,Herald.,NZ,Auckland Region,Auckland.,1/03/2024,0221200,Auckland Region,Teritorial Authority,Auckland,Polygon,Polygon,MultiPolygon,MultiPolygon,1,MultiPolygon,1
Auckland,"Robbery, blackmail, and extortion",Aggravated robbery,Wesley.,NZ,Auckland Region,Auckland.,1/09/2023,0579900,Auckland Region,Teritorial Authority,Auckland,Polygon,Polygon,MultiPolygon,MultiPolygon,1,MultiPolygon,1
Auckland,"Robbery, blackmail, and extortion",Aggravated robbery,Pukekohe West.,NZ,Auckland Region,Auckland.,1/02/2024,0821002,Auckland Region,Teritorial Authority,Auckland,Polygon,Polygon,MultiPolygon,MultiPolygon,1,MultiPolygon,1
Auckland,"Robbery, blackmail, and extortion",Aggravated robbery,Manurewa Central.,NZ,Auckland Region,Auckland.,1/07/2024,0751800,Auckland Region,Teritorial Authority,Auckland,Polygon,Polygon,MultiPolygon,MultiPolygon,1,MultiPolygon,1
Auckland,"Robbery, blackmail, and extortion",Aggravated robbery,Mangere South.,NZ,Auckland Region,Auckland.,1/09/2024,0728700,Auckland Region,Teritorial Authority,Auckland,MultiPolygon,Polygon,MultiPolygon,MultiPolygon,1,MultiPolygon,1
Auckland,"Robbery, blackmail, and extortion",Aggravated robbery,Otahuhu North.,NZ,Auckland Region,Auckland.,1/02/2025,0787603,Auckland Region,Teritorial Authority,Auckland,Polygon,Polygon,MultiPolygon,MultiPolygon,1,MultiPolygon,1
Auckland,"Robbery, blackmail, and extortion",Aggravated robbery,Auckland Harbourside.,NZ,Auckland Region,Auckland.,1/06/2025,0438103,Auckland Region,Teritorial Authority,Auckland,Polygon,Polygon,MultiPolygon,MultiPolygon,1,MultiPolygon,1
Auckland,"Robbery, blackmail, and extortion",Aggravated robbery,Waimumu North.,NZ,Auckland Region,Auckland.,1/12/2024,0227102,Auckland Region,Teritorial Authority,Auckland,Polygon,Polygon,MultiPolygon,MultiPolygon,2,MultiPolygon,2
Auckland,"Robbery, blackmail, and extortion",Blackmail or other extortion,Whenuapai West.,NZ,Auckland Region,Auckland.,1/01/2025,0224000,Auckland Region,Teritorial Authority,Auckland,Polygon,Polygon,MultiPolygon,MultiPolygon,1,MultiPolygon,1
Auckland,"Robbery, blackmail, and extortion",Aggravated robbery,Glen Innes West.,NZ,Auckland Region,Auckland.,1/11/2023,0476200,Auckland Region,Teritorial Authority,Auckland,Polygon,Polygon,MultiPolygon,MultiPolygon,1,MultiPolygon,1
Auckland,"Robbery, blackmail, and extortion",Aggravated robbery,Kingsland.,NZ,Auckland Region,Auckland.,1/01/2025,0531400,Auckland Region,Teritorial Authority,Auckland,Polygon,Polygon,MultiPolygon,MultiPolygon,1,MultiPolygon,1
Auckland,"Robbery, blackmail, and extortion",Blackmail or other extortion,Papatoetoe North.,NZ,Auckland Region,Auckland.,1/04/2024,0662400,Auckland Region,Teritorial Authority,Auckland,Polygon,Polygon,MultiPolygon,MultiPolygon,1,MultiPolygon,1
Auckland,"Robbery, blackmail, and extortion",Blackmail or other extortion,St Marys.,NZ,Auckland Region,Auckland.,1/08/2023,0425300,Auckland Region,Teritorial Authority,Auckland,Polygon,Polygon,MultiPolygon,MultiPolygon,1,MultiPolygon,1
Auckland,"Robbery, blackmail, and extortion",Blackmail or other extortion,Albany.,NZ,Auckland Region,Auckland.,1/08/2023,0178900,Auckland Region,Teritorial Authority,Auckland,Polygon,Polygon,MultiPolygon,MultiPolygon,1,MultiPolygon,1
Auckland,"Robbery, blackmail, and extortion",Aggravated robbery,New Windsor.,NZ,Auckland Region,Auckland.,1/05/2025,0376900,Auckland Region,Teritorial Authority,Auckland,Polygon,Polygon,MultiPolygon,MultiPolygon,1,MultiPolygon,1
Auckland,"Robbery, blackmail, and extortion",Aggravated robbery,Takanini North.,NZ,Auckland Region,Auckland.,1/03/2024,0767100,Auckland Region,Teritorial Authority,Auckland,Polygon,Polygon,MultiPolygon,MultiPolygon,1,MultiPolygon,1
Auckland,"Robbery, blackmail, and extortion",Aggravated robbery,Onehunga North East.,NZ,Auckland Region,Auckland.,1/10/2024,0593100,Auckland Region,Teritorial Authority,Auckland,Polygon,Polygon,MultiPolygon,MultiPolygon,1,MultiPolygon,1
Auckland,"Robbery, blackmail, and extortion",Non-aggravated robbery,Papatoetoe North.,NZ,Auckland Region,Auckland.,1/03/2024,0663200,Auckland Region,Teritorial Authority,Auckland,Polygon,Polygon,MultiPolygon,MultiPolygon,1,MultiPolygon,1
Auckland,"Robbery, blackmail, and extortion",Aggravated robbery,Patumahoe.,NZ,Auckland Region,Auckland.,1/01/2024,0824901,Auckland Region,Teritorial Authority,Auckland,Polygon,Polygon,MultiPolygon,MultiPolygon,1,MultiPolygon,1
Auckland,"Robbery, blackmail, and extortion",Aggravated robbery,Randwick Park.,NZ,Auckland Region,Auckland.,1/10/2024,0759711,Auckland Region,Teritorial Authority,Auckland,Polygon,Polygon,MultiPolygon,MultiPolygon,1,MultiPolygon,1
Auckland,"Robbery, blackmail, and extortion",Non-aggravated robbery,Papatoetoe East.,NZ,Auckland Region,Auckland.,1/10/2023,0670902,Auckland Region,Teritorial Authority,Auckland,Polygon,Polygon,MultiPolygon,MultiPolygon,1,MultiPolygon,1
Auckland,"Robbery, blackmail, and extortion",Aggravated robbery,Bledisloe Park.,NZ,Auckland Region,Auckland.,1/04/2024,0817001,Auckland Region,Teritorial Authority,Auckland,Polygon,Polygon,MultiPolygon,MultiPolygon,1,MultiPolygon,1
Auckland,"Robbery, blackmail, and extortion",Aggravated robbery,Takanini South.,NZ,Auckland Region,Auckland.,1/06/2024,0765600,Auckland Region,Teritorial Authority,Auckland,Polygon,Polygon,MultiPolygon,MultiPolygon,1,MultiPolygon,1
Auckland,"Robbery, blackmail, and extortion",Aggravated robbery,Epsom North.,NZ,Auckland Region,Auckland.,1/11/2023,0443700,Auckland Region,Teritorial Authority,Auckland,Polygon,Polygon,MultiPolygon,MultiPolygon,1,MultiPolygon,1
Auckland,"Robbery, blackmail, and extortion",Blackmail or other extortion,Hingaia.,NZ,Auckland Region,Auckland.,1/10/2023,0806604,Auckland Region,Teritorial Authority,Auckland,Polygon,Polygon,MultiPolygon,MultiPolygon,1,MultiPolygon,1
Auckland,"Robbery, blackmail, and extortion",Aggravated robbery,Hillsborough West.,NZ,Auckland Region,Auckland.,1/02/2024,0569400,Auckland Region,Teritorial Authority,Auckland,Polygon,Polygon,MultiPolygon,MultiPolygon,2,MultiPolygon,2
Auckland,"Robbery, blackmail, and extortion",Non-aggravated robbery,Avondale South.,NZ,Auckland Region,Auckland.,1/04/2024,0372900,Auckland Region,Teritorial Authority,Auckland,Polygon,Polygon,MultiPolygon,MultiPolygon,1,MultiPolygon,1
Auckland,"Robbery, blackmail, and extortion",Aggravated robbery,Manukau Central.,NZ,Auckland Region,Auckland.,1/12/2023,0780209,Auckland Region,Teritorial Authority,Auckland,Polygon,Polygon,MultiPolygon,MultiPolygon,1,MultiPolygon,1
Auckland,"Robbery, blackmail, and extortion",Blackmail or other extortion,Manukau Central.,NZ,Auckland Region,Auckland.,1/01/2025,0780209,Auckland Region,Teritorial Authority,Auckland,Polygon,Polygon,MultiPolygon,MultiPolygon,1,MultiPolygon,1
Auckland,"Robbery, blackmail, and extortion",Aggravated robbery,Hillpark.,NZ,Auckland Region,Auckland.,1/07/2024,0756600,Auckland Region,Teritorial Authority,Auckland,Polygon,Polygon,MultiPolygon,MultiPolygon,2,MultiPolygon,2
Auckland,"Robbery, blackmail, and extortion",Blackmail or other extortion,Opaheke.,NZ,Auckland Region,Auckland.,1/03/2025,0802100,Auckland Region,Teritorial Authority,Auckland,Polygon,Polygon,MultiPolygon,MultiPolygon,1,MultiPolygon,1
Auckland,"Robbery, blackmail, and extortion",Aggravated robbery,Auckland Central East.,NZ,Auckland Region,Auckland.,1/02/2025,0438306,Auckland Region,Teritorial Authority,Auckland,Polygon,Polygon,MultiPolygon,MultiPolygon,1,MultiPolygon,1
Auckland,"Robbery, blackmail, and extortion",Aggravated robbery,St Marys.,NZ,Auckland Region,Auckland.,1/03/2024,0423600,Auckland Region,Teritorial Authority,Auckland,Polygon,Polygon,MultiPolygon,MultiPolygon,3,MultiPolygon,3
Auckland,"Robbery, blackmail, and extortion",Aggravated robbery,Royal Oak.,NZ,Auckland Region,Auckland.,1/10/2024,0567300,Auckland Region,Teritorial Authority,Auckland,Polygon,Polygon,MultiPolygon,MultiPolygon,1,MultiPolygon,1
Auckland,"Robbery, blackmail, and extortion",Aggravated robbery,Point Chevalier East.,NZ,Auckland Region,Auckland.,1/09/2023,0390501,Auckland Region,Teritorial Authority,Auckland,Polygon,Polygon,MultiPolygon,MultiPolygon,2,MultiPolygon,2
Auckland,"Robbery, blackmail, and extortion",Aggravated robbery,Kauri Park.,NZ,Auckland Region,Auckland.,1/12/2024,0355101,Auckland Region,Teritorial Authority,Auckland,Polygon,Polygon,MultiPolygon,MultiPolygon,1,MultiPolygon,1
Auckland,"Robbery, blackmail, and extortion",Blackmail or other extortion,Forrest Hill.,NZ,Auckland Region,Auckland.,1/10/2023,0194600,Auckland Region,Teritorial Authority,Auckland,Polygon,Polygon,MultiPolygon,MultiPolygon,1,MultiPolygon,1
Auckland,"Robbery, blackmail, and extortion",Aggravated robbery,Mt Wellington South.,NZ,Auckland Region,Auckland.,1/05/2025,0637801,Auckland Region,Teritorial Authority,Auckland,Polygon,Polygon,MultiPolygon,MultiPolygon,1,MultiPolygon,1
Auckland,"Robbery, blackmail, and extortion",Aggravated robbery,Auckland Harbourside.,NZ,Auckland Region,Auckland.,1/07/2025,0438209,Auckland Region,Teritorial Authority,Auckland,Polygon,Polygon,MultiPolygon,MultiPolygon,1,MultiPolygon,1
Auckland,"Robbery, blackmail, and extortion",Aggravated robbery,Otahuhu North.,NZ,Auckland Region,Auckland.,1/10/2023,0787400,Auckland Region,Teritorial Authority,Auckland,Polygon,Polygon,MultiPolygon,MultiPolygon,1,MultiPolygon,1
Auckland,"Robbery, blackmail, and extortion",Aggravated robbery,Glen Eden East.,NZ,Auckland Region,Auckland.,1/01/2024,0286200,Auckland Region,Teritorial Authority,Auckland,Polygon,Polygon,MultiPolygon,MultiPolygon,1,MultiPolygon,1
Auckland,"Robbery, blackmail, and extortion",Blackmail or other extortion,Pigeon Mountain North.,NZ,Auckland Region,Auckland.,1/04/2025,0680714,Auckland Region,Teritorial Authority,Auckland,Polygon,Polygon,MultiPolygon,MultiPolygon,1,MultiPolygon,1
Auckland,"Robbery, blackmail, and extortion",Non-aggravated robbery,Henderson South.,NZ,Auckland Region,Auckland.,1/06/2025,0241700,Auckland Region,Teritorial Authority,Auckland,Polygon,Polygon,MultiPolygon,MultiPolygon,1,MultiPolygon,1
Auckland,"Robbery, blackmail, and extortion",Aggravated robbery,Puhinui North.,NZ,Auckland Region,Auckland.,1/04/2024,0671200,Auckland Region,Teritorial Authority,Auckland,Polygon,Polygon,MultiPolygon,MultiPolygon,1,MultiPolygon,1
Auckland,"Robbery, blackmail, and extortion",Blackmail or other extortion,Auckland Central West.,NZ,Auckland Region,Auckland.,1/04/2025,0433302,Auckland Region,Teritorial Authority,Auckland,Polygon,Polygon,MultiPolygon,MultiPolygon,1,MultiPolygon,1
Auckland,"Robbery, blackmail, and extortion",Aggravated robbery,Helensville.,NZ,Auckland Region,Auckland.,1/12/2024,0208500,Auckland Region,Teritorial Authority,Auckland,Polygon,Polygon,MultiPolygon,MultiPolygon,1,MultiPolygon,1
Auckland,"Robbery, blackmail, and extortion",Aggravated robbery,Tamaki.,NZ,Auckland Region,Auckland.,1/11/2023,0630700,Auckland Region,Teritorial Authority,Auckland,Polygon,Polygon,MultiPolygon,MultiPolygon,1,MultiPolygon,1
Auckland,"Robbery, blackmail, and extortion",Blackmail or other extortion,Auckland Harbourside.,NZ,Auckland Region,Auckland.,1/02/2024,0433005,Auckland Region,Teritorial Authority,Auckland,Polygon,Polygon,MultiPolygon,MultiPolygon,1,MultiPolygon,1
Auckland,"Robbery, blackmail, and extortion",Aggravated robbery,Glenavon.,NZ,Auckland Region,Auckland.,1/08/2024,0379500,Auckland Region,Teritorial Authority,Auckland,Polygon,Polygon,MultiPolygon,MultiPolygon,1,MultiPolygon,1
Auckland,"Robbery, blackmail, and extortion",Aggravated robbery,Wade Heads.,NZ,Auckland Region,Auckland.,1/06/2024,0174004,Auckland Region,Teritorial Authority,Auckland,Polygon,Polygon,MultiPolygon,MultiPolygon,1,MultiPolygon,1
Auckland,"Robbery, blackmail, and extortion",Aggravated robbery,Hauraki.,NZ,Auckland Region,Auckland.,1/03/2025,0323900,Auckland Region,Teritorial Authority,Auckland,Polygon,Polygon,MultiPolygon,MultiPolygon,2,MultiPolygon,2
Auckland,"Robbery, blackmail, and extortion",Blackmail or other extortion,Onehunga South West.,NZ,Auckland Region,Auckland.,1/09/2024,0601500,Auckland Region,Teritorial Authority,Auckland,Polygon,Polygon,MultiPolygon,MultiPolygon,1,MultiPolygon,1
Auckland,"Robbery, blackmail, and extortion",Aggravated robbery,Favona South.,NZ,Auckland Region,Auckland.,1/12/2023,0730706,Auckland Region,Teritorial Authority,Auckland,Polygon,Polygon,MultiPolygon,MultiPolygon,1,MultiPolygon,1
Auckland,"Robbery, blackmail, and extortion",Aggravated robbery,Starling Park.,NZ,Auckland Region,Auckland.,1/03/2024,0235727,Auckland Region,Teritorial Authority,Auckland,Polygon,Polygon,MultiPolygon,MultiPolygon,1,MultiPolygon,1
Auckland,"Robbery, blackmail, and extortion",Aggravated robbery,Manurewa Central.,NZ,Auckland Region,Auckland.,1/04/2025,0750400,Auckland Region,Teritorial Authority,Auckland,Polygon,Polygon,MultiPolygon,MultiPolygon,1,MultiPolygon,1
Auckland,"Robbery, blackmail, and extortion",Aggravated robbery,Harania East.,NZ,Auckland Region,Auckland.,1/09/2024,0732801,Auckland Region,Teritorial Authority,Auckland,Polygon,Polygon,MultiPolygon,MultiPolygon,2,MultiPolygon,2
Auckland,"Robbery, blackmail, and extortion",Aggravated robbery,Mill Road.,NZ,Auckland Region,Auckland.,1/03/2025,0760810,Auckland Region,Teritorial Authority,Auckland,Polygon,Polygon,MultiPolygon,MultiPolygon,1,MultiPolygon,1
Auckland,"Robbery, blackmail, and extortion",Aggravated robbery,Grey Lynn West.,NZ,Auckland Region,Auckland.,1/08/2023,0408600,Auckland Region,Teritorial Authority,Auckland,Polygon,Polygon,MultiPolygon,MultiPolygon,4,MultiPolygon,4
Auckland,"Robbery, blackmail, and extortion",Aggravated robbery,McLaren Park.,NZ,Auckland Region,Auckland.,1/01/2025,0281519,Auckland Region,Teritorial Authority,Auckland,Polygon,Polygon,MultiPolygon,MultiPolygon,1,MultiPolygon,1
Auckland,"Robbery, blackmail, and extortion",Aggravated robbery,Red Beach West.,NZ,Auckland Region,Auckland.,1/09/2023,0172703,Auckland Region,Teritorial Authority,Auckland,Polygon,Polygon,MultiPolygon,MultiPolygon,1,MultiPolygon,1
Auckland,"Robbery, blackmail, and extortion",Blackmail or other extortion,Wiri.,NZ,Auckland Region,Auckland.,1/07/2025,0780700,Auckland Region,Teritorial Authority,Auckland,Polygon,Polygon,MultiPolygon,MultiPolygon,1,MultiPolygon,1
Auckland,"Robbery, blackmail, and extortion",Aggravated robbery,Browns Bay.,NZ,Auckland Region,Auckland.,1/11/2023,0162200,Auckland Region,Teritorial Authority,Auckland,Polygon,Polygon,MultiPolygon,MultiPolygon,2,MultiPolygon,2
Auckland,"Robbery, blackmail, and extortion",Aggravated robbery,Harania North.,NZ,Auckland Region,Auckland.,1/09/2023,0736502,Auckland Region,Teritorial Authority,Auckland,Polygon,Polygon,MultiPolygon,MultiPolygon,1,MultiPolygon,1
Auckland,"Robbery, blackmail, and extortion",Aggravated robbery,Glendhu.,NZ,Auckland Region,Auckland.,1/12/2023,0184300,Auckland Region,Teritorial Authority,Auckland,Polygon,Polygon,MultiPolygon,MultiPolygon,1,MultiPolygon,1
Auckland,"Robbery, blackmail, and extortion",Non-aggravated robbery,Auckland Harbourside.,NZ,Auckland Region,Auckland.,1/04/2024,0438217,Auckland Region,Teritorial Authority,Auckland,Polygon,Polygon,MultiPolygon,MultiPolygon,1,MultiPolygon,1
Auckland,"Robbery, blackmail, and extortion",Aggravated robbery,Glenavon.,NZ,Auckland Region,Auckland.,1/07/2025,0379200,Auckland Region,Teritorial Authority,Auckland,Polygon,Polygon,MultiPolygon,MultiPolygon,1,MultiPolygon,1
Auckland,"Robbery, blackmail, and extortion",Non-aggravated robbery,Westgate.,NZ,Auckland Region,Auckland.,1/04/2024,0224304,Auckland Region,Teritorial Authority,Auckland,Polygon,Polygon,MultiPolygon,MultiPolygon,1,MultiPolygon,1
Auckland,"Robbery, blackmail, and extortion",Aggravated robbery,Kohimarama East.,NZ,Auckland Region,Auckland.,1/12/2024,0506900,Auckland Region,Teritorial Authority,Auckland,Polygon,Polygon,MultiPolygon,MultiPolygon,1,MultiPolygon,1
Auckland,"Robbery, blackmail, and extortion",Aggravated robbery,Otahuhu West.,NZ,Auckland Region,Auckland.,1/04/2024,0781700,Auckland Region,Teritorial Authority,Auckland,Polygon,Polygon,MultiPolygon,MultiPolygon,1,MultiPolygon,1
Auckland,"Robbery, blackmail, and extortion",Aggravated robbery,Otara South.,NZ,Auckland Region,Auckland.,1/12/2023,0708600,Auckland Region,Teritorial Authority,Auckland,Polygon,Polygon,MultiPolygon,MultiPolygon,1,MultiPolygon,1
Auckland,"Robbery, blackmail, and extortion",Aggravated robbery,Royal Heights.,NZ,Auckland Region,Auckland.,1/02/2024,0226108,Auckland Region,Teritorial Authority,Auckland,Polygon,Polygon,MultiPolygon,MultiPolygon,1,MultiPolygon,1
Auckland,"Robbery, blackmail, and extortion",Aggravated robbery,Mangere South.,NZ,Auckland Region,Auckland.,1/09/2024,0727200,Auckland Region,Teritorial Authority,Auckland,MultiPolygon,Polygon,MultiPolygon,MultiPolygon,1,MultiPolygon,1
Auckland,"Robbery, blackmail, and extortion",Aggravated robbery,Dingwall.,NZ,Auckland Region,Auckland.,1/08/2024,0666301,Auckland Region,Teritorial Authority,Auckland,Polygon,Polygon,MultiPolygon,MultiPolygon,1,MultiPolygon,1
Auckland,"Robbery, blackmail, and extortion",Aggravated robbery,Kelston Central.,NZ,Auckland Region,Auckland.,1/03/2025,0270202,Auckland Region,Teritorial Authority,Auckland,Polygon,Polygon,MultiPolygon,MultiPolygon,2,MultiPolygon,2
Auckland,"Robbery, blackmail, and extortion",Aggravated robbery,Muriwai Valley.,NZ,Auckland Region,Auckland.,1/05/2024,0218701,Auckland Region,Teritorial Authority,Auckland,Polygon,Polygon,MultiPolygon,MultiPolygon,1,MultiPolygon,1
Auckland,"Robbery, blackmail, and extortion",Aggravated robbery,Kingdale.,NZ,Auckland Region,Auckland.,1/12/2023,0232102,Auckland Region,Teritorial Authority,Auckland,Polygon,Polygon,MultiPolygon,MultiPolygon,1,MultiPolygon,1
Auckland,"Robbery, blackmail, and extortion",Aggravated robbery,Auckland Central West.,NZ,Auckland Region,Auckland.,1/03/2024,0435100,Auckland Region,Teritorial Authority,Auckland,Polygon,Polygon,MultiPolygon,MultiPolygon,1,MultiPolygon,1
Auckland,"Robbery, blackmail, and extortion",Aggravated robbery,Burbank.,NZ,Auckland Region,Auckland.,1/04/2025,0774802,Auckland Region,Teritorial Authority,Auckland,Polygon,Polygon,MultiPolygon,MultiPolygon,1,MultiPolygon,1
Auckland,"Robbery, blackmail, and extortion",Blackmail or other extortion,Auckland Central West.,NZ,Auckland Region,Auckland.,1/10/2023,0434701,Auckland Region,Teritorial Authority,Auckland,Polygon,Polygon,MultiPolygon,MultiPolygon,1,MultiPolygon,1
Auckland,"Robbery, blackmail, and extortion",Blackmail or other extortion,Oranga.,NZ,Auckland Region,Auckland.,1/01/2024,0605400,Auckland Region,Teritorial Authority,Auckland,Polygon,Polygon,MultiPolygon,MultiPolygon,1,MultiPolygon,1
Auckland,"Robbery, blackmail, and extortion",Blackmail or other extortion,Mt Wellington South.,NZ,Auckland Region,Auckland.,1/02/2024,0635601,Auckland Region,Teritorial Authority,Auckland,Polygon,Polygon,MultiPolygon,MultiPolygon,1,MultiPolygon,1
Auckland,"Robbery, blackmail, and extortion",Blackmail or other extortion,Manukau Central.,NZ,Auckland Region,Auckland.,1/06/2024,0780204,Auckland Region,Teritorial Authority,Auckland,Polygon,Polygon,MultiPolygon,MultiPolygon,1,MultiPolygon,1
Auckland,"Robbery, blackmail, and extortion",Aggravated robbery,Ellerslie South.,NZ,Auckland Region,Auckland.,1/01/2024,0612600,Auckland Region,Teritorial Authority,Auckland,Polygon,Polygon,MultiPolygon,MultiPolygon,1,MultiPolygon,1
Auckland,"Robbery, blackmail, and extortion",Aggravated robbery,Glenavon.,NZ,Auckland Region,Auckland.,1/03/2025,0378402,Auckland Region,Teritorial Authority,Auckland,Polygon,Polygon,MultiPolygon,MultiPolygon,1,MultiPolygon,1
Auckland,"Robbery, blackmail, and extortion",Aggravated robbery,Ormiston.,NZ,Auckland Region,Auckland.,1/10/2023,0712600,Auckland Region,Teritorial Authority,Auckland,Polygon,Polygon,MultiPolygon,MultiPolygon,1,MultiPolygon,1
Auckland,"Robbery, blackmail, and extortion",Aggravated robbery,Manurewa Central.,NZ,Auckland Region,Auckland.,1/06/2025,0751600,Auckland Region,Teritorial Authority,Auckland,Polygon,Polygon,MultiPolygon,MultiPolygon,1,MultiPolygon,1
Auckland,"Robbery, blackmail, and extortion",Aggravated robbery,New Windsor.,NZ,Auckland Region,Auckland.,1/05/2025,0376900,Auckland Region,Teritorial Authority,Auckland,Polygon,Polygon,MultiPolygon,MultiPolygon,1,MultiPolygon,1
Auckland,"Robbery, blackmail, and extortion",Aggravated robbery,St Lukes.,NZ,Auckland Region,Auckland.,1/09/2023,0535206,Auckland Region,Teritorial Authority,Auckland,Polygon,Polygon,MultiPolygon,MultiPolygon,1,MultiPolygon,1
Auckland,"Robbery, blackmail, and extortion",Aggravated robbery,Onehunga North East.,NZ,Auckland Region,Auckland.,1/12/2023,0592900,Auckland Region,Teritorial Authority,Auckland,Polygon,Polygon,MultiPolygon,MultiPolygon,1,MultiPolygon,1
Auckland,"Robbery, blackmail, and extortion",Non-aggravated robbery,Tangutu.,NZ,Auckland Region,Auckland.,1/04/2025,0282823,Auckland Region,Teritorial Authority,Auckland,Polygon,Polygon,MultiPolygon,MultiPolygon,1,MultiPolygon,1
Auckland,"Robbery, blackmail, and extortion",Blackmail or other extortion,Walmsley.,NZ,Auckland Region,Auckland.,1/06/2025,0575100,Auckland Region,Teritorial Authority,Auckland,Polygon,Polygon,MultiPolygon,MultiPolygon,1,MultiPolygon,1
Auckland,"Robbery, blackmail, and extortion",Non-aggravated robbery,Albany.,NZ,Auckland Region,Auckland.,1/04/2024,0179000,Auckland Region,Teritorial Authority,Auckland,Polygon,Polygon,MultiPolygon,MultiPolygon,1,MultiPolygon,1
Auckland,"Robbery, blackmail, and extortion",Blackmail or other extortion,Westlake.,NZ,Auckland Region,Auckland.,1/12/2024,0305202,Auckland Region,Teritorial Authority,Auckland,Polygon,Polygon,MultiPolygon,MultiPolygon,1,MultiPolygon,1
Auckland,"Robbery, blackmail, and extortion",Aggravated robbery,Kauri Park.,NZ,Auckland Region,Auckland.,1/02/2025,0351600,Auckland Region,Teritorial Authority,Auckland,Polygon,Polygon,MultiPolygon,MultiPolygon,1,MultiPolygon,1
Auckland,"Robbery, blackmail, and extortion",Aggravated robbery,Te Papapa.,NZ,Auckland Region,Auckland.,1/01/2024,0606300,Auckland Region,Teritorial Authority,Auckland,Polygon,Polygon,MultiPolygon,MultiPolygon,1,MultiPolygon,1
Auckland,"Robbery, blackmail, and extortion",Aggravated robbery,Glen Eden East.,NZ,Auckland Region,Auckland.,1/02/2024,0286200,Auckland Region,Teritorial Authority,Auckland,Polygon,Polygon,MultiPolygon,MultiPolygon,1,MultiPolygon,1
Auckland,"Robbery, blackmail, and extortion",Blackmail or other extortion,Kohuora.,NZ,Auckland Region,Auckland.,1/06/2024,0746308,Auckland Region,Teritorial Authority,Auckland,Polygon,Polygon,MultiPolygon,MultiPolygon,1,MultiPolygon,1
Auckland,"Robbery, blackmail, and extortion",Aggravated robbery,Redoubt North.,NZ,Auckland Region,Auckland.,1/07/2024,0715805,Auckland Region,Teritorial Authority,Auckland,Polygon,Polygon,MultiPolygon,MultiPolygon,1,MultiPolygon,1
Auckland,"Robbery, blackmail, and extortion",Aggravated robbery,Ormiston.,NZ,Auckland Region,Auckland.,1/03/2025,0713100,Auckland Region,Teritorial Authority,Auckland,Polygon,Polygon,MultiPolygon,MultiPolygon,1,MultiPolygon,1
Auckland,"Robbery, blackmail, and extortion",Aggravated robbery,Rosehill.,NZ,Auckland Region,Auckland.,1/07/2024,0804801,Auckland Region,Teritorial Authority,Auckland,Polygon,Polygon,MultiPolygon,MultiPolygon,1,MultiPolygon,1
Auckland,"Robbery, blackmail, and extortion",Aggravated robbery,Durham Green.,NZ,Auckland Region,Auckland.,1/03/2024,0245300,Auckland Region,Teritorial Authority,Auckland,Polygon,Polygon,MultiPolygon,MultiPolygon,1,MultiPolygon,1
Auckland,"Robbery, blackmail, and extortion",Aggravated robbery,Lynnmall.,NZ,Auckland Region,Auckland.,1/03/2024,0264904,Auckland Region,Teritorial Authority,Auckland,Polygon,Polygon,MultiPolygon,MultiPolygon,1,MultiPolygon,1
Auckland,"Robbery, blackmail, and extortion",Blackmail or other extortion,Lynnmall.,NZ,Auckland Region,Auckland.,1/09/2023,0266200,Auckland Region,Teritorial Authority,Auckland,Polygon,Polygon,MultiPolygon,MultiPolygon,1,MultiPolygon,1
Auckland,"Robbery, blackmail, and extortion",Aggravated robbery,Sandringham North.,NZ,Auckland Region,Auckland.,1/04/2024,0536100,Auckland Region,Teritorial Authority,Auckland,Polygon,Polygon,MultiPolygon,MultiPolygon,1,MultiPolygon,1
Auckland,"Robbery, blackmail, and extortion",Aggravated robbery,Mt Wellington South.,NZ,Auckland Region,Auckland.,1/06/2024,0637900,Auckland Region,Teritorial Authority,Auckland,Polygon,Polygon,MultiPolygon,MultiPolygon,1,MultiPolygon,1
Auckland,"Robbery, blackmail, and extortion",Aggravated robbery,Lynfield South.,NZ,Auckland Region,Auckland.,1/04/2024,0587300,Auckland Region,Teritorial Authority,Auckland,Polygon,Polygon,MultiPolygon,MultiPolygon,1,MultiPolygon,1
Auckland,"Robbery, blackmail, and extortion",Non-aggravated robbery,Auckland Central East.,NZ,Auckland Region,Auckland.,1/01/2025,0436600,Auckland Region,Teritorial Authority,Auckland,Polygon,Polygon,MultiPolygon,MultiPolygon,1,MultiPolygon,1
Auckland,"Robbery, blackmail, and extortion",Aggravated robbery,Waikowhai East.,NZ,Auckland Region,Auckland.,1/02/2025,0590701,Auckland Region,Teritorial Authority,Auckland,Polygon,Polygon,MultiPolygon,MultiPolygon,1,MultiPolygon,1
Auckland,"Robbery, blackmail, and extortion",Aggravated robbery,Clendon North.,NZ,Auckland Region,Auckland.,1/09/2023,0774404,Auckland Region,Teritorial Authority,Auckland,Polygon,Polygon,MultiPolygon,MultiPolygon,1,MultiPolygon,1
Auckland,"Robbery, blackmail, and extortion",Aggravated robbery,Takapuna Central.,NZ,Auckland Region,Auckland.,1/07/2025,0326400,Auckland Region,Teritorial Authority,Auckland,Polygon,Polygon,MultiPolygon,MultiPolygon,1,MultiPolygon,1
Auckland,"Robbery, blackmail, and extortion",Aggravated robbery,Bucklands Beach South.,NZ,Auckland Region,Auckland.,1/11/2023,0677700,Auckland Region,Teritorial Authority,Auckland,Polygon,Polygon,MultiPolygon,MultiPolygon,2,MultiPolygon,2
Auckland,"Robbery, blackmail, and extortion",Aggravated robbery,Fairburn.,NZ,Auckland Region,Auckland.,1/08/2023,0789201,Auckland Region,Teritorial Authority,Auckland,Polygon,Polygon,MultiPolygon,MultiPolygon,1,MultiPolygon,1
Auckland,"Robbery, blackmail, and extortion",Blackmail or other extortion,Glenfield Central.,NZ,Auckland Region,Auckland.,1/12/2023,0200300,Auckland Region,Teritorial Authority,Auckland,Polygon,Polygon,MultiPolygon,MultiPolygon,1,MultiPolygon,1
Auckland,"Robbery, blackmail, and extortion",Aggravated robbery,Wakeling.,NZ,Auckland Region,Auckland.,1/04/2024,0252300,Auckland Region,Teritorial Authority,Auckland,Polygon,Polygon,MultiPolygon,MultiPolygon,1,MultiPolygon,1
Auckland,"Robbery, blackmail, and extortion",Aggravated robbery,Harania North.,NZ,Auckland Region,Auckland.,1/06/2025,0733900,Auckland Region,Teritorial Authority,Auckland,Polygon,Polygon,MultiPolygon,MultiPolygon,1,MultiPolygon,1
Auckland,"Robbery, blackmail, and extortion",Aggravated robbery,Takapuna Central.,NZ,Auckland Region,Auckland.,1/04/2024,0327000,Auckland Region,Teritorial Authority,Auckland,Polygon,Polygon,MultiPolygon,MultiPolygon,1,MultiPolygon,1
Auckland,"Robbery, blackmail, and extortion",Blackmail or other extortion,Redoubt East.,NZ,Auckland Region,Auckland.,1/12/2024,0716605,Auckland Region,Teritorial Authority,Auckland,Polygon,Polygon,MultiPolygon,MultiPolygon,1,MultiPolygon,1
Auckland,"Robbery, blackmail, and extortion",Aggravated robbery,Springleigh.,NZ,Auckland Region,Auckland.,1/11/2024,0524800,Auckland Region,Teritorial Authority,Auckland,Polygon,Polygon,MultiPolygon,MultiPolygon,1,MultiPolygon,1
Auckland,"Robbery, blackmail, and extortion",Aggravated robbery,Glen Innes West.,NZ,Auckland Region,Auckland.,1/03/2024,0469800,Auckland Region,Teritorial Authority,Auckland,Polygon,Polygon,MultiPolygon,MultiPolygon,1,MultiPolygon,1
Auckland,"Robbery, blackmail, and extortion",Non-aggravated robbery,Clendon South.,NZ,Auckland Region,Auckland.,1/02/2024,0774449,Auckland Region,Teritorial Authority,Auckland,Polygon,Polygon,MultiPolygon,MultiPolygon,1,MultiPolygon,1
Auckland,"Robbery, blackmail, and extortion",Aggravated robbery,Rongomai.,NZ,Auckland Region,Auckland.,1/09/2024,0713005,Auckland Region,Teritorial Authority,Auckland,Polygon,Polygon,MultiPolygon,MultiPolygon,1,MultiPolygon,1
Auckland,"Robbery, blackmail, and extortion",Aggravated robbery,Orewa.,NZ,Auckland Region,Auckland.,1/06/2024,0171305,Auckland Region,Teritorial Authority,Auckland,MultiPolygon,Polygon,MultiPolygon,MultiPolygon,1,MultiPolygon,1
Auckland,"Robbery, blackmail, and extortion",Aggravated robbery,Owairaka East.,NZ,Auckland Region,Auckland.,1/03/2025,0518000,Auckland Region,Teritorial Authority,Auckland,Polygon,Polygon,MultiPolygon,MultiPolygon,1,MultiPolygon,1
Auckland,"Robbery, blackmail, and extortion",Non-aggravated robbery,Urlich.,NZ,Auckland Region,Auckland.,1/10/2024,0235718,Auckland Region,Teritorial Authority,Auckland,Polygon,Polygon,MultiPolygon,MultiPolygon,1,MultiPolygon,1
Auckland,"Robbery, blackmail, and extortion",Non-aggravated robbery,Viscount.,NZ,Auckland Region,Auckland.,1/02/2024,0739802,Auckland Region,Teritorial Authority,Auckland,Polygon,Polygon,MultiPolygon,MultiPolygon,1,MultiPolygon,1
Auckland,"Robbery, blackmail, and extortion",Non-aggravated robbery,Highbrook.,NZ,Auckland Region,Auckland.,1/03/2024,0711404,Auckland Region,Teritorial Authority,Auckland,Polygon,Polygon,MultiPolygon,MultiPolygon,1,MultiPolygon,1
Auckland,"Robbery, blackmail, and extortion",Aggravated robbery,Takanini South.,NZ,Auckland Region,Auckland.,1/03/2024,0767705,Auckland Region,Teritorial Authority,Auckland,Polygon,Polygon,MultiPolygon,MultiPolygon,2,MultiPolygon,2
Auckland,"Robbery, blackmail, and extortion",Aggravated robbery,Mangere Central.,NZ,Auckland Region,Auckland.,1/10/2023,0740500,Auckland Region,Teritorial Authority,Auckland,Polygon,Polygon,MultiPolygon,MultiPolygon,1,MultiPolygon,1
Auckland,"Robbery, blackmail, and extortion",Aggravated robbery,Rowandale.,NZ,Auckland Region,Auckland.,1/02/2025,0775813,Auckland Region,Teritorial Authority,Auckland,Polygon,Polygon,MultiPolygon,MultiPolygon,1,MultiPolygon,1
Auckland,"Robbery, blackmail, and extortion",Blackmail or other extortion,Papakura North East.,NZ,Auckland Region,Auckland.,1/11/2024,0795001,Auckland Region,Teritorial Authority,Auckland,Polygon,Polygon,MultiPolygon,MultiPolygon,1,MultiPolygon,1
Auckland,"Robbery, blackmail, and extortion",Aggravated robbery,Henderson South.,NZ,Auckland Region,Auckland.,1/06/2025,0244100,Auckland Region,Teritorial Authority,Auckland,Polygon,Polygon,MultiPolygon,MultiPolygon,1,MultiPolygon,1
Auckland,"Robbery, blackmail, and extortion",Aggravated robbery,Henderson North.,NZ,Auckland Region,Auckland.,1/05/2025,0240401,Auckland Region,Teritorial Authority,Auckland,Polygon,Polygon,MultiPolygon,MultiPolygon,1,MultiPolygon,1
Auckland,"Robbery, blackmail, and extortion",Aggravated robbery,Ferndale.,NZ,Auckland Region,Auckland.,1/09/2023,0644200,Auckland Region,Teritorial Authority,Auckland,Polygon,Polygon,MultiPolygon,MultiPolygon,1,MultiPolygon,1
Auckland,"Robbery, blackmail, and extortion",Blackmail or other extortion,Sunnyvale.,NZ,Auckland Region,Auckland.,1/12/2023,0276201,Auckland Region,Teritorial Authority,Auckland,Polygon,Polygon,MultiPolygon,MultiPolygon,1,MultiPolygon,1
Auckland,"Robbery, blackmail, and extortion",Aggravated robbery,Orewa.,NZ,Auckland Region,Auckland.,1/04/2025,0176408,Auckland Region,Teritorial Authority,Auckland,MultiPolygon,Polygon,MultiPolygon,MultiPolygon,1,MultiPolygon,1
Auckland,"Robbery, blackmail, and extortion",Blackmail or other extortion,Pigeon Mountain North.,NZ,Auckland Region,Auckland.,1/05/2025,0680714,Auckland Region,Teritorial Authority,Auckland,Polygon,Polygon,MultiPolygon,MultiPolygon,1,MultiPolygon,1
Auckland,"Robbery, blackmail, and extortion",Aggravated robbery,Fairburn.,NZ,Auckland Region,Auckland.,1/03/2024,0788201,Auckland Region,Teritorial Authority,Auckland,Polygon,Polygon,MultiPolygon,MultiPolygon,1,MultiPolygon,1
Auckland,"Robbery, blackmail, and extortion",Aggravated robbery,Otahuhu West.,NZ,Auckland Region,Auckland.,1/11/2024,0781500,Auckland Region,Teritorial Authority,Auckland,Polygon,Polygon,MultiPolygon,MultiPolygon,1,MultiPolygon,1
Auckland,"Robbery, blackmail, and extortion",Aggravated robbery,Auckland Central East.,NZ,Auckland Region,Auckland.,1/02/2024,0437600,Auckland Region,Teritorial Authority,Auckland,Polygon,Polygon,MultiPolygon,MultiPolygon,1,MultiPolygon,1
Auckland,"Robbery, blackmail, and extortion",Aggravated robbery,Manukau Central.,NZ,Auckland Region,Auckland.,1/09/2024,0780204,Auckland Region,Teritorial Authority,Auckland,Polygon,Polygon,MultiPolygon,MultiPolygon,1,MultiPolygon,1
Auckland,"Robbery, blackmail, and extortion",Aggravated robbery,Orewa.,NZ,Auckland Region,Auckland.,1/06/2024,0172102,Auckland Region,Teritorial Authority,Auckland,MultiPolygon,Polygon,MultiPolygon,MultiPolygon,1,MultiPolygon,1
Auckland,"Robbery, blackmail, and extortion",Aggravated robbery,Kauri Park.,NZ,Auckland Region,Auckland.,1/02/2025,0351600,Auckland Region,Teritorial Authority,Auckland,Polygon,Polygon,MultiPolygon,MultiPolygon,1,MultiPolygon,1
Auckland,"Robbery, blackmail, and extortion",Blackmail or other extortion,Otimai.,NZ,Auckland Region,Auckland.,1/06/2024,0279600,Auckland Region,Teritorial Authority,Auckland,Polygon,Polygon,MultiPolygon,MultiPolygon,1,MultiPolygon,1
Auckland,"Robbery, blackmail, and extortion",Non-aggravated robbery,Otahuhu West.,NZ,Auckland Region,Auckland.,1/03/2024,0782900,Auckland Region,Teritorial Authority,Auckland,Polygon,Polygon,MultiPolygon,MultiPolygon,1,MultiPolygon,1
Auckland,"Robbery, blackmail, and extortion",Non-aggravated robbery,Woodglen.,NZ,Auckland Region,Auckland.,1/03/2024,0284702,Auckland Region,Teritorial Authority,Auckland,Polygon,Polygon,MultiPolygon,MultiPolygon,1,MultiPolygon,1
Auckland,"Robbery, blackmail, and extortion",Blackmail or other extortion,Remuera South.,NZ,Auckland Region,Auckland.,1/06/2024,0494100,Auckland Region,Teritorial Authority,Auckland,Polygon,Polygon,MultiPolygon,MultiPolygon,1,MultiPolygon,1
Auckland,"Robbery, blackmail, and extortion",Aggravated robbery,Manukau Central.,NZ,Auckland Region,Auckland.,1/12/2023,0781302,Auckland Region,Teritorial Authority,Auckland,Polygon,Polygon,MultiPolygon,MultiPolygon,1,MultiPolygon,1
Auckland,"Robbery, blackmail, and extortion",Aggravated robbery,Wattle Farm.,NZ,Auckland Region,Auckland.,1/06/2025,0769012,Auckland Region,Teritorial Authority,Auckland,Polygon,Polygon,MultiPolygon,MultiPolygon,1,MultiPolygon,1
Auckland,"Robbery, blackmail, and extortion",Aggravated robbery,Lynfield North.,NZ,Auckland Region,Auckland.,1/06/2025,0586000,Auckland Region,Teritorial Authority,Auckland,Polygon,Polygon,MultiPolygon,MultiPolygon,1,MultiPolygon,1
Auckland,"Robbery, blackmail, and extortion",Aggravated robbery,Parnell West.,NZ,Auckland Region,Auckland.,1/09/2023,0452000,Auckland Region,Teritorial Authority,Auckland,Polygon,Polygon,MultiPolygon,MultiPolygon,1,MultiPolygon,1
Auckland,"Robbery, blackmail, and extortion",Blackmail or other extortion,Te Papapa.,NZ,Auckland Region,Auckland.,1/01/2024,0607000,Auckland Region,Teritorial Authority,Auckland,Polygon,Polygon,MultiPolygon,MultiPolygon,1,MultiPolygon,1
Auckland,"Robbery, blackmail, and extortion",Aggravated robbery,Royal Oak.,NZ,Auckland Region,Auckland.,1/07/2025,0566000,Auckland Region,Teritorial Authority,Auckland,Polygon,Polygon,MultiPolygon,MultiPolygon,1,MultiPolygon,1
Auckland,"Robbery, blackmail, and extortion",Aggravated robbery,Lynnmall.,NZ,Auckland Region,Auckland.,1/04/2024,0264901,Auckland Region,Teritorial Authority,Auckland,Polygon,Polygon,MultiPolygon,MultiPolygon,1,MultiPolygon,1
Auckland,"Robbery, blackmail, and extortion",Aggravated robbery,New Windsor.,NZ,Auckland Region,Auckland.,1/04/2025,0377302,Auckland Region,Teritorial Authority,Auckland,Polygon,Polygon,MultiPolygon,MultiPolygon,2,MultiPolygon,2
Auckland,"Robbery, blackmail, and extortion",Blackmail or other extortion,Manukau Central.,NZ,Auckland Region,Auckland.,1/02/2024,0780209,Auckland Region,Teritorial Authority,Auckland,Polygon,Polygon,MultiPolygon,MultiPolygon,1,MultiPolygon,1
Auckland,"Robbery, blackmail, and extortion",Aggravated robbery,Auckland Central East.,NZ,Auckland Region,Auckland.,1/05/2024,0436500,Auckland Region,Teritorial Authority,Auckland,Polygon,Polygon,MultiPolygon,MultiPolygon,1,MultiPolygon,1
Auckland,"Robbery, blackmail, and extortion",Aggravated robbery,Orewa.,NZ,Auckland Region,Auckland.,1/06/2024,0171202,Auckland Region,Teritorial Authority,Auckland,MultiPolygon,Polygon,MultiPolygon,MultiPolygon,1,MultiPolygon,1
Auckland,"Robbery, blackmail, and extortion",Blackmail or other extortion,Puhinui South.,NZ,Auckland Region,Auckland.,1/07/2024,0780205,Auckland Region,Teritorial Authority,Auckland,Polygon,Polygon,MultiPolygon,MultiPolygon,1,MultiPolygon,1
Auckland,"Robbery, blackmail, and extortion",Non-aggravated robbery,Westgate.,NZ,Auckland Region,Auckland.,1/08/2024,0224312,Auckland Region,Teritorial Authority,Auckland,Polygon,Polygon,MultiPolygon,MultiPolygon,1,MultiPolygon,1
Auckland,"Robbery, blackmail, and extortion",Non-aggravated robbery,Papatoetoe Central.,NZ,Auckland Region,Auckland.,1/12/2023,0665000,Auckland Region,Teritorial Authority,Auckland,Polygon,Polygon,MultiPolygon,MultiPolygon,1,MultiPolygon,1
Auckland,"Robbery, blackmail, and extortion",Non-aggravated robbery,Auckland Central West.,NZ,Auckland Region,Auckland.,1/04/2024,0434701,Auckland Region,Teritorial Authority,Auckland,Polygon,Polygon,MultiPolygon,MultiPolygon,1,MultiPolygon,1
Auckland,"Robbery, blackmail, and extortion",Aggravated robbery,Hillsborough West.,NZ,Auckland Region,Auckland.,1/04/2025,0569600,Auckland Region,Teritorial Authority,Auckland,Polygon,Polygon,MultiPolygon,MultiPolygon,1,MultiPolygon,1
Auckland,"Robbery, blackmail, and extortion",Aggravated robbery,Point Chevalier East.,NZ,Auckland Region,Auckland.,1/09/2023,0390701,Auckland Region,Teritorial Authority,Auckland,Polygon,Polygon,MultiPolygon,MultiPolygon,3,MultiPolygon,3
Auckland,"Robbery, blackmail, and extortion",Aggravated robbery,Auckland Central West.,NZ,Auckland Region,Auckland.,1/03/2025,0433600,Auckland Region,Teritorial Authority,Auckland,Polygon,Polygon,MultiPolygon,MultiPolygon,1,MultiPolygon,1
Auckland,"Robbery, blackmail, and extortion",Aggravated robbery,Glenfield Central.,NZ,Auckland Region,Auckland.,1/02/2025,0200100,Auckland Region,Teritorial Authority,Auckland,Polygon,Polygon,MultiPolygon,MultiPolygon,1,MultiPolygon,1
Auckland,"Robbery, blackmail, and extortion",Aggravated robbery,Walmsley.,NZ,Auckland Region,Auckland.,1/11/2023,0574900,Auckland Region,Teritorial Authority,Auckland,Polygon,Polygon,MultiPolygon,MultiPolygon,1,MultiPolygon,1
Auckland,"Robbery, blackmail, and extortion",Aggravated robbery,Papakura Central.,NZ,Auckland Region,Auckland.,1/04/2025,0793604,Auckland Region,Teritorial Authority,Auckland,Polygon,Polygon,MultiPolygon,MultiPolygon,1,MultiPolygon,1
Auckland,"Robbery, blackmail, and extortion",Aggravated robbery,Homai East.,NZ,Auckland Region,Auckland.,1/11/2024,0778100,Auckland Region,Teritorial Authority,Auckland,Polygon,Polygon,MultiPolygon,MultiPolygon,3,MultiPolygon,3
Auckland,"Robbery, blackmail, and extortion",Aggravated robbery,Auckland Central West.,NZ,Auckland Region,Auckland.,1/02/2024,0433200,Auckland Region,Teritorial Authority,Auckland,Polygon,Polygon,MultiPolygon,MultiPolygon,1,MultiPolygon,1
Auckland,"Robbery, blackmail, and extortion",Aggravated robbery,Freemans Bay.,NZ,Auckland Region,Auckland.,1/05/2024,0415800,Auckland Region,Teritorial Authority,Auckland,Polygon,Polygon,MultiPolygon,MultiPolygon,1,MultiPolygon,1
Auckland,"Robbery, blackmail, and extortion",Blackmail or other extortion,Manukau Central.,NZ,Auckland Region,Auckland.,1/02/2025,0780209,Auckland Region,Teritorial Authority,Auckland,Polygon,Polygon,MultiPolygon,MultiPolygon,6,MultiPolygon,6
Auckland,"Robbery, blackmail, and extortion",Aggravated robbery,Monarch Park.,NZ,Auckland Region,Auckland.,1/09/2024,0207301,Auckland Region,Teritorial Authority,Auckland,Polygon,Polygon,MultiPolygon,MultiPolygon,1,MultiPolygon,1
Auckland,"Robbery, blackmail, and extortion",Non-aggravated robbery,Kingseat.,NZ,Auckland Region,Auckland.,1/02/2024,0813200,Auckland Region,Teritorial Authority,Auckland,Polygon,Polygon,MultiPolygon,MultiPolygon,1,MultiPolygon,1
Auckland,"Robbery, blackmail, and extortion",Aggravated robbery,Onehunga South East.,NZ,Auckland Region,Auckland.,1/04/2024,0600800,Auckland Region,Teritorial Authority,Auckland,Polygon,Polygon,MultiPolygon,MultiPolygon,1,MultiPolygon,1
Auckland,"Robbery, blackmail, and extortion",Aggravated robbery,Dannemora.,NZ,Auckland Region,Auckland.,1/04/2024,0711709,Auckland Region,Teritorial Authority,Auckland,Polygon,Polygon,MultiPolygon,MultiPolygon,1,MultiPolygon,1
Auckland,"Robbery, blackmail, and extortion",Aggravated robbery,Auckland Central West.,NZ,Auckland Region,Auckland.,1/03/2024,0433403,Auckland Region,Teritorial Authority,Auckland,Polygon,Polygon,MultiPolygon,MultiPolygon,2,MultiPolygon,2
Auckland,"Robbery, blackmail, and extortion",Blackmail or other extortion,Abbotts Park.,NZ,Auckland Region,Auckland.,1/12/2024,0495600,Auckland Region,Teritorial Authority,Auckland,Polygon,Polygon,MultiPolygon,MultiPolygon,1,MultiPolygon,1
Auckland,"Robbery, blackmail, and extortion",Aggravated robbery,Elsmore Park.,NZ,Auckland Region,Auckland.,1/04/2025,0681304,Auckland Region,Teritorial Authority,Auckland,Polygon,Polygon,MultiPolygon,MultiPolygon,1,MultiPolygon,1
Auckland,"Robbery, blackmail, and extortion",Blackmail or other extortion,Homai East.,NZ,Auckland Region,Auckland.,1/07/2025,0777601,Auckland Region,Teritorial Authority,Auckland,Polygon,Polygon,MultiPolygon,MultiPolygon,1,MultiPolygon,1
Auckland,"Robbery, blackmail, and extortion",Blackmail or other extortion,St Heliers.,NZ,Auckland Region,Auckland.,1/11/2024,0508400,Auckland Region,Teritorial Authority,Auckland,Polygon,Polygon,MultiPolygon,MultiPolygon,1,MultiPolygon,1
Auckland,"Robbery, blackmail, and extortion",Aggravated robbery,Puhinui North.,NZ,Auckland Region,Auckland.,1/09/2023,0673203,Auckland Region,Teritorial Authority,Auckland,Polygon,Polygon,MultiPolygon,MultiPolygon,1,MultiPolygon,1
Auckland,"Robbery, blackmail, and extortion",Aggravated robbery,Clendon South.,NZ,Auckland Region,Auckland.,1/01/2025,0774449,Auckland Region,Teritorial Authority,Auckland,Polygon,Polygon,MultiPolygon,MultiPolygon,1,MultiPolygon,1
Auckland,"Robbery, blackmail, and extortion",Aggravated robbery,Aorere.,NZ,Auckland Region,Auckland.,1/09/2024,0745700,Auckland Region,Teritorial Authority,Auckland,Polygon,Polygon,MultiPolygon,MultiPolygon,2,MultiPolygon,2
Auckland,"Robbery, blackmail, and extortion",Aggravated robbery,Edmonton.,NZ,Auckland Region,Auckland.,1/06/2025,0256700,Auckland Region,Teritorial Authority,Auckland,Polygon,Polygon,MultiPolygon,MultiPolygon,2,MultiPolygon,2
Auckland,"Robbery, blackmail, and extortion",Aggravated robbery,Beachhaven South.,NZ,Auckland Region,Auckland.,1/11/2024,0344400,Auckland Region,Teritorial Authority,Auckland,Polygon,Polygon,MultiPolygon,MultiPolygon,1,MultiPolygon,1
Auckland,"Robbery, blackmail, and extortion",Aggravated robbery,Te Atatu Central.,NZ,Auckland Region,Auckland.,1/03/2025,0251700,Auckland Region,Teritorial Authority,Auckland,Polygon,Polygon,MultiPolygon,MultiPolygon,2,MultiPolygon,2
Auckland,"Robbery, blackmail, and extortion",Aggravated robbery,Birkdale North.,NZ,Auckland Region,Auckland.,1/11/2023,0348000,Auckland Region,Teritorial Authority,Auckland,Polygon,Polygon,MultiPolygon,MultiPolygon,3,MultiPolygon,3
Auckland,"Robbery, blackmail, and extortion",Non-aggravated robbery,Auckland Central West.,NZ,Auckland Region,Auckland.,1/05/2025,0433502,Auckland Region,Teritorial Authority,Auckland,Polygon,Polygon,MultiPolygon,MultiPolygon,1,MultiPolygon,1
Auckland,"Robbery, blackmail, and extortion",Aggravated robbery,Favona West.,NZ,Auckland Region,Auckland.,1/04/2025,0731104,Auckland Region,Teritorial Authority,Auckland,Polygon,Polygon,MultiPolygon,MultiPolygon,1,MultiPolygon,1
Auckland,"Robbery, blackmail, and extortion",Aggravated robbery,Manurewa Central.,NZ,Auckland Region,Auckland.,1/02/2024,0752400,Auckland Region,Teritorial Authority,Auckland,Polygon,Polygon,MultiPolygon,MultiPolygon,1,MultiPolygon,1
Auckland,"Robbery, blackmail, and extortion",Aggravated robbery,Randwick Park.,NZ,Auckland Region,Auckland.,1/07/2024,0759736,Auckland Region,Teritorial Authority,Auckland,Polygon,Polygon,MultiPolygon,MultiPolygon,1,MultiPolygon,1
Auckland,"Robbery, blackmail, and extortion",Aggravated robbery,Target Road.,NZ,Auckland Region,Auckland.,1/02/2025,0183800,Auckland Region,Teritorial Authority,Auckland,Polygon,Polygon,MultiPolygon,MultiPolygon,1,MultiPolygon,1
Auckland,"Robbery, blackmail, and extortion",Aggravated robbery,Leabank.,NZ,Auckland Region,Auckland.,1/09/2024,0771100,Auckland Region,Teritorial Authority,Auckland,Polygon,Polygon,MultiPolygon,MultiPolygon,1,MultiPolygon,1
Auckland,"Robbery, blackmail, and extortion",Blackmail or other extortion,Auckland Central East.,NZ,Auckland Region,Auckland.,1/12/2023,0436600,Auckland Region,Teritorial Authority,Auckland,Polygon,Polygon,MultiPolygon,MultiPolygon,1,MultiPolygon,1
Auckland,"Robbery, blackmail, and extortion",Aggravated robbery,Onehunga South West.,NZ,Auckland Region,Auckland.,1/04/2024,0598001,Auckland Region,Teritorial Authority,Auckland,Polygon,Polygon,MultiPolygon,MultiPolygon,1,MultiPolygon,1
Auckland,"Robbery, blackmail, and extortion",Blackmail or other extortion,Orakei North.,NZ,Auckland Region,Auckland.,1/04/2024,0497500,Auckland Region,Teritorial Authority,Auckland,Polygon,Polygon,MultiPolygon,MultiPolygon,1,MultiPolygon,1
Auckland,"Robbery, blackmail, and extortion",Aggravated robbery,St Lukes.,NZ,Auckland Region,Auckland.,1/03/2024,0533800,Auckland Region,Teritorial Authority,Auckland,Polygon,Polygon,MultiPolygon,MultiPolygon,2,MultiPolygon,2
Auckland,"Robbery, blackmail, and extortion",Aggravated robbery,Glenavon.,NZ,Auckland Region,Auckland.,1/02/2024,0381200,Auckland Region,Teritorial Authority,Auckland,Polygon,Polygon,MultiPolygon,MultiPolygon,1,MultiPolygon,1
Auckland,"Robbery, blackmail, and extortion",Aggravated robbery,Windsor Park.,NZ,Auckland Region,Auckland.,1/03/2024,0180827,Auckland Region,Teritorial Authority,Auckland,Polygon,Polygon,MultiPolygon,MultiPolygon,1,MultiPolygon,1
Auckland,"Robbery, blackmail, and extortion",Aggravated robbery,Otahuhu West.,NZ,Auckland Region,Auckland.,1/03/2025,0783800,Auckland Region,Teritorial Authority,Auckland,Polygon,Polygon,MultiPolygon,MultiPolygon,1,MultiPolygon,1
Auckland,"Robbery, blackmail, and extortion",Blackmail or other extortion,Point England.,NZ,Auckland Region,Auckland.,1/12/2024,0477600,Auckland Region,Teritorial Authority,Auckland,Polygon,Polygon,MultiPolygon,MultiPolygon,1,MultiPolygon,1
Auckland,"Robbery, blackmail, and extortion",Aggravated robbery,Otahuhu West.,NZ,Auckland Region,Auckland.,1/08/2023,0782000,Auckland Region,Teritorial Authority,Auckland,Polygon,Polygon,MultiPolygon,MultiPolygon,1,MultiPolygon,1
Auckland,"Robbery, blackmail, and extortion",Aggravated robbery,St Lukes.,NZ,Auckland Region,Auckland.,1/05/2025,0534700,Auckland Region,Teritorial Authority,Auckland,Polygon,Polygon,MultiPolygon,MultiPolygon,1,MultiPolygon,1
Auckland,"Robbery, blackmail, and extortion",Aggravated robbery,Wiri.,NZ,Auckland Region,Auckland.,1/07/2025,0780501,Auckland Region,Teritorial Authority,Auckland,Polygon,Polygon,MultiPolygon,MultiPolygon,1,MultiPolygon,1
Auckland,"Robbery, blackmail, and extortion",Aggravated robbery,Papakura South.,NZ,Auckland Region,Auckland.,1/01/2025,0801500,Auckland Region,Teritorial Authority,Auckland,Polygon,Polygon,MultiPolygon,MultiPolygon,1,MultiPolygon,1
Auckland,"Robbery, blackmail, and extortion",Blackmail or other extortion,Lynnmall.,NZ,Auckland Region,Auckland.,1/12/2023,0266000,Auckland Region,Teritorial Authority,Auckland,Polygon,Polygon,MultiPolygon,MultiPolygon,1,MultiPolygon,1
Auckland,"Robbery, blackmail, and extortion",Aggravated robbery,Weiti River.,NZ,Auckland Region,Auckland.,1/07/2025,0175501,Auckland Region,Teritorial Authority,Auckland,Polygon,Polygon,MultiPolygon,MultiPolygon,1,MultiPolygon,1
Auckland,"Robbery, blackmail, and extortion",Aggravated robbery,Beachhaven North.,NZ,Auckland Region,Auckland.,1/02/2024,0342600,Auckland Region,Teritorial Authority,Auckland,Polygon,Polygon,MultiPolygon,MultiPolygon,1,MultiPolygon,1
Auckland,"Robbery, blackmail, and extortion",Aggravated robbery,Woodglen.,NZ,Auckland Region,Auckland.,1/10/2024,0284400,Auckland Region,Teritorial Authority,Auckland,Polygon,Polygon,MultiPolygon,MultiPolygon,3,MultiPolygon,3
Auckland,"Robbery, blackmail, and extortion",Aggravated robbery,Auckland Central West.,NZ,Auckland Region,Auckland.,1/02/2024,0433200,Auckland Region,Teritorial Authority,Auckland,Polygon,Polygon,MultiPolygon,MultiPolygon,1,MultiPolygon,1
Auckland,"Robbery, blackmail, and extortion",Aggravated robbery,Puhinui North.,NZ,Auckland Region,Auckland.,1/05/2024,0672500,Auckland Region,Teritorial Authority,Auckland,Polygon,Polygon,MultiPolygon,MultiPolygon,1,MultiPolygon,1
Auckland,"Robbery, blackmail, and extortion",Aggravated robbery,Onehunga North West.,NZ,Auckland Region,Auckland.,1/05/2024,0594800,Auckland Region,Teritorial Authority,Auckland,Polygon,Polygon,MultiPolygon,MultiPolygon,1,MultiPolygon,1
Auckland,"Robbery, blackmail, and extortion",Aggravated robbery,Sunnyvale.,NZ,Auckland Region,Auckland.,1/08/2024,0277802,Auckland Region,Teritorial Authority,Auckland,Polygon,Polygon,MultiPolygon,MultiPolygon,1,MultiPolygon,1
Auckland,"Robbery, blackmail, and extortion",Aggravated robbery,Puhinui North.,NZ,Auckland Region,Auckland.,1/09/2024,0673301,Auckland Region,Teritorial Authority,Auckland,Polygon,Polygon,MultiPolygon,MultiPolygon,1,MultiPolygon,1
Auckland,"Robbery, blackmail, and extortion",Aggravated robbery,Wesley.,NZ,Auckland Region,Auckland.,1/11/2023,0579200,Auckland Region,Teritorial Authority,Auckland,Polygon,Polygon,MultiPolygon,MultiPolygon,1,MultiPolygon,1
Auckland,"Robbery, blackmail, and extortion",Aggravated robbery,Urlich.,NZ,Auckland Region,Auckland.,1/04/2025,0235003,Auckland Region,Teritorial Authority,Auckland,Polygon,Polygon,MultiPolygon,MultiPolygon,1,MultiPolygon,1
Auckland,"Robbery, blackmail, and extortion",Aggravated robbery,Newmarket.,NZ,Auckland Region,Auckland.,1/09/2023,0451300,Auckland Region,Teritorial Authority,Auckland,Polygon,Polygon,MultiPolygon,MultiPolygon,1,MultiPolygon,1
Auckland,"Robbery, blackmail, and extortion",Blackmail or other extortion,Ponsonby West.,NZ,Auckland Region,Auckland.,1/04/2025,0426601,Auckland Region,Teritorial Authority,Auckland,Polygon,Polygon,MultiPolygon,MultiPolygon,1,MultiPolygon,1
Auckland,"Robbery, blackmail, and extortion",Aggravated robbery,Surrey Crescent.,NZ,Auckland Region,Auckland.,1/02/2024,0406101,Auckland Region,Teritorial Authority,Auckland,Polygon,Polygon,MultiPolygon,MultiPolygon,3,MultiPolygon,3
Auckland,"Robbery, blackmail, and extortion",Aggravated robbery,Walmsley.,NZ,Auckland Region,Auckland.,1/05/2024,0576700,Auckland Region,Teritorial Authority,Auckland,Polygon,Polygon,MultiPolygon,MultiPolygon,1,MultiPolygon,1
Auckland,"Robbery, blackmail, and extortion",Blackmail or other extortion,Grafton East.,NZ,Auckland Region,Auckland.,1/07/2024,0442800,Auckland Region,Teritorial Authority,Auckland,Polygon,Polygon,MultiPolygon,MultiPolygon,1,MultiPolygon,1
Auckland,"Robbery, blackmail, and extortion",Blackmail or other extortion,Hauraki.,NZ,Auckland Region,Auckland.,1/04/2024,0325402,Auckland Region,Teritorial Authority,Auckland,Polygon,Polygon,MultiPolygon,MultiPolygon,1,MultiPolygon,1
Auckland,"Robbery, blackmail, and extortion",Aggravated robbery,Lynnmall.,NZ,Auckland Region,Auckland.,1/04/2024,0266000,Auckland Region,Teritorial Authority,Auckland,Polygon,Polygon,MultiPolygon,MultiPolygon,1,MultiPolygon,1
Auckland,"Robbery, blackmail, and extortion",Aggravated robbery,Helensville.,NZ,Auckland Region,Auckland.,1/04/2025,0208904,Auckland Region,Teritorial Authority,Auckland,Polygon,Polygon,MultiPolygon,MultiPolygon,1,MultiPolygon,1
Auckland,"Robbery, blackmail, and extortion",Aggravated robbery,Donegal Park.,NZ,Auckland Region,Auckland.,1/01/2025,0713201,Auckland Region,Teritorial Authority,Auckland,Polygon,Polygon,MultiPolygon,MultiPolygon,1,MultiPolygon,1
Auckland,"Robbery, blackmail, and extortion",Aggravated robbery,Westmere.,NZ,Auckland Region,Auckland.,1/07/2024,0400200,Auckland Region,Teritorial Authority,Auckland,Polygon,Polygon,MultiPolygon,MultiPolygon,1,MultiPolygon,1
Auckland,"Robbery, blackmail, and extortion",Aggravated robbery,Mt Wellington South.,NZ,Auckland Region,Auckland.,1/04/2025,0637500,Auckland Region,Teritorial Authority,Auckland,Polygon,Polygon,MultiPolygon,MultiPolygon,2,MultiPolygon,2
Auckland,"Robbery, blackmail, and extortion",Aggravated robbery,Auckland Harbourside.,NZ,Auckland Region,Auckland.,1/07/2025,0437903,Auckland Region,Teritorial Authority,Auckland,Polygon,Polygon,MultiPolygon,MultiPolygon,1,MultiPolygon,1
Auckland,"Robbery, blackmail, and extortion",Blackmail or other extortion,Manukau Central.,NZ,Auckland Region,Auckland.,1/06/2025,0780204,Auckland Region,Teritorial Authority,Auckland,Polygon,Polygon,MultiPolygon,MultiPolygon,1,MultiPolygon,1
Auckland,"Robbery, blackmail, and extortion",Aggravated robbery,West Harbour.,NZ,Auckland Region,Auckland.,1/04/2025,0224242,Auckland Region,Teritorial Authority,Auckland,Polygon,Polygon,MultiPolygon,MultiPolygon,1,MultiPolygon,1
Auckland,"Robbery, blackmail, and extortion",Blackmail or other extortion,Redoubt North.,NZ,Auckland Region,Auckland.,1/11/2024,0715803,Auckland Region,Teritorial Authority,Auckland,Polygon,Polygon,MultiPolygon,MultiPolygon,3,MultiPolygon,3
Auckland,"Robbery, blackmail, and extortion",Aggravated robbery,Homai East.,NZ,Auckland Region,Auckland.,1/12/2024,0779700,Auckland Region,Teritorial Authority,Auckland,Polygon,Polygon,MultiPolygon,MultiPolygon,1,MultiPolygon,1
Auckland,"Robbery, blackmail, and extortion",Aggravated robbery,Kingdale.,NZ,Auckland Region,Auckland.,1/06/2025,0232001,Auckland Region,Teritorial Authority,Auckland,Polygon,Polygon,MultiPolygon,MultiPolygon,2,MultiPolygon,2
Auckland,"Robbery, blackmail, and extortion",Non-aggravated robbery,Ormiston.,NZ,Auckland Region,Auckland.,1/02/2025,0713100,Auckland Region,Teritorial Authority,Auckland,Polygon,Polygon,MultiPolygon,MultiPolygon,1,MultiPolygon,1
Auckland,"Robbery, blackmail, and extortion",Aggravated robbery,Three Kings.,NZ,Auckland Region,Auckland.,1/12/2023,0560900,Auckland Region,Teritorial Authority,Auckland,Polygon,Polygon,MultiPolygon,MultiPolygon,1,MultiPolygon,1
Auckland,"Robbery, blackmail, and extortion",Aggravated robbery,Mt Wellington North.,NZ,Auckland Region,Auckland.,1/04/2025,0627300,Auckland Region,Teritorial Authority,Auckland,Polygon,Polygon,MultiPolygon,MultiPolygon,1,MultiPolygon,1
Auckland,"Robbery, blackmail, and extortion",Aggravated robbery,Otahuhu West.,NZ,Auckland Region,Auckland.,1/10/2023,0782800,Auckland Region,Teritorial Authority,Auckland,Polygon,Polygon,MultiPolygon,MultiPolygon,1,MultiPolygon,1
Auckland,"Robbery, blackmail, and extortion",Aggravated robbery,Manukau Central.,NZ,Auckland Region,Auckland.,1/03/2025,0780209,Auckland Region,Teritorial Authority,Auckland,Polygon,Polygon,MultiPolygon,MultiPolygon,1,MultiPolygon,1
Auckland,"Robbery, blackmail, and extortion",Aggravated robbery,Te Papapa.,NZ,Auckland Region,Auckland.,1/02/2024,0607500,Auckland Region,Teritorial Authority,Auckland,Polygon,Polygon,MultiPolygon,MultiPolygon,1,MultiPolygon,1
Auckland,"Robbery, blackmail, and extortion",Aggravated robbery,Newton.,NZ,Auckland Region,Auckland.,1/07/2024,0412200,Auckland Region,Teritorial Authority,Auckland,Polygon,Polygon,MultiPolygon,MultiPolygon,1,MultiPolygon,1
Auckland,"Robbery, blackmail, and extortion",Aggravated robbery,Lynfield South.,NZ,Auckland Region,Auckland.,1/02/2025,0587300,Auckland Region,Teritorial Authority,Auckland,Polygon,Polygon,MultiPolygon,MultiPolygon,1,MultiPolygon,1
Auckland,"Robbery, blackmail, and extortion",Blackmail or other extortion,Takanini West.,NZ,Auckland Region,Auckland.,1/01/2024,0767907,Auckland Region,Teritorial Authority,Auckland,Polygon,Polygon,MultiPolygon,MultiPolygon,1,MultiPolygon,1
Auckland,"Robbery, blackmail, and extortion",Aggravated robbery,Newton.,NZ,Auckland Region,Auckland.,1/12/2024,0412302,Auckland Region,Teritorial Authority,Auckland,Polygon,Polygon,MultiPolygon,MultiPolygon,1,MultiPolygon,1
Auckland,"Robbery, blackmail, and extortion",Aggravated robbery,Auckland Central East.,NZ,Auckland Region,Auckland.,1/02/2024,0436600,Auckland Region,Teritorial Authority,Auckland,Polygon,Polygon,MultiPolygon,MultiPolygon,2,MultiPolygon,2
Auckland,"Robbery, blackmail, and extortion",Aggravated robbery,New Windsor.,NZ,Auckland Region,Auckland.,1/08/2024,0375400,Auckland Region,Teritorial Authority,Auckland,Polygon,Polygon,MultiPolygon,MultiPolygon,1,MultiPolygon,1
Auckland,"Robbery, blackmail, and extortion",Aggravated robbery,Highbrook.,NZ,Auckland Region,Auckland.,1/05/2024,0711600,Auckland Region,Teritorial Authority,Auckland,Polygon,Polygon,MultiPolygon,MultiPolygon,1,MultiPolygon,1
Auckland,"Robbery, blackmail, and extortion",Aggravated robbery,Auckland Central West.,NZ,Auckland Region,Auckland.,1/04/2024,0433200,Auckland Region,Teritorial Authority,Auckland,Polygon,Polygon,MultiPolygon,MultiPolygon,1,MultiPolygon,1
Auckland,"Robbery, blackmail, and extortion",Aggravated robbery,Otara North.,NZ,Auckland Region,Auckland.,1/06/2025,0700700,Auckland Region,Teritorial Authority,Auckland,Polygon,Polygon,MultiPolygon,MultiPolygon,1,MultiPolygon,1
Auckland,"Robbery, blackmail, and extortion",Aggravated robbery,Henderson North.,NZ,Auckland Region,Auckland.,1/01/2024,0240101,Auckland Region,Teritorial Authority,Auckland,Polygon,Polygon,MultiPolygon,MultiPolygon,1,MultiPolygon,1
Auckland,"Robbery, blackmail, and extortion",Aggravated robbery,Auckland Central East.,NZ,Auckland Region,Auckland.,1/02/2025,0436805,Auckland Region,Teritorial Authority,Auckland,Polygon,Polygon,MultiPolygon,MultiPolygon,1,MultiPolygon,1
Auckland,"Robbery, blackmail, and extortion",Aggravated robbery,Grafton West.,NZ,Auckland Region,Auckland.,1/08/2023,0440903,Auckland Region,Teritorial Authority,Auckland,Polygon,Polygon,MultiPolygon,MultiPolygon,1,MultiPolygon,1
Auckland,"Robbery, blackmail, and extortion",Aggravated robbery,Wade Heads.,NZ,Auckland Region,Auckland.,1/06/2025,0174007,Auckland Region,Teritorial Authority,Auckland,Polygon,Polygon,MultiPolygon,MultiPolygon,2,MultiPolygon,2
Auckland,"Robbery, blackmail, and extortion",Blackmail or other extortion,Auckland Central East.,NZ,Auckland Region,Auckland.,1/03/2025,0437600,Auckland Region,Teritorial Authority,Auckland,Polygon,Polygon,MultiPolygon,MultiPolygon,1,MultiPolygon,1
Auckland,"Robbery, blackmail, and extortion",Non-aggravated robbery,Auckland Central East.,NZ,Auckland Region,Auckland.,1/12/2023,0438106,Auckland Region,Teritorial Authority,Auckland,Polygon,Polygon,MultiPolygon,MultiPolygon,1,MultiPolygon,1
Auckland,"Robbery, blackmail, and extortion",Aggravated robbery,Leabank.,NZ,Auckland Region,Auckland.,1/07/2025,0771700,Auckland Region,Teritorial Authority,Auckland,Polygon,Polygon,MultiPolygon,MultiPolygon,1,MultiPolygon,1
Auckland,"Robbery, blackmail, and extortion",Aggravated robbery,Onehunga South East.,NZ,Auckland Region,Auckland.,1/10/2023,0602402,Auckland Region,Teritorial Authority,Auckland,Polygon,Polygon,MultiPolygon,MultiPolygon,1,MultiPolygon,1
Auckland,"Robbery, blackmail, and extortion",Blackmail or other extortion,Auckland Central East.,NZ,Auckland Region,Auckland.,1/03/2025,0438104,Auckland Region,Teritorial Authority,Auckland,Polygon,Polygon,MultiPolygon,MultiPolygon,1,MultiPolygon,1
Auckland,"Robbery, blackmail, and extortion",Non-aggravated robbery,Kohimarama East.,NZ,Auckland Region,Auckland.,1/07/2025,0507800,Auckland Region,Teritorial Authority,Auckland,Polygon,Polygon,MultiPolygon,MultiPolygon,1,MultiPolygon,1
Auckland,"Robbery, blackmail, and extortion",Blackmail or other extortion,Pukekohe West.,NZ,Auckland Region,Auckland.,1/11/2024,0821400,Auckland Region,Teritorial Authority,Auckland,Polygon,Polygon,MultiPolygon,MultiPolygon,1,MultiPolygon,1
Auckland,"Robbery, blackmail, and extortion",Aggravated robbery,Henderson North.,NZ,Auckland Region,Auckland.,1/02/2024,0239300,Auckland Region,Teritorial Authority,Auckland,Polygon,Polygon,MultiPolygon,MultiPolygon,1,MultiPolygon,1
Auckland,"Robbery, blackmail, and extortion",Aggravated robbery,One Tree Hill Central.,NZ,Auckland Region,Auckland.,1/08/2024,0623100,Auckland Region,Teritorial Authority,Auckland,Polygon,Polygon,MultiPolygon,MultiPolygon,1,MultiPolygon,1
Auckland,"Robbery, blackmail, and extortion",Aggravated robbery,Lynfield North.,NZ,Auckland Region,Auckland.,1/07/2024,0584003,Auckland Region,Teritorial Authority,Auckland,Polygon,Polygon,MultiPolygon,MultiPolygon,2,MultiPolygon,2
Auckland,"Robbery, blackmail, and extortion",Aggravated robbery,Surrey Crescent.,NZ,Auckland Region,Auckland.,1/04/2024,0405800,Auckland Region,Teritorial Authority,Auckland,Polygon,Polygon,MultiPolygon,MultiPolygon,2,MultiPolygon,2
Auckland,"Robbery, blackmail, and extortion",Aggravated robbery,Sunnybrae.,NZ,Auckland Region,Auckland.,1/05/2025,0204702,Auckland Region,Teritorial Authority,Auckland,Polygon,Polygon,MultiPolygon,MultiPolygon,1,MultiPolygon,1
Auckland,"Robbery, blackmail, and extortion",Non-aggravated robbery,Leabank.,NZ,Auckland Region,Auckland.,1/03/2024,0771400,Auckland Region,Teritorial Authority,Auckland,Polygon,Polygon,MultiPolygon,MultiPolygon,1,MultiPolygon,1
Auckland,"Robbery, blackmail, and extortion",Aggravated robbery,Surrey Crescent.,NZ,Auckland Region,Auckland.,1/02/2025,0406101,Auckland Region,Teritorial Authority,Auckland,Polygon,Polygon,MultiPolygon,MultiPolygon,1,MultiPolygon,1
Auckland,"Robbery, blackmail, and extortion",Aggravated robbery,Harania West.,NZ,Auckland Region,Auckland.,1/12/2023,0736101,Auckland Region,Teritorial Authority,Auckland,Polygon,Polygon,MultiPolygon,MultiPolygon,1,MultiPolygon,1
Auckland,"Robbery, blackmail, and extortion",Non-aggravated robbery,Westgate.,NZ,Auckland Region,Auckland.,1/06/2025,0224306,Auckland Region,Teritorial Authority,Auckland,Polygon,Polygon,MultiPolygon,MultiPolygon,1,MultiPolygon,1
Auckland,"Robbery, blackmail, and extortion",Aggravated robbery,Beachhaven North.,NZ,Auckland Region,Auckland.,1/07/2024,0343600,Auckland Region,Teritorial Authority,Auckland,Polygon,Polygon,MultiPolygon,MultiPolygon,1,MultiPolygon,1
Auckland,"Robbery, blackmail, and extortion",Non-aggravated robbery,Glen Innes West.,NZ,Auckland Region,Auckland.,1/05/2024,0463901,Auckland Region,Teritorial Authority,Auckland,Polygon,Polygon,MultiPolygon,MultiPolygon,2,MultiPolygon,2
Auckland,"Robbery, blackmail, and extortion",Aggravated robbery,Auckland Harbourside.,NZ,Auckland Region,Auckland.,1/04/2024,0438210,Auckland Region,Teritorial Authority,Auckland,Polygon,Polygon,MultiPolygon,MultiPolygon,3,MultiPolygon,3
Auckland,"Robbery, blackmail, and extortion",Aggravated robbery,Kaipatiki.,NZ,Auckland Region,Auckland.,1/07/2025,0186600,Auckland Region,Teritorial Authority,Auckland,Polygon,Polygon,MultiPolygon,MultiPolygon,1,MultiPolygon,1
Auckland,"Robbery, blackmail, and extortion",Non-aggravated robbery,Auckland Central West.,NZ,Auckland Region,Auckland.,1/02/2024,0434105,Auckland Region,Teritorial Authority,Auckland,Polygon,Polygon,MultiPolygon,MultiPolygon,2,MultiPolygon,2
Auckland,"Robbery, blackmail, and extortion",Aggravated robbery,Henderson South.,NZ,Auckland Region,Auckland.,1/02/2025,0242000,Auckland Region,Teritorial Authority,Auckland,Polygon,Polygon,MultiPolygon,MultiPolygon,1,MultiPolygon,1
Auckland,"Robbery, blackmail, and extortion",Aggravated robbery,Glenavon.,NZ,Auckland Region,Auckland.,1/08/2024,0381200,Auckland Region,Teritorial Authority,Auckland,Polygon,Polygon,MultiPolygon,MultiPolygon,1,MultiPolygon,1
Auckland,"Robbery, blackmail, and extortion",Non-aggravated robbery,Mt Wellington South.,NZ,Auckland Region,Auckland.,1/12/2023,0637500,Auckland Region,Teritorial Authority,Auckland,Polygon,Polygon,MultiPolygon,MultiPolygon,1,MultiPolygon,1
Auckland,"Robbery, blackmail, and extortion",Aggravated robbery,Target Road.,NZ,Auckland Region,Auckland.,1/09/2023,0183800,Auckland Region,Teritorial Authority,Auckland,Polygon,Polygon,MultiPolygon,MultiPolygon,1,MultiPolygon,1
Auckland,"Robbery, blackmail, and extortion",Aggravated robbery,Otahuhu West.,NZ,Auckland Region,Auckland.,1/01/2024,0784100,Auckland Region,Teritorial Authority,Auckland,Polygon,Polygon,MultiPolygon,MultiPolygon,1,MultiPolygon,1
Auckland,"Robbery, blackmail, and extortion",Aggravated robbery,Walmsley.,NZ,Auckland Region,Auckland.,1/06/2025,0575400,Auckland Region,Teritorial Authority,Auckland,Polygon,Polygon,MultiPolygon,MultiPolygon,1,MultiPolygon,1
Auckland,"Robbery, blackmail, and extortion",Non-aggravated robbery,Takanini South.,NZ,Auckland Region,Auckland.,1/01/2025,0765700,Auckland Region,Teritorial Authority,Auckland,Polygon,Polygon,MultiPolygon,MultiPolygon,1,MultiPolygon,1
Auckland,"Robbery, blackmail, and extortion",Aggravated robbery,Papatoetoe Central.,NZ,Auckland Region,Auckland.,1/07/2025,0663500,Auckland Region,Teritorial Authority,Auckland,Polygon,Polygon,MultiPolygon,MultiPolygon,1,MultiPolygon,1
Auckland,"Robbery, blackmail, and extortion",Aggravated robbery,Otahuhu West.,NZ,Auckland Region,Auckland.,1/02/2024,0782600,Auckland Region,Teritorial Authority,Auckland,Polygon,Polygon,MultiPolygon,MultiPolygon,1,MultiPolygon,1
Auckland,"Robbery, blackmail, and extortion",Non-aggravated robbery,Point Chevalier South.,NZ,Auckland Region,Auckland.,1/01/2025,0390702,Auckland Region,Teritorial Authority,Auckland,Polygon,Polygon,MultiPolygon,MultiPolygon,1,MultiPolygon,1
Auckland,"Robbery, blackmail, and extortion",Aggravated robbery,Unsworth Heights.,NZ,Auckland Region,Auckland.,1/06/2025,0180819,Auckland Region,Teritorial Authority,Auckland,Polygon,Polygon,MultiPolygon,MultiPolygon,1,MultiPolygon,1
Auckland,"Robbery, blackmail, and extortion",Aggravated robbery,Harania North.,NZ,Auckland Region,Auckland.,1/05/2024,0736702,Auckland Region,Teritorial Authority,Auckland,Polygon,Polygon,MultiPolygon,MultiPolygon,1,MultiPolygon,1
Auckland,"Robbery, blackmail, and extortion",Blackmail or other extortion,Ranui Domain.,NZ,Auckland Region,Auckland.,1/05/2025,0235904,Auckland Region,Teritorial Authority,Auckland,Polygon,Polygon,MultiPolygon,MultiPolygon,1,MultiPolygon,1
Auckland,"Robbery, blackmail, and extortion",Aggravated robbery,Henderson South.,NZ,Auckland Region,Auckland.,1/09/2024,0242100,Auckland Region,Teritorial Authority,Auckland,Polygon,Polygon,MultiPolygon,MultiPolygon,1,MultiPolygon,1
Auckland,"Robbery, blackmail, and extortion",Non-aggravated robbery,Westgate.,NZ,Auckland Region,Auckland.,1/03/2025,0224312,Auckland Region,Teritorial Authority,Auckland,Polygon,Polygon,MultiPolygon,MultiPolygon,1,MultiPolygon,1
Auckland,"Robbery, blackmail, and extortion",Non-aggravated robbery,Herald.,NZ,Auckland Region,Auckland.,1/04/2024,0220700,Auckland Region,Teritorial Authority,Auckland,Polygon,Polygon,MultiPolygon,MultiPolygon,1,MultiPolygon,1
Auckland,"Robbery, blackmail, and extortion",Blackmail or other extortion,Ormiston.,NZ,Auckland Region,Auckland.,1/11/2023,0712500,Auckland Region,Teritorial Authority,Auckland,Polygon,Polygon,MultiPolygon,MultiPolygon,1,MultiPolygon,1
Auckland,"Robbery, blackmail, and extortion",Aggravated robbery,Takanini South.,NZ,Auckland Region,Auckland.,1/11/2023,0767808,Auckland Region,Teritorial Authority,Auckland,Polygon,Polygon,MultiPolygon,MultiPolygon,1,MultiPolygon,1
Auckland,"Robbery, blackmail, and extortion",Non-aggravated robbery,Wiri.,NZ,Auckland Region,Auckland.,1/02/2025,0780409,Auckland Region,Teritorial Authority,Auckland,Polygon,Polygon,MultiPolygon,MultiPolygon,1,MultiPolygon,1
Auckland,"Robbery, blackmail, and extortion",Aggravated robbery,Starling Park.,NZ,Auckland Region,Auckland.,1/06/2024,0235501,Auckland Region,Teritorial Authority,Auckland,Polygon,Polygon,MultiPolygon,MultiPolygon,1,MultiPolygon,1
Auckland,"Robbery, blackmail, and extortion",Aggravated robbery,Newmarket.,NZ,Auckland Region,Auckland.,1/12/2023,0451300,Auckland Region,Teritorial Authority,Auckland,Polygon,Polygon,MultiPolygon,MultiPolygon,2,MultiPolygon,2
Auckland,"Robbery, blackmail, and extortion",Blackmail or other extortion,Te Papapa.,NZ,Auckland Region,Auckland.,1/09/2023,0606700,Auckland Region,Teritorial Authority,Auckland,Polygon,Polygon,MultiPolygon,MultiPolygon,2,MultiPolygon,2
Auckland,"Robbery, blackmail, and extortion",Aggravated robbery,Springleigh.,NZ,Auckland Region,Auckland.,1/09/2023,0524800,Auckland Region,Teritorial Authority,Auckland,Polygon,Polygon,MultiPolygon,MultiPolygon,1,MultiPolygon,1
Auckland,"Robbery, blackmail, and extortion",Aggravated robbery,Henderson South.,NZ,Auckland Region,Auckland.,1/02/2024,0244500,Auckland Region,Teritorial Authority,Auckland,Polygon,Polygon,MultiPolygon,MultiPolygon,1,MultiPolygon,1
Auckland,"Robbery, blackmail, and extortion",Aggravated robbery,Mission Bay.,NZ,Auckland Region,Auckland.,1/01/2025,0500600,Auckland Region,Teritorial Authority,Auckland,Polygon,Polygon,MultiPolygon,MultiPolygon,1,MultiPolygon,1
Auckland,"Robbery, blackmail, and extortion",Aggravated robbery,Papakura South.,NZ,Auckland Region,Auckland.,1/06/2025,0801001,Auckland Region,Teritorial Authority,Auckland,Polygon,Polygon,MultiPolygon,MultiPolygon,1,MultiPolygon,1
Auckland,"Robbery, blackmail, and extortion",Aggravated robbery,Otara South.,NZ,Auckland Region,Auckland.,1/05/2024,0708500,Auckland Region,Teritorial Authority,Auckland,Polygon,Polygon,MultiPolygon,MultiPolygon,1,MultiPolygon,1
Auckland,"Robbery, blackmail, and extortion",Aggravated robbery,Takanini South.,NZ,Auckland Region,Auckland.,1/06/2025,0766200,Auckland Region,Teritorial Authority,Auckland,Polygon,Polygon,MultiPolygon,MultiPolygon,1,MultiPolygon,1
Auckland,"Robbery, blackmail, and extortion",Blackmail or other extortion,Otahuhu West.,NZ,Auckland Region,Auckland.,1/06/2024,0781700,Auckland Region,Teritorial Authority,Auckland,Polygon,Polygon,MultiPolygon,MultiPolygon,1,MultiPolygon,1
Auckland,"Robbery, blackmail, and extortion",Aggravated robbery,Dingwall.,NZ,Auckland Region,Auckland.,1/03/2024,0666301,Auckland Region,Teritorial Authority,Auckland,Polygon,Polygon,MultiPolygon,MultiPolygon,1,MultiPolygon,1
Auckland,"Robbery, blackmail, and extortion",Aggravated robbery,Otara North.,NZ,Auckland Region,Auckland.,1/05/2025,0700602,Auckland Region,Teritorial Authority,Auckland,Polygon,Polygon,MultiPolygon,MultiPolygon,1,MultiPolygon,1
Auckland,"Robbery, blackmail, and extortion",Aggravated robbery,Hillpark.,NZ,Auckland Region,Auckland.,1/04/2024,0756600,Auckland Region,Teritorial Authority,Auckland,Polygon,Polygon,MultiPolygon,MultiPolygon,1,MultiPolygon,1
Auckland,"Robbery, blackmail, and extortion",Blackmail or other extortion,Edgewater.,NZ,Auckland Region,Auckland.,1/12/2024,0687200,Auckland Region,Teritorial Authority,Auckland,Polygon,Polygon,MultiPolygon,MultiPolygon,1,MultiPolygon,1
Auckland,"Robbery, blackmail, and extortion",Aggravated robbery,Wakeling.,NZ,Auckland Region,Auckland.,1/12/2023,0256300,Auckland Region,Teritorial Authority,Auckland,Polygon,Polygon,MultiPolygon,MultiPolygon,1,MultiPolygon,1
Auckland,"Robbery, blackmail, and extortion",Blackmail or other extortion,Point England.,NZ,Auckland Region,Auckland.,1/02/2024,0477000,Auckland Region,Teritorial Authority,Auckland,Polygon,Polygon,MultiPolygon,MultiPolygon,1,MultiPolygon,1
Auckland,"Robbery, blackmail, and extortion",Aggravated robbery,Homai East.,NZ,Auckland Region,Auckland.,1/02/2025,0778300,Auckland Region,Teritorial Authority,Auckland,Polygon,Polygon,MultiPolygon,MultiPolygon,1,MultiPolygon,1
Auckland,"Robbery, blackmail, and extortion",Aggravated robbery,Starling Park.,NZ,Auckland Region,Auckland.,1/05/2024,0235720,Auckland Region,Teritorial Authority,Auckland,Polygon,Polygon,MultiPolygon,MultiPolygon,1,MultiPolygon,1
Auckland,"Robbery, blackmail, and extortion",Blackmail or other extortion,Newton.,NZ,Auckland Region,Auckland.,1/07/2025,0412302,Auckland Region,Teritorial Authority,Auckland,Polygon,Polygon,MultiPolygon,MultiPolygon,1,MultiPolygon,1
Auckland,"Robbery, blackmail, and extortion",Non-aggravated robbery,Sandringham North.,NZ,Auckland Region,Auckland.,1/10/2024,0535800,Auckland Region,Teritorial Authority,Auckland,Polygon,Polygon,MultiPolygon,MultiPolygon,1,MultiPolygon,1
Auckland,"Robbery, blackmail, and extortion",Aggravated robbery,Weymouth East.,NZ,Auckland Region,Auckland.,1/03/2024,0774303,Auckland Region,Teritorial Authority,Auckland,Polygon,Polygon,MultiPolygon,MultiPolygon,1,MultiPolygon,1
Auckland,"Robbery, blackmail, and extortion",Aggravated robbery,Glen Eden East.,NZ,Auckland Region,Auckland.,1/11/2023,0285600,Auckland Region,Teritorial Authority,Auckland,Polygon,Polygon,MultiPolygon,MultiPolygon,1,MultiPolygon,1
Auckland,"Robbery, blackmail, and extortion",Aggravated robbery,Oranga.,NZ,Auckland Region,Auckland.,1/12/2023,0604000,Auckland Region,Teritorial Authority,Auckland,Polygon,Polygon,MultiPolygon,MultiPolygon,1,MultiPolygon,1
Auckland,"Robbery, blackmail, and extortion",Aggravated robbery,Ormiston.,NZ,Auckland Region,Auckland.,1/02/2025,0712401,Auckland Region,Teritorial Authority,Auckland,Polygon,Polygon,MultiPolygon,MultiPolygon,1,MultiPolygon,1
Auckland,"Robbery, blackmail, and extortion",Aggravated robbery,Glendhu.,NZ,Auckland Region,Auckland.,1/08/2023,0185901,Auckland Region,Teritorial Authority,Auckland,Polygon,Polygon,MultiPolygon,MultiPolygon,2,MultiPolygon,2
Auckland,"Robbery, blackmail, and extortion",Aggravated robbery,Mangere Central.,NZ,Auckland Region,Auckland.,1/12/2023,0740400,Auckland Region,Teritorial Authority,Auckland,Polygon,Polygon,MultiPolygon,MultiPolygon,2,MultiPolygon,2
Auckland,"Robbery, blackmail, and extortion",Blackmail or other extortion,Helensville.,NZ,Auckland Region,Auckland.,1/08/2023,0208201,Auckland Region,Teritorial Authority,Auckland,Polygon,Polygon,MultiPolygon,MultiPolygon,1,MultiPolygon,1
Auckland,"Robbery, blackmail, and extortion",Non-aggravated robbery,Silverdale Central.,NZ,Auckland Region,Auckland.,1/03/2025,0176802,Auckland Region,Teritorial Authority,Auckland,Polygon,Polygon,MultiPolygon,MultiPolygon,1,MultiPolygon,1
Auckland,"Robbery, blackmail, and extortion",Blackmail or other extortion,Kingsland.,NZ,Auckland Region,Auckland.,1/01/2025,0530900,Auckland Region,Teritorial Authority,Auckland,Polygon,Polygon,MultiPolygon,MultiPolygon,1,MultiPolygon,1
Auckland,"Robbery, blackmail, and extortion",Blackmail or other extortion,Newton.,NZ,Auckland Region,Auckland.,1/07/2025,0412302,Auckland Region,Teritorial Authority,Auckland,Polygon,Polygon,MultiPolygon,MultiPolygon,1,MultiPolygon,1
Auckland,"Robbery, blackmail, and extortion",Aggravated robbery,Sunnyvale.,NZ,Auckland Region,Auckland.,1/02/2024,0276602,Auckland Region,Teritorial Authority,Auckland,Polygon,Polygon,MultiPolygon,MultiPolygon,1,MultiPolygon,1
Auckland,"Robbery, blackmail, and extortion",Aggravated robbery,Mt Wellington West.,NZ,Auckland Region,Auckland.,1/02/2025,0626500,Auckland Region,Teritorial Authority,Auckland,Polygon,Polygon,MultiPolygon,MultiPolygon,2,MultiPolygon,2
Auckland,"Robbery, blackmail, and extortion",Aggravated robbery,Rongomai.,NZ,Auckland Region,Auckland.,1/04/2024,0714400,Auckland Region,Teritorial Authority,Auckland,Polygon,Polygon,MultiPolygon,MultiPolygon,1,MultiPolygon,1
Auckland,"Robbery, blackmail, and extortion",Aggravated robbery,Papatoetoe Central.,NZ,Auckland Region,Auckland.,1/06/2025,0665602,Auckland Region,Teritorial Authority,Auckland,Polygon,Polygon,MultiPolygon,MultiPolygon,1,MultiPolygon,1
Auckland,"Robbery, blackmail, and extortion",Blackmail or other extortion,Takanini South.,NZ,Auckland Region,Auckland.,1/03/2024,0765600,Auckland Region,Teritorial Authority,Auckland,Polygon,Polygon,MultiPolygon,MultiPolygon,1,MultiPolygon,1
Auckland,"Robbery, blackmail, and extortion",Aggravated robbery,Howick West.,NZ,Auckland Region,Auckland.,1/12/2024,0646100,Auckland Region,Teritorial Authority,Auckland,Polygon,Polygon,MultiPolygon,MultiPolygon,1,MultiPolygon,1
Auckland,"Robbery, blackmail, and extortion",Aggravated robbery,Durham Green.,NZ,Auckland Region,Auckland.,1/09/2023,0249009,Auckland Region,Teritorial Authority,Auckland,Polygon,Polygon,MultiPolygon,MultiPolygon,1,MultiPolygon,1
Auckland,"Robbery, blackmail, and extortion",Blackmail or other extortion,St Marys.,NZ,Auckland Region,Auckland.,1/12/2023,0425000,Auckland Region,Teritorial Authority,Auckland,Polygon,Polygon,MultiPolygon,MultiPolygon,1,MultiPolygon,1
Auckland,"Robbery, blackmail, and extortion",Aggravated robbery,Lynnmall.,NZ,Auckland Region,Auckland.,1/02/2024,0265100,Auckland Region,Teritorial Authority,Auckland,Polygon,Polygon,MultiPolygon,MultiPolygon,1,MultiPolygon,1
Auckland,"Robbery, blackmail, and extortion",Blackmail or other extortion,Millhouse.,NZ,Auckland Region,Auckland.,1/02/2024,0711133,Auckland Region,Teritorial Authority,Auckland,Polygon,Polygon,MultiPolygon,MultiPolygon,1,MultiPolygon,1
Auckland,"Robbery, blackmail, and extortion",Aggravated robbery,Mangere Central.,NZ,Auckland Region,Auckland.,1/04/2025,0740300,Auckland Region,Teritorial Authority,Auckland,Polygon,Polygon,MultiPolygon,MultiPolygon,2,MultiPolygon,2
Auckland,"Robbery, blackmail, and extortion",Non-aggravated robbery,Rosehill.,NZ,Auckland Region,Auckland.,1/08/2023,0803400,Auckland Region,Teritorial Authority,Auckland,Polygon,Polygon,MultiPolygon,MultiPolygon,1,MultiPolygon,1
Auckland,"Robbery, blackmail, and extortion",Non-aggravated robbery,Auckland Central East.,NZ,Auckland Region,Auckland.,1/08/2024,0437702,Auckland Region,Teritorial Authority,Auckland,Polygon,Polygon,MultiPolygon,MultiPolygon,2,MultiPolygon,2
Auckland,"Robbery, blackmail, and extortion",Aggravated robbery,Massey West.,NZ,Auckland Region,Auckland.,1/03/2024,0226402,Auckland Region,Teritorial Authority,Auckland,Polygon,Polygon,MultiPolygon,MultiPolygon,1,MultiPolygon,1
Auckland,"Robbery, blackmail, and extortion",Aggravated robbery,Weymouth East.,NZ,Auckland Region,Auckland.,1/06/2025,0773400,Auckland Region,Teritorial Authority,Auckland,Polygon,Polygon,MultiPolygon,MultiPolygon,1,MultiPolygon,1
Auckland,"Robbery, blackmail, and extortion",Aggravated robbery,Onehunga South East.,NZ,Auckland Region,Auckland.,1/04/2024,0601000,Auckland Region,Teritorial Authority,Auckland,Polygon,Polygon,MultiPolygon,MultiPolygon,1,MultiPolygon,1
Auckland,"Robbery, blackmail, and extortion",Non-aggravated robbery,Matipo.,NZ,Auckland Region,Auckland.,1/02/2025,0246500,Auckland Region,Teritorial Authority,Auckland,Polygon,Polygon,MultiPolygon,MultiPolygon,1,MultiPolygon,1
Auckland,"Robbery, blackmail, and extortion",Aggravated robbery,Waimumu South.,NZ,Auckland Region,Auckland.,1/09/2023,0228101,Auckland Region,Teritorial Authority,Auckland,Polygon,Polygon,MultiPolygon,MultiPolygon,1,MultiPolygon,1
Auckland,"Robbery, blackmail, and extortion",Non-aggravated robbery,Otara North.,NZ,Auckland Region,Auckland.,1/11/2023,0700700,Auckland Region,Teritorial Authority,Auckland,Polygon,Polygon,MultiPolygon,MultiPolygon,2,MultiPolygon,2
Auckland,"Robbery, blackmail, and extortion",Aggravated robbery,Silverdale Central.,NZ,Auckland Region,Auckland.,1/03/2025,0176802,Auckland Region,Teritorial Authority,Auckland,Polygon,Polygon,MultiPolygon,MultiPolygon,1,MultiPolygon,1
Auckland,"Robbery, blackmail, and extortion",Aggravated robbery,Auckland Harbourside.,NZ,Auckland Region,Auckland.,1/07/2025,0432900,Auckland Region,Teritorial Authority,Auckland,Polygon,Polygon,MultiPolygon,MultiPolygon,1,MultiPolygon,1
Auckland,"Robbery, blackmail, and extortion",Blackmail or other extortion,Mt Wellington North.,NZ,Auckland Region,Auckland.,1/02/2024,0627300,Auckland Region,Teritorial Authority,Auckland,Polygon,Polygon,MultiPolygon,MultiPolygon,1,MultiPolygon,1
Auckland,"Robbery, blackmail, and extortion",Aggravated robbery,Hillsborough East.,NZ,Auckland Region,Auckland.,1/03/2025,0567401,Auckland Region,Teritorial Authority,Auckland,Polygon,Polygon,MultiPolygon,MultiPolygon,1,MultiPolygon,1
Auckland,"Robbery, blackmail, and extortion",Aggravated robbery,Glendhu.,NZ,Auckland Region,Auckland.,1/05/2024,0183907,Auckland Region,Teritorial Authority,Auckland,Polygon,Polygon,MultiPolygon,MultiPolygon,1,MultiPolygon,1
Auckland,"Robbery, blackmail, and extortion",Aggravated robbery,Clevedon.,NZ,Auckland Region,Auckland.,1/01/2024,0763100,Auckland Region,Teritorial Authority,Auckland,Polygon,Polygon,MultiPolygon,MultiPolygon,1,MultiPolygon,1
Auckland,"Robbery, blackmail, and extortion",Aggravated robbery,Dingwall.,NZ,Auckland Region,Auckland.,1/04/2025,0667000,Auckland Region,Teritorial Authority,Auckland,Polygon,Polygon,MultiPolygon,MultiPolygon,1,MultiPolygon,1
Auckland,"Robbery, blackmail, and extortion",Aggravated robbery,Hillpark.,NZ,Auckland Region,Auckland.,1/02/2024,0757300,Auckland Region,Teritorial Authority,Auckland,Polygon,Polygon,MultiPolygon,MultiPolygon,1,MultiPolygon,1
Auckland,"Robbery, blackmail, and extortion",Blackmail or other extortion,Pukekohe North.,NZ,Auckland Region,Auckland.,1/03/2025,0819700,Auckland Region,Teritorial Authority,Auckland,Polygon,Polygon,MultiPolygon,MultiPolygon,1,MultiPolygon,1
Auckland,"Robbery, blackmail, and extortion",Blackmail or other extortion,Pukekohe West.,NZ,Auckland Region,Auckland.,1/06/2025,0822500,Auckland Region,Teritorial Authority,Auckland,Polygon,Polygon,MultiPolygon,MultiPolygon,1,MultiPolygon,1
Auckland,"Robbery, blackmail, and extortion",Blackmail or other extortion,Wiri.,NZ,Auckland Region,Auckland.,1/02/2024,0780700,Auckland Region,Teritorial Authority,Auckland,Polygon,Polygon,MultiPolygon,MultiPolygon,1,MultiPolygon,1
Auckland,"Robbery, blackmail, and extortion",Aggravated robbery,Henderson South.,NZ,Auckland Region,Auckland.,1/02/2025,0242700,Auckland Region,Teritorial Authority,Auckland,Polygon,Polygon,MultiPolygon,MultiPolygon,1,MultiPolygon,1
Auckland,"Robbery, blackmail, and extortion",Aggravated robbery,Mt Victoria.,NZ,Auckland Region,Auckland.,1/04/2024,0332900,Auckland Region,Teritorial Authority,Auckland,Polygon,Polygon,MultiPolygon,MultiPolygon,1,MultiPolygon,1
Auckland,"Robbery, blackmail, and extortion",Aggravated robbery,Papakura North.,NZ,Auckland Region,Auckland.,1/08/2024,0791600,Auckland Region,Teritorial Authority,Auckland,Polygon,Polygon,MultiPolygon,MultiPolygon,2,MultiPolygon,2
Auckland,"Robbery, blackmail, and extortion",Non-aggravated robbery,Auckland Central West.,NZ,Auckland Region,Auckland.,1/11/2024,0433802,Auckland Region,Teritorial Authority,Auckland,Polygon,Polygon,MultiPolygon,MultiPolygon,1,MultiPolygon,1
Auckland,"Robbery, blackmail, and extortion",Blackmail or other extortion,Takanini North.,NZ,Auckland Region,Auckland.,1/01/2024,0768100,Auckland Region,Teritorial Authority,Auckland,Polygon,Polygon,MultiPolygon,MultiPolygon,1,MultiPolygon,1
Auckland,"Robbery, blackmail, and extortion",Aggravated robbery,Papatoetoe East.,NZ,Auckland Region,Auckland.,1/01/2025,0668400,Auckland Region,Teritorial Authority,Auckland,Polygon,Polygon,MultiPolygon,MultiPolygon,1,MultiPolygon,1
Auckland,"Robbery, blackmail, and extortion",Aggravated robbery,Auckland Harbourside.,NZ,Auckland Region,Auckland.,1/03/2024,0433005,Auckland Region,Teritorial Authority,Auckland,Polygon,Polygon,MultiPolygon,MultiPolygon,1,MultiPolygon,1
Auckland,"Robbery, blackmail, and extortion",Aggravated robbery,Kingdale.,NZ,Auckland Region,Auckland.,1/09/2023,0230301,Auckland Region,Teritorial Authority,Auckland,Polygon,Polygon,MultiPolygon,MultiPolygon,2,MultiPolygon,2
Auckland,"Robbery, blackmail, and extortion",Aggravated robbery,Auckland Central West.,NZ,Auckland Region,Auckland.,1/01/2024,0435201,Auckland Region,Teritorial Authority,Auckland,Polygon,Polygon,MultiPolygon,MultiPolygon,1,MultiPolygon,1
Auckland,"Robbery, blackmail, and extortion",Aggravated robbery,Edmonton.,NZ,Auckland Region,Auckland.,1/01/2025,0253100,Auckland Region,Teritorial Authority,Auckland,Polygon,Polygon,MultiPolygon,MultiPolygon,1,MultiPolygon,1
Auckland,"Robbery, blackmail, and extortion",Aggravated robbery,Bledisloe Park.,NZ,Auckland Region,Auckland.,1/02/2024,0823200,Auckland Region,Teritorial Authority,Auckland,Polygon,Polygon,MultiPolygon,MultiPolygon,1,MultiPolygon,1
Auckland,"Robbery, blackmail, and extortion",Aggravated robbery,Papakura Central.,NZ,Auckland Region,Auckland.,1/02/2025,0793400,Auckland Region,Teritorial Authority,Auckland,Polygon,Polygon,MultiPolygon,MultiPolygon,1,MultiPolygon,1
Auckland,"Robbery, blackmail, and extortion",Blackmail or other extortion,Kohimarama East.,NZ,Auckland Region,Auckland.,1/05/2025,0506900,Auckland Region,Teritorial Authority,Auckland,Polygon,Polygon,MultiPolygon,MultiPolygon,1,MultiPolygon,1
Auckland,"Robbery, blackmail, and extortion",Blackmail or other extortion,Three Kings.,NZ,Auckland Region,Auckland.,1/04/2024,0560900,Auckland Region,Teritorial Authority,Auckland,Polygon,Polygon,MultiPolygon,MultiPolygon,1,MultiPolygon,1
Auckland,"Robbery, blackmail, and extortion",Non-aggravated robbery,Papatoetoe Central.,NZ,Auckland Region,Auckland.,1/04/2025,0663500,Auckland Region,Teritorial Authority,Auckland,Polygon,Polygon,MultiPolygon,MultiPolygon,1,MultiPolygon,1
Auckland,"Robbery, blackmail, and extortion",Non-aggravated robbery,Auckland Harbourside.,NZ,Auckland Region,Auckland.,1/01/2024,0432900,Auckland Region,Teritorial Authority,Auckland,Polygon,Polygon,MultiPolygon,MultiPolygon,1,MultiPolygon,1
Auckland,"Robbery, blackmail, and extortion",Blackmail or other extortion,Point England.,NZ,Auckland Region,Auckland.,1/05/2025,0479500,Auckland Region,Teritorial Authority,Auckland,Polygon,Polygon,MultiPolygon,MultiPolygon,1,MultiPolygon,1
Auckland,"Robbery, blackmail, and extortion",Non-aggravated robbery,Pukekohe North.,NZ,Auckland Region,Auckland.,1/07/2024,0819100,Auckland Region,Teritorial Authority,Auckland,Polygon,Polygon,MultiPolygon,MultiPolygon,3,MultiPolygon,3
Auckland,"Robbery, blackmail, and extortion",Aggravated robbery,Newmarket.,NZ,Auckland Region,Auckland.,1/05/2025,0451300,Auckland Region,Teritorial Authority,Auckland,Polygon,Polygon,MultiPolygon,MultiPolygon,1,MultiPolygon,1
Auckland,"Robbery, blackmail, and extortion",Aggravated robbery,One Tree Hill East.,NZ,Auckland Region,Auckland.,1/01/2024,0617400,Auckland Region,Teritorial Authority,Auckland,Polygon,Polygon,MultiPolygon,MultiPolygon,1,MultiPolygon,1
Auckland,"Robbery, blackmail, and extortion",Non-aggravated robbery,Tangutu.,NZ,Auckland Region,Auckland.,1/01/2025,0282400,Auckland Region,Teritorial Authority,Auckland,Polygon,Polygon,MultiPolygon,MultiPolygon,1,MultiPolygon,1
Auckland,"Robbery, blackmail, and extortion",Aggravated robbery,Auckland Harbourside.,NZ,Auckland Region,Auckland.,1/03/2024,0432900,Auckland Region,Teritorial Authority,Auckland,Polygon,Polygon,MultiPolygon,MultiPolygon,2,MultiPolygon,2
Auckland,"Robbery, blackmail, and extortion",Aggravated robbery,Papakura North East.,NZ,Auckland Region,Auckland.,1/07/2024,0794900,Auckland Region,Teritorial Authority,Auckland,Polygon,Polygon,MultiPolygon,MultiPolygon,1,MultiPolygon,1
Auckland,"Robbery, blackmail, and extortion",Non-aggravated robbery,Orewa.,NZ,Auckland Region,Auckland.,1/01/2024,0172102,Auckland Region,Teritorial Authority,Auckland,MultiPolygon,Polygon,MultiPolygon,MultiPolygon,1,MultiPolygon,1
Auckland,"Robbery, blackmail, and extortion",Non-aggravated robbery,Mission Bay.,NZ,Auckland Region,Auckland.,1/11/2024,0502900,Auckland Region,Teritorial Authority,Auckland,Polygon,Polygon,MultiPolygon,MultiPolygon,1,MultiPolygon,1
Auckland,"Robbery, blackmail, and extortion",Blackmail or other extortion,Maungawhau.,NZ,Auckland Region,Auckland.,1/06/2025,0557000,Auckland Region,Teritorial Authority,Auckland,Polygon,Polygon,MultiPolygon,MultiPolygon,1,MultiPolygon,1
Auckland,"Robbery, blackmail, and extortion",Blackmail or other extortion,Sandringham North.,NZ,Auckland Region,Auckland.,1/03/2025,0536100,Auckland Region,Teritorial Authority,Auckland,Polygon,Polygon,MultiPolygon,MultiPolygon,1,MultiPolygon,1
Auckland,"Robbery, blackmail, and extortion",Aggravated robbery,Lynnmall.,NZ,Auckland Region,Auckland.,1/05/2025,0266000,Auckland Region,Teritorial Authority,Auckland,Polygon,Polygon,MultiPolygon,MultiPolygon,1,MultiPolygon,1
Auckland,"Robbery, blackmail, and extortion",Non-aggravated robbery,Glenfield Central.,NZ,Auckland Region,Auckland.,1/12/2023,0200600,Auckland Region,Teritorial Authority,Auckland,Polygon,Polygon,MultiPolygon,MultiPolygon,1,MultiPolygon,1
Auckland,"Robbery, blackmail, and extortion",Aggravated robbery,Auckland Harbourside.,NZ,Auckland Region,Auckland.,1/03/2025,0438209,Auckland Region,Teritorial Authority,Auckland,Polygon,Polygon,MultiPolygon,MultiPolygon,1,MultiPolygon,1
Auckland,"Robbery, blackmail, and extortion",Aggravated robbery,Auckland Central West.,NZ,Auckland Region,Auckland.,1/03/2024,0433200,Auckland Region,Teritorial Authority,Auckland,Polygon,Polygon,MultiPolygon,MultiPolygon,2,MultiPolygon,2
Auckland,"Robbery, blackmail, and extortion",Aggravated robbery,Takanini North.,NZ,Auckland Region,Auckland.,1/08/2023,0766901,Auckland Region,Teritorial Authority,Auckland,Polygon,Polygon,MultiPolygon,MultiPolygon,3,MultiPolygon,3
Auckland,"Robbery, blackmail, and extortion",Blackmail or other extortion,New Lynn North.,NZ,Auckland Region,Auckland.,1/12/2023,0266900,Auckland Region,Teritorial Authority,Auckland,Polygon,Polygon,MultiPolygon,MultiPolygon,1,MultiPolygon,1
Auckland,"Robbery, blackmail, and extortion",Non-aggravated robbery,Hillpark.,NZ,Auckland Region,Auckland.,1/02/2024,0756600,Auckland Region,Teritorial Authority,Auckland,Polygon,Polygon,MultiPolygon,MultiPolygon,1,MultiPolygon,1
Auckland,"Robbery, blackmail, and extortion",Non-aggravated robbery,Manurewa East.,NZ,Auckland Region,Auckland.,1/03/2024,0758200,Auckland Region,Teritorial Authority,Auckland,Polygon,Polygon,MultiPolygon,MultiPolygon,1,MultiPolygon,1
Auckland,"Robbery, blackmail, and extortion",Non-aggravated robbery,Papatoetoe North.,NZ,Auckland Region,Auckland.,1/02/2024,0663200,Auckland Region,Teritorial Authority,Auckland,Polygon,Polygon,MultiPolygon,MultiPolygon,1,MultiPolygon,1
Auckland,"Robbery, blackmail, and extortion",Aggravated robbery,Auckland Harbourside.,NZ,Auckland Region,Auckland.,1/01/2024,0437902,Auckland Region,Teritorial Authority,Auckland,Polygon,Polygon,MultiPolygon,MultiPolygon,1,MultiPolygon,1
Auckland,"Robbery, blackmail, and extortion",Aggravated robbery,Auckland Central West.,NZ,Auckland Region,Auckland.,1/11/2024,0434300,Auckland Region,Teritorial Authority,Auckland,Polygon,Polygon,MultiPolygon,MultiPolygon,1,MultiPolygon,1
Auckland,"Robbery, blackmail, and extortion",Blackmail or other extortion,Auckland Central East.,NZ,Auckland Region,Auckland.,1/07/2025,0438303,Auckland Region,Teritorial Authority,Auckland,Polygon,Polygon,MultiPolygon,MultiPolygon,1,MultiPolygon,1
Auckland,"Robbery, blackmail, and extortion",Blackmail or other extortion,Glen Innes North.,NZ,Auckland Region,Auckland.,1/06/2024,0468801,Auckland Region,Teritorial Authority,Auckland,Polygon,Polygon,MultiPolygon,MultiPolygon,1,MultiPolygon,1
Auckland,"Robbery, blackmail, and extortion",Aggravated robbery,Mt Eden South.,NZ,Auckland Region,Auckland.,1/07/2025,0554400,Auckland Region,Teritorial Authority,Auckland,Polygon,Polygon,MultiPolygon,MultiPolygon,1,MultiPolygon,1
Auckland,"Robbery, blackmail, and extortion",Aggravated robbery,Lynnmall.,NZ,Auckland Region,Auckland.,1/01/2024,0264904,Auckland Region,Teritorial Authority,Auckland,Polygon,Polygon,MultiPolygon,MultiPolygon,1,MultiPolygon,1
Auckland,"Robbery, blackmail, and extortion",Non-aggravated robbery,Glen Innes West.,NZ,Auckland Region,Auckland.,1/10/2024,0476300,Auckland Region,Teritorial Authority,Auckland,Polygon,Polygon,MultiPolygon,MultiPolygon,2,MultiPolygon,2
Auckland,"Robbery, blackmail, and extortion",Blackmail or other extortion,Mangere South.,NZ,Auckland Region,Auckland.,1/03/2024,0727100,Auckland Region,Teritorial Authority,Auckland,MultiPolygon,Polygon,MultiPolygon,MultiPolygon,1,MultiPolygon,1
Auckland,"Robbery, blackmail, and extortion",Aggravated robbery,Paerata-Cape Hill.,NZ,Auckland Region,Auckland.,1/10/2024,0826601,Auckland Region,Teritorial Authority,Auckland,Polygon,Polygon,MultiPolygon,MultiPolygon,1,MultiPolygon,1
Auckland,"Robbery, blackmail, and extortion",Non-aggravated robbery,Glen Eden East.,NZ,Auckland Region,Auckland.,1/01/2024,0286200,Auckland Region,Teritorial Authority,Auckland,Polygon,Polygon,MultiPolygon,MultiPolygon,2,MultiPolygon,2
Auckland,"Robbery, blackmail, and extortion",Non-aggravated robbery,Papatoetoe North.,NZ,Auckland Region,Auckland.,1/01/2025,0661300,Auckland Region,Teritorial Authority,Auckland,Polygon,Polygon,MultiPolygon,MultiPolygon,1,MultiPolygon,1
Auckland,"Robbery, blackmail, and extortion",Blackmail or other extortion,Mangere Central.,NZ,Auckland Region,Auckland.,1/06/2024,0740500,Auckland Region,Teritorial Authority,Auckland,Polygon,Polygon,MultiPolygon,MultiPolygon,1,MultiPolygon,1
Auckland,"Robbery, blackmail, and extortion",Aggravated robbery,Auckland Central East.,NZ,Auckland Region,Auckland.,1/11/2023,0438106,Auckland Region,Teritorial Authority,Auckland,Polygon,Polygon,MultiPolygon,MultiPolygon,1,MultiPolygon,1
Auckland,"Robbery, blackmail, and extortion",Aggravated robbery,Helensville.,NZ,Auckland Region,Auckland.,1/12/2023,0208902,Auckland Region,Teritorial Authority,Auckland,Polygon,Polygon,MultiPolygon,MultiPolygon,1,MultiPolygon,1
Auckland,"Robbery, blackmail, and extortion",Aggravated robbery,Ellerslie South.,NZ,Auckland Region,Auckland.,1/12/2024,0612600,Auckland Region,Teritorial Authority,Auckland,Polygon,Polygon,MultiPolygon,MultiPolygon,1,MultiPolygon,1
Auckland,"Robbery, blackmail, and extortion",Aggravated robbery,Harania West.,NZ,Auckland Region,Auckland.,1/03/2024,0735200,Auckland Region,Teritorial Authority,Auckland,Polygon,Polygon,MultiPolygon,MultiPolygon,1,MultiPolygon,1
Auckland,"Robbery, blackmail, and extortion",Non-aggravated robbery,Hunua.,NZ,Auckland Region,Auckland.,1/12/2024,0816305,Auckland Region,Teritorial Authority,Auckland,Polygon,Polygon,MultiPolygon,MultiPolygon,1,MultiPolygon,1
Auckland,"Robbery, blackmail, and extortion",Aggravated robbery,Newton.,NZ,Auckland Region,Auckland.,1/11/2023,0412200,Auckland Region,Teritorial Authority,Auckland,Polygon,Polygon,MultiPolygon,MultiPolygon,1,MultiPolygon,1
Auckland,"Robbery, blackmail, and extortion",Aggravated robbery,Roberton.,NZ,Auckland Region,Auckland.,1/02/2024,0382902,Auckland Region,Teritorial Authority,Auckland,Polygon,Polygon,MultiPolygon,MultiPolygon,1,MultiPolygon,1
Auckland,"Robbery, blackmail, and extortion",Non-aggravated robbery,Fruitvale.,NZ,Auckland Region,Auckland.,1/10/2023,0263500,Auckland Region,Teritorial Authority,Auckland,Polygon,Polygon,MultiPolygon,MultiPolygon,1,MultiPolygon,1
Auckland,"Robbery, blackmail, and extortion",Aggravated robbery,Auckland Central West.,NZ,Auckland Region,Auckland.,1/01/2025,0434500,Auckland Region,Teritorial Authority,Auckland,Polygon,Polygon,MultiPolygon,MultiPolygon,1,MultiPolygon,1
Auckland,"Robbery, blackmail, and extortion",Aggravated robbery,Roberton.,NZ,Auckland Region,Auckland.,1/05/2025,0382800,Auckland Region,Teritorial Authority,Auckland,Polygon,Polygon,MultiPolygon,MultiPolygon,1,MultiPolygon,1
Auckland,"Robbery, blackmail, and extortion",Aggravated robbery,Hillpark.,NZ,Auckland Region,Auckland.,1/12/2023,0757100,Auckland Region,Teritorial Authority,Auckland,Polygon,Polygon,MultiPolygon,MultiPolygon,1,MultiPolygon,1
Auckland,"Robbery, blackmail, and extortion",Aggravated robbery,Auckland Central West.,NZ,Auckland Region,Auckland.,1/02/2025,0435802,Auckland Region,Teritorial Authority,Auckland,Polygon,Polygon,MultiPolygon,MultiPolygon,1,MultiPolygon,1
Auckland,"Robbery, blackmail, and extortion",Non-aggravated robbery,Mt Hobson.,NZ,Auckland Region,Auckland.,1/03/2024,0491302,Auckland Region,Teritorial Authority,Auckland,Polygon,Polygon,MultiPolygon,MultiPolygon,1,MultiPolygon,1
Auckland,"Robbery, blackmail, and extortion",Aggravated robbery,Papakura Central.,NZ,Auckland Region,Auckland.,1/09/2024,0793301,Auckland Region,Teritorial Authority,Auckland,Polygon,Polygon,MultiPolygon,MultiPolygon,1,MultiPolygon,1
Auckland,"Robbery, blackmail, and extortion",Aggravated robbery,Sunnynook.,NZ,Auckland Region,Auckland.,1/11/2023,0192500,Auckland Region,Teritorial Authority,Auckland,Polygon,Polygon,MultiPolygon,MultiPolygon,1,MultiPolygon,1
Auckland,"Robbery, blackmail, and extortion",Aggravated robbery,Ponsonby East.,NZ,Auckland Region,Auckland.,1/02/2024,0431000,Auckland Region,Teritorial Authority,Auckland,Polygon,Polygon,MultiPolygon,MultiPolygon,1,MultiPolygon,1
Auckland,"Robbery, blackmail, and extortion",Aggravated robbery,Auckland Central West.,NZ,Auckland Region,Auckland.,1/09/2023,0433801,Auckland Region,Teritorial Authority,Auckland,Polygon,Polygon,MultiPolygon,MultiPolygon,2,MultiPolygon,2
Auckland,"Robbery, blackmail, and extortion",Aggravated robbery,Glen Eden East.,NZ,Auckland Region,Auckland.,1/06/2025,0286200,Auckland Region,Teritorial Authority,Auckland,Polygon,Polygon,MultiPolygon,MultiPolygon,1,MultiPolygon,1
Auckland,"Robbery, blackmail, and extortion",Aggravated robbery,Auckland Central West.,NZ,Auckland Region,Auckland.,1/01/2025,0435202,Auckland Region,Teritorial Authority,Auckland,Polygon,Polygon,MultiPolygon,MultiPolygon,1,MultiPolygon,1
Auckland,"Robbery, blackmail, and extortion",Aggravated robbery,Fairburn.,NZ,Auckland Region,Auckland.,1/01/2025,0788201,Auckland Region,Teritorial Authority,Auckland,Polygon,Polygon,MultiPolygon,MultiPolygon,1,MultiPolygon,1
Auckland,"Robbery, blackmail, and extortion",Aggravated robbery,Sandringham North.,NZ,Auckland Region,Auckland.,1/03/2025,0536100,Auckland Region,Teritorial Authority,Auckland,Polygon,Polygon,MultiPolygon,MultiPolygon,1,MultiPolygon,1
Auckland,"Robbery, blackmail, and extortion",Blackmail or other extortion,Albany.,NZ,Auckland Region,Auckland.,1/04/2024,0178800,Auckland Region,Teritorial Authority,Auckland,Polygon,Polygon,MultiPolygon,MultiPolygon,1,MultiPolygon,1
Auckland,"Robbery, blackmail, and extortion",Non-aggravated robbery,Te Papapa.,NZ,Auckland Region,Auckland.,1/07/2025,0606300,Auckland Region,Teritorial Authority,Auckland,Polygon,Polygon,MultiPolygon,MultiPolygon,2,MultiPolygon,2
Auckland,"Robbery, blackmail, and extortion",Aggravated robbery,Glen Eden East.,NZ,Auckland Region,Auckland.,1/09/2024,0286200,Auckland Region,Teritorial Authority,Auckland,Polygon,Polygon,MultiPolygon,MultiPolygon,2,MultiPolygon,2
Auckland,"Robbery, blackmail, and extortion",Non-aggravated robbery,Mangere Central.,NZ,Auckland Region,Auckland.,1/01/2025,0740400,Auckland Region,Teritorial Authority,Auckland,Polygon,Polygon,MultiPolygon,MultiPolygon,1,MultiPolygon,1
Auckland,"Robbery, blackmail, and extortion",Aggravated robbery,Roberton.,NZ,Auckland Region,Auckland.,1/01/2025,0382200,Auckland Region,Teritorial Authority,Auckland,Polygon,Polygon,MultiPolygon,MultiPolygon,1,MultiPolygon,1
Auckland,"Robbery, blackmail, and extortion",Aggravated robbery,Auckland Central East.,NZ,Auckland Region,Auckland.,1/06/2025,0436203,Auckland Region,Teritorial Authority,Auckland,Polygon,Polygon,MultiPolygon,MultiPolygon,1,MultiPolygon,1
Auckland,"Robbery, blackmail, and extortion",Aggravated robbery,Mt Victoria.,NZ,Auckland Region,Auckland.,1/03/2024,0331900,Auckland Region,Teritorial Authority,Auckland,Polygon,Polygon,MultiPolygon,MultiPolygon,1,MultiPolygon,1
Auckland,"Robbery, blackmail, and extortion",Aggravated robbery,Burswood.,NZ,Auckland Region,Auckland.,1/03/2025,0711408,Auckland Region,Teritorial Authority,Auckland,Polygon,Polygon,MultiPolygon,MultiPolygon,1,MultiPolygon,1
Auckland,"Robbery, blackmail, and extortion",Aggravated robbery,Auckland Central East.,NZ,Auckland Region,Auckland.,1/03/2024,0436201,Auckland Region,Teritorial Authority,Auckland,Polygon,Polygon,MultiPolygon,MultiPolygon,1,MultiPolygon,1
Auckland,"Robbery, blackmail, and extortion",Blackmail or other extortion,Bledisloe Park.,NZ,Auckland Region,Auckland.,1/09/2023,0823200,Auckland Region,Teritorial Authority,Auckland,Polygon,Polygon,MultiPolygon,MultiPolygon,1,MultiPolygon,1
Auckland,"Robbery, blackmail, and extortion",Blackmail or other extortion,Ellerslie North.,NZ,Auckland Region,Auckland.,1/11/2023,0608900,Auckland Region,Teritorial Authority,Auckland,Polygon,Polygon,MultiPolygon,MultiPolygon,1,MultiPolygon,1
Auckland,"Robbery, blackmail, and extortion",Aggravated robbery,Point Chevalier South.,NZ,Auckland Region,Auckland.,1/02/2024,0391602,Auckland Region,Teritorial Authority,Auckland,Polygon,Polygon,MultiPolygon,MultiPolygon,2,MultiPolygon,2
Auckland,"Robbery, blackmail, and extortion",Blackmail or other extortion,Burswood.,NZ,Auckland Region,Auckland.,1/11/2023,0711406,Auckland Region,Teritorial Authority,Auckland,Polygon,Polygon,MultiPolygon,MultiPolygon,1,MultiPolygon,1
Auckland,"Robbery, blackmail, and extortion",Aggravated robbery,Auckland Central West.,NZ,Auckland Region,Auckland.,1/02/2024,0433200,Auckland Region,Teritorial Authority,Auckland,Polygon,Polygon,MultiPolygon,MultiPolygon,1,MultiPolygon,1
Auckland,"Robbery, blackmail, and extortion",Aggravated robbery,Sturges North.,NZ,Auckland Region,Auckland.,1/04/2024,0236703,Auckland Region,Teritorial Authority,Auckland,Polygon,Polygon,MultiPolygon,MultiPolygon,1,MultiPolygon,1
Auckland,"Robbery, blackmail, and extortion",Blackmail or other extortion,Lucken Point.,NZ,Auckland Region,Auckland.,1/05/2025,0224126,Auckland Region,Teritorial Authority,Auckland,Polygon,Polygon,MultiPolygon,MultiPolygon,1,MultiPolygon,1
Auckland,"Robbery, blackmail, and extortion",Blackmail or other extortion,Auckland Central West.,NZ,Auckland Region,Auckland.,1/06/2024,0433302,Auckland Region,Teritorial Authority,Auckland,Polygon,Polygon,MultiPolygon,MultiPolygon,1,MultiPolygon,1
Auckland,"Robbery, blackmail, and extortion",Aggravated robbery,Henderson North.,NZ,Auckland Region,Auckland.,1/12/2024,0239501,Auckland Region,Teritorial Authority,Auckland,Polygon,Polygon,MultiPolygon,MultiPolygon,1,MultiPolygon,1
Auckland,"Robbery, blackmail, and extortion",Aggravated robbery,St Lukes.,NZ,Auckland Region,Auckland.,1/02/2025,0535300,Auckland Region,Teritorial Authority,Auckland,Polygon,Polygon,MultiPolygon,MultiPolygon,1,MultiPolygon,1
Auckland,"Robbery, blackmail, and extortion",Aggravated robbery,Lynnmall.,NZ,Auckland Region,Auckland.,1/07/2025,0266000,Auckland Region,Teritorial Authority,Auckland,Polygon,Polygon,MultiPolygon,MultiPolygon,1,MultiPolygon,1
Auckland,"Robbery, blackmail, and extortion",Aggravated robbery,Harania West.,NZ,Auckland Region,Auckland.,1/02/2024,0734603,Auckland Region,Teritorial Authority,Auckland,Polygon,Polygon,MultiPolygon,MultiPolygon,1,MultiPolygon,1
Auckland,"Robbery, blackmail, and extortion",Aggravated robbery,Orakei North.,NZ,Auckland Region,Auckland.,1/03/2025,0500500,Auckland Region,Teritorial Authority,Auckland,Polygon,Polygon,MultiPolygon,MultiPolygon,1,MultiPolygon,1
Auckland,"Robbery, blackmail, and extortion",Aggravated robbery,Auckland Central West.,NZ,Auckland Region,Auckland.,1/03/2024,0435100,Auckland Region,Teritorial Authority,Auckland,Polygon,Polygon,MultiPolygon,MultiPolygon,1,MultiPolygon,1
Auckland,"Robbery, blackmail, and extortion",Non-aggravated robbery,Ormiston.,NZ,Auckland Region,Auckland.,1/08/2023,0713100,Auckland Region,Teritorial Authority,Auckland,Polygon,Polygon,MultiPolygon,MultiPolygon,1,MultiPolygon,1
Auckland,"Robbery, blackmail, and extortion",Blackmail or other extortion,Eden Terrace.,NZ,Auckland Region,Auckland.,1/01/2024,0419600,Auckland Region,Teritorial Authority,Auckland,Polygon,Polygon,MultiPolygon,MultiPolygon,1,MultiPolygon,1
Auckland,"Robbery, blackmail, and extortion",Aggravated robbery,Hillpark.,NZ,Auckland Region,Auckland.,1/02/2024,0757100,Auckland Region,Teritorial Authority,Auckland,Polygon,Polygon,MultiPolygon,MultiPolygon,1,MultiPolygon,1
Auckland,"Robbery, blackmail, and extortion",Aggravated robbery,Albany.,NZ,Auckland Region,Auckland.,1/10/2023,0178900,Auckland Region,Teritorial Authority,Auckland,Polygon,Polygon,MultiPolygon,MultiPolygon,1,MultiPolygon,1
Auckland,"Robbery, blackmail, and extortion",Blackmail or other extortion,Westlake.,NZ,Auckland Region,Auckland.,1/05/2025,0306900,Auckland Region,Teritorial Authority,Auckland,Polygon,Polygon,MultiPolygon,MultiPolygon,1,MultiPolygon,1
Auckland,"Robbery, blackmail, and extortion",Aggravated robbery,Edgewater.,NZ,Auckland Region,Auckland.,1/02/2025,0683900,Auckland Region,Teritorial Authority,Auckland,Polygon,Polygon,MultiPolygon,MultiPolygon,1,MultiPolygon,1
Auckland,"Robbery, blackmail, and extortion",Blackmail or other extortion,Auckland Central West.,NZ,Auckland Region,Auckland.,1/12/2024,0435000,Auckland Region,Teritorial Authority,Auckland,Polygon,Polygon,MultiPolygon,MultiPolygon,1,MultiPolygon,1
Auckland,"Robbery, blackmail, and extortion",Aggravated robbery,Auckland Harbourside.,NZ,Auckland Region,Auckland.,1/02/2025,0432900,Auckland Region,Teritorial Authority,Auckland,Polygon,Polygon,MultiPolygon,MultiPolygon,1,MultiPolygon,1
Auckland,"Robbery, blackmail, and extortion",Aggravated robbery,Sandringham West.,NZ,Auckland Region,Auckland.,1/07/2025,0542000,Auckland Region,Teritorial Authority,Auckland,Polygon,Polygon,MultiPolygon,MultiPolygon,1,MultiPolygon,1
Auckland,"Robbery, blackmail, and extortion",Aggravated robbery,Papatoetoe North.,NZ,Auckland Region,Auckland.,1/03/2024,0663200,Auckland Region,Teritorial Authority,Auckland,Polygon,Polygon,MultiPolygon,MultiPolygon,1,MultiPolygon,1
Auckland,"Robbery, blackmail, and extortion",Aggravated robbery,St Lukes.,NZ,Auckland Region,Auckland.,1/11/2024,0535100,Auckland Region,Teritorial Authority,Auckland,Polygon,Polygon,MultiPolygon,MultiPolygon,1,MultiPolygon,1
Auckland,"Robbery, blackmail, and extortion",Aggravated robbery,Papakura Central.,NZ,Auckland Region,Auckland.,1/03/2024,0793000,Auckland Region,Teritorial Authority,Auckland,Polygon,Polygon,MultiPolygon,MultiPolygon,1,MultiPolygon,1
Auckland,"Robbery, blackmail, and extortion",Aggravated robbery,Beaumont.,NZ,Auckland Region,Auckland.,1/03/2024,0754100,Auckland Region,Teritorial Authority,Auckland,Polygon,Polygon,MultiPolygon,MultiPolygon,1,MultiPolygon,1
Auckland,"Robbery, blackmail, and extortion",Non-aggravated robbery,Bledisloe Park.,NZ,Auckland Region,Auckland.,1/09/2023,0823200,Auckland Region,Teritorial Authority,Auckland,Polygon,Polygon,MultiPolygon,MultiPolygon,1,MultiPolygon,1
Auckland,"Robbery, blackmail, and extortion",Blackmail or other extortion,Birdwood East.,NZ,Auckland Region,Auckland.,1/05/2025,0226902,Auckland Region,Teritorial Authority,Auckland,Polygon,Polygon,MultiPolygon,MultiPolygon,1,MultiPolygon,1
Auckland,"Robbery, blackmail, and extortion",Aggravated robbery,Otahuhu North.,NZ,Auckland Region,Auckland.,1/09/2024,0787300,Auckland Region,Teritorial Authority,Auckland,Polygon,Polygon,MultiPolygon,MultiPolygon,1,MultiPolygon,1
Auckland,"Robbery, blackmail, and extortion",Blackmail or other extortion,Hamlin.,NZ,Auckland Region,Auckland.,1/01/2025,0640002,Auckland Region,Teritorial Authority,Auckland,Polygon,Polygon,MultiPolygon,MultiPolygon,1,MultiPolygon,1
Auckland,"Robbery, blackmail, and extortion",Aggravated robbery,Beaumont.,NZ,Auckland Region,Auckland.,1/02/2025,0753202,Auckland Region,Teritorial Authority,Auckland,Polygon,Polygon,MultiPolygon,MultiPolygon,1,MultiPolygon,1
Auckland,"Robbery, blackmail, and extortion",Aggravated robbery,Beaumont.,NZ,Auckland Region,Auckland.,1/07/2025,0753000,Auckland Region,Teritorial Authority,Auckland,Polygon,Polygon,MultiPolygon,MultiPolygon,1,MultiPolygon,1
Auckland,"Robbery, blackmail, and extortion",Aggravated robbery,Otahuhu West.,NZ,Auckland Region,Auckland.,1/12/2023,0785400,Auckland Region,Teritorial Authority,Auckland,Polygon,Polygon,MultiPolygon,MultiPolygon,1,MultiPolygon,1
Auckland,"Robbery, blackmail, and extortion",Aggravated robbery,Papatoetoe Central.,NZ,Auckland Region,Auckland.,1/12/2024,0663900,Auckland Region,Teritorial Authority,Auckland,Polygon,Polygon,MultiPolygon,MultiPolygon,1,MultiPolygon,1
Auckland,"Robbery, blackmail, and extortion",Aggravated robbery,Papakura Central.,NZ,Auckland Region,Auckland.,1/05/2024,0793400,Auckland Region,Teritorial Authority,Auckland,Polygon,Polygon,MultiPolygon,MultiPolygon,1,MultiPolygon,1
Auckland,"Robbery, blackmail, and extortion",Aggravated robbery,Papatoetoe Central.,NZ,Auckland Region,Auckland.,1/12/2023,0663600,Auckland Region,Teritorial Authority,Auckland,Polygon,Polygon,MultiPolygon,MultiPolygon,1,MultiPolygon,1
Auckland,"Robbery, blackmail, and extortion",Blackmail or other extortion,Oaktree.,NZ,Auckland Region,Auckland.,1/06/2025,0158702,Auckland Region,Teritorial Authority,Auckland,Polygon,Polygon,MultiPolygon,MultiPolygon,1,MultiPolygon,1
Auckland,"Robbery, blackmail, and extortion",Aggravated robbery,Auckland Central West.,NZ,Auckland Region,Auckland.,1/01/2024,0435100,Auckland Region,Teritorial Authority,Auckland,Polygon,Polygon,MultiPolygon,MultiPolygon,1,MultiPolygon,1
Auckland,"Robbery, blackmail, and extortion",Blackmail or other extortion,North Harbour East.,NZ,Auckland Region,Auckland.,1/08/2024,0180809,Auckland Region,Teritorial Authority,Auckland,Polygon,Polygon,MultiPolygon,MultiPolygon,1,MultiPolygon,1
Auckland,"Robbery, blackmail, and extortion",Non-aggravated robbery,Mt Wellington South.,NZ,Auckland Region,Auckland.,1/12/2024,0637500,Auckland Region,Teritorial Authority,Auckland,Polygon,Polygon,MultiPolygon,MultiPolygon,1,MultiPolygon,1
Auckland,"Robbery, blackmail, and extortion",Aggravated robbery,Edgewater.,NZ,Auckland Region,Auckland.,1/03/2025,0683000,Auckland Region,Teritorial Authority,Auckland,Polygon,Polygon,MultiPolygon,MultiPolygon,1,MultiPolygon,1
Auckland,"Robbery, blackmail, and extortion",Blackmail or other extortion,Edgewater.,NZ,Auckland Region,Auckland.,1/11/2024,0683200,Auckland Region,Teritorial Authority,Auckland,Polygon,Polygon,MultiPolygon,MultiPolygon,2,MultiPolygon,2
Auckland,"Robbery, blackmail, and extortion",Aggravated robbery,Papatoetoe North.,NZ,Auckland Region,Auckland.,1/11/2023,0663200,Auckland Region,Teritorial Authority,Auckland,Polygon,Polygon,MultiPolygon,MultiPolygon,1,MultiPolygon,1
Auckland,"Robbery, blackmail, and extortion",Aggravated robbery,Papakura East.,NZ,Auckland Region,Auckland.,1/02/2025,0799119,Auckland Region,Teritorial Authority,Auckland,Polygon,Polygon,MultiPolygon,MultiPolygon,1,MultiPolygon,1
Auckland,"Robbery, blackmail, and extortion",Aggravated robbery,Pukekohe North.,NZ,Auckland Region,Auckland.,1/06/2024,0818700,Auckland Region,Teritorial Authority,Auckland,Polygon,Polygon,MultiPolygon,MultiPolygon,1,MultiPolygon,1
Auckland,"Robbery, blackmail, and extortion",Aggravated robbery,Albany.,NZ,Auckland Region,Auckland.,1/02/2024,0178900,Auckland Region,Teritorial Authority,Auckland,Polygon,Polygon,MultiPolygon,MultiPolygon,2,MultiPolygon,2
Auckland,"Robbery, blackmail, and extortion",Aggravated robbery,Puhinui North.,NZ,Auckland Region,Auckland.,1/03/2024,0672200,Auckland Region,Teritorial Authority,Auckland,Polygon,Polygon,MultiPolygon,MultiPolygon,1,MultiPolygon,1
Auckland,"Robbery, blackmail, and extortion",Non-aggravated robbery,Wiri.,NZ,Auckland Region,Auckland.,1/03/2024,0780506,Auckland Region,Teritorial Authority,Auckland,Polygon,Polygon,MultiPolygon,MultiPolygon,1,MultiPolygon,1
Auckland,"Robbery, blackmail, and extortion",Blackmail or other extortion,Paremoremo East.,NZ,Auckland Region,Auckland.,1/05/2024,0179600,Auckland Region,Teritorial Authority,Auckland,Polygon,Polygon,MultiPolygon,MultiPolygon,1,MultiPolygon,1
Auckland,"Robbery, blackmail, and extortion",Non-aggravated robbery,Puhinui North.,NZ,Auckland Region,Auckland.,1/01/2025,0671801,Auckland Region,Teritorial Authority,Auckland,Polygon,Polygon,MultiPolygon,MultiPolygon,1,MultiPolygon,1
Auckland,"Robbery, blackmail, and extortion",Non-aggravated robbery,Howick Central.,NZ,Auckland Region,Auckland.,1/03/2025,0648600,Auckland Region,Teritorial Authority,Auckland,Polygon,Polygon,MultiPolygon,MultiPolygon,1,MultiPolygon,1
Auckland,"Robbery, blackmail, and extortion",Aggravated robbery,Durham Green.,NZ,Auckland Region,Auckland.,1/05/2025,0248900,Auckland Region,Teritorial Authority,Auckland,Polygon,Polygon,MultiPolygon,MultiPolygon,1,MultiPolygon,1
Auckland,"Robbery, blackmail, and extortion",Aggravated robbery,Mascot.,NZ,Auckland Region,Auckland.,1/03/2024,0742101,Auckland Region,Teritorial Authority,Auckland,Polygon,Polygon,MultiPolygon,MultiPolygon,1,MultiPolygon,1
Auckland,"Robbery, blackmail, and extortion",Aggravated robbery,Harania West.,NZ,Auckland Region,Auckland.,1/11/2024,0734603,Auckland Region,Teritorial Authority,Auckland,Polygon,Polygon,MultiPolygon,MultiPolygon,1,MultiPolygon,1
Auckland,"Robbery, blackmail, and extortion",Blackmail or other extortion,Papakura North.,NZ,Auckland Region,Auckland.,1/05/2024,0790700,Auckland Region,Teritorial Authority,Auckland,Polygon,Polygon,MultiPolygon,MultiPolygon,1,MultiPolygon,1
Auckland,"Robbery, blackmail, and extortion",Aggravated robbery,Rongomai.,NZ,Auckland Region,Auckland.,1/02/2024,0712902,Auckland Region,Teritorial Authority,Auckland,Polygon,Polygon,MultiPolygon,MultiPolygon,1,MultiPolygon,1
Auckland,"Robbery, blackmail, and extortion",Non-aggravated robbery,Mangere East.,NZ,Auckland Region,Auckland.,1/03/2024,0747804,Auckland Region,Teritorial Authority,Auckland,Polygon,Polygon,MultiPolygon,MultiPolygon,1,MultiPolygon,1
Auckland,"Robbery, blackmail, and extortion",Non-aggravated robbery,Sandringham West.,NZ,Auckland Region,Auckland.,1/10/2023,0540300,Auckland Region,Teritorial Authority,Auckland,Polygon,Polygon,MultiPolygon,MultiPolygon,1,MultiPolygon,1
Auckland,"Robbery, blackmail, and extortion",Blackmail or other extortion,Narrow Neck.,NZ,Auckland Region,Auckland.,1/06/2025,0338100,Auckland Region,Teritorial Authority,Auckland,Polygon,Polygon,MultiPolygon,MultiPolygon,1,MultiPolygon,1
Auckland,"Robbery, blackmail, and extortion",Non-aggravated robbery,Akarana.,NZ,Auckland Region,Auckland.,1/01/2024,0582700,Auckland Region,Teritorial Authority,Auckland,Polygon,Polygon,MultiPolygon,MultiPolygon,1,MultiPolygon,1
Auckland,"Robbery, blackmail, and extortion",Non-aggravated robbery,Manurewa Central.,NZ,Auckland Region,Auckland.,1/10/2023,0751600,Auckland Region,Teritorial Authority,Auckland,Polygon,Polygon,MultiPolygon,MultiPolygon,1,MultiPolygon,1
Auckland,"Robbery, blackmail, and extortion",Blackmail or other extortion,Orewa West.,NZ,Auckland Region,Auckland.,1/06/2025,0176411,Auckland Region,Teritorial Authority,Auckland,Polygon,Polygon,MultiPolygon,MultiPolygon,1,MultiPolygon,1
Auckland,"Robbery, blackmail, and extortion",Non-aggravated robbery,Sunnyvale.,NZ,Auckland Region,Auckland.,1/05/2024,0277902,Auckland Region,Teritorial Authority,Auckland,Polygon,Polygon,MultiPolygon,MultiPolygon,1,MultiPolygon,1
Auckland,"Robbery, blackmail, and extortion",Aggravated robbery,Fruitvale.,NZ,Auckland Region,Auckland.,1/01/2024,0263500,Auckland Region,Teritorial Authority,Auckland,Polygon,Polygon,MultiPolygon,MultiPolygon,1,MultiPolygon,1
Auckland,"Robbery, blackmail, and extortion",Non-aggravated robbery,Manurewa Central.,NZ,Auckland Region,Auckland.,1/04/2024,0751600,Auckland Region,Teritorial Authority,Auckland,Polygon,Polygon,MultiPolygon,MultiPolygon,2,MultiPolygon,2
Auckland,"Robbery, blackmail, and extortion",Blackmail or other extortion,Parrs Park.,NZ,Auckland Region,Auckland.,1/01/2024,0278213,Auckland Region,Teritorial Authority,Auckland,Polygon,Polygon,MultiPolygon,MultiPolygon,1,MultiPolygon,1
Auckland,"Robbery, blackmail, and extortion",Aggravated robbery,St Lukes.,NZ,Auckland Region,Auckland.,1/10/2024,0533100,Auckland Region,Teritorial Authority,Auckland,Polygon,Polygon,MultiPolygon,MultiPolygon,1,MultiPolygon,1
Auckland,"Robbery, blackmail, and extortion",Aggravated robbery,Auckland Harbourside.,NZ,Auckland Region,Auckland.,1/12/2023,0432800,Auckland Region,Teritorial Authority,Auckland,Polygon,Polygon,MultiPolygon,MultiPolygon,1,MultiPolygon,1
Auckland,"Robbery, blackmail, and extortion",Aggravated robbery,Leabank.,NZ,Auckland Region,Auckland.,1/11/2024,0771500,Auckland Region,Teritorial Authority,Auckland,Polygon,Polygon,MultiPolygon,MultiPolygon,1,MultiPolygon,1
Auckland,"Robbery, blackmail, and extortion",Aggravated robbery,Bledisloe Park.,NZ,Auckland Region,Auckland.,1/08/2023,0823300,Auckland Region,Teritorial Authority,Auckland,Polygon,Polygon,MultiPolygon,MultiPolygon,1,MultiPolygon,1
Auckland,"Robbery, blackmail, and extortion",Blackmail or other extortion,Point Chevalier East.,NZ,Auckland Region,Auckland.,1/02/2024,0397300,Auckland Region,Teritorial Authority,Auckland,Polygon,Polygon,MultiPolygon,MultiPolygon,1,MultiPolygon,1
Auckland,"Robbery, blackmail, and extortion",Aggravated robbery,Newmarket.,NZ,Auckland Region,Auckland.,1/03/2024,0450000,Auckland Region,Teritorial Authority,Auckland,Polygon,Polygon,MultiPolygon,MultiPolygon,1,MultiPolygon,1
Auckland,"Robbery, blackmail, and extortion",Aggravated robbery,Glendowie.,NZ,Auckland Region,Auckland.,1/02/2025,0513900,Auckland Region,Teritorial Authority,Auckland,Polygon,Polygon,MultiPolygon,MultiPolygon,1,MultiPolygon,1
Auckland,"Robbery, blackmail, and extortion",Aggravated robbery,Grange.,NZ,Auckland Region,Auckland.,1/01/2024,0695700,Auckland Region,Teritorial Authority,Auckland,Polygon,Polygon,MultiPolygon,MultiPolygon,2,MultiPolygon,2
Auckland,"Robbery, blackmail, and extortion",Aggravated robbery,Epsom Central.,NZ,Auckland Region,Auckland.,1/12/2024,0447200,Auckland Region,Teritorial Authority,Auckland,Polygon,Polygon,MultiPolygon,MultiPolygon,2,MultiPolygon,2
Auckland,"Robbery, blackmail, and extortion",Aggravated robbery,Castor Bay.,NZ,Auckland Region,Auckland.,1/01/2025,0314100,Auckland Region,Teritorial Authority,Auckland,Polygon,Polygon,MultiPolygon,MultiPolygon,1,MultiPolygon,1
Auckland,"Robbery, blackmail, and extortion",Non-aggravated robbery,Royal Oak.,NZ,Auckland Region,Auckland.,1/05/2025,0565500,Auckland Region,Teritorial Authority,Auckland,Polygon,Polygon,MultiPolygon,MultiPolygon,1,MultiPolygon,1
Auckland,"Robbery, blackmail, and extortion",Aggravated robbery,Manukau Central.,NZ,Auckland Region,Auckland.,1/12/2023,0780302,Auckland Region,Teritorial Authority,Auckland,Polygon,Polygon,MultiPolygon,MultiPolygon,1,MultiPolygon,1
Auckland,"Robbery, blackmail, and extortion",Aggravated robbery,Surrey Crescent.,NZ,Auckland Region,Auckland.,1/10/2024,0406101,Auckland Region,Teritorial Authority,Auckland,Polygon,Polygon,MultiPolygon,MultiPolygon,1,MultiPolygon,1
Auckland,"Robbery, blackmail, and extortion",Aggravated robbery,Papakura East.,NZ,Auckland Region,Auckland.,1/10/2023,0799118,Auckland Region,Teritorial Authority,Auckland,Polygon,Polygon,MultiPolygon,MultiPolygon,1,MultiPolygon,1
Auckland,"Robbery, blackmail, and extortion",Non-aggravated robbery,Ellerslie South.,NZ,Auckland Region,Auckland.,1/09/2023,0611500,Auckland Region,Teritorial Authority,Auckland,Polygon,Polygon,MultiPolygon,MultiPolygon,2,MultiPolygon,2
Auckland,"Robbery, blackmail, and extortion",Blackmail or other extortion,Vipond.,NZ,Auckland Region,Auckland.,1/07/2025,0173306,Auckland Region,Teritorial Authority,Auckland,Polygon,Polygon,MultiPolygon,MultiPolygon,1,MultiPolygon,1
Auckland,"Robbery, blackmail, and extortion",Aggravated robbery,Auckland Harbourside.,NZ,Auckland Region,Auckland.,1/03/2024,0432900,Auckland Region,Teritorial Authority,Auckland,Polygon,Polygon,MultiPolygon,MultiPolygon,2,MultiPolygon,2
Auckland,"Robbery, blackmail, and extortion",Blackmail or other extortion,Owairaka West.,NZ,Auckland Region,Auckland.,1/05/2025,0519800,Auckland Region,Teritorial Authority,Auckland,Polygon,Polygon,MultiPolygon,MultiPolygon,1,MultiPolygon,1
Auckland,"Robbery, blackmail, and extortion",Blackmail or other extortion,Westlake.,NZ,Auckland Region,Auckland.,1/11/2023,0304900,Auckland Region,Teritorial Authority,Auckland,Polygon,Polygon,MultiPolygon,MultiPolygon,1,MultiPolygon,1
Auckland,"Robbery, blackmail, and extortion",Blackmail or other extortion,Te Atatu Central.,NZ,Auckland Region,Auckland.,1/04/2024,0250106,Auckland Region,Teritorial Authority,Auckland,Polygon,Polygon,MultiPolygon,MultiPolygon,1,MultiPolygon,1
Auckland,"Robbery, blackmail, and extortion",Non-aggravated robbery,Takanini North.,NZ,Auckland Region,Auckland.,1/01/2024,0767002,Auckland Region,Teritorial Authority,Auckland,Polygon,Polygon,MultiPolygon,MultiPolygon,1,MultiPolygon,1
Auckland,"Robbery, blackmail, and extortion",Aggravated robbery,Mt Albert Central.,NZ,Auckland Region,Auckland.,1/11/2023,0526700,Auckland Region,Teritorial Authority,Auckland,Polygon,Polygon,MultiPolygon,MultiPolygon,1,MultiPolygon,1
Auckland,"Robbery, blackmail, and extortion",Aggravated robbery,Pukekohe North.,NZ,Auckland Region,Auckland.,1/02/2024,0818900,Auckland Region,Teritorial Authority,Auckland,Polygon,Polygon,MultiPolygon,MultiPolygon,1,MultiPolygon,1
Auckland,"Robbery, blackmail, and extortion",Aggravated robbery,Greenmount.,NZ,Auckland Region,Auckland.,1/02/2025,0711716,Auckland Region,Teritorial Authority,Auckland,Polygon,Polygon,MultiPolygon,MultiPolygon,1,MultiPolygon,1
Auckland,"Robbery, blackmail, and extortion",Aggravated robbery,Mill Road.,NZ,Auckland Region,Auckland.,1/08/2024,0760812,Auckland Region,Teritorial Authority,Auckland,Polygon,Polygon,MultiPolygon,MultiPolygon,1,MultiPolygon,1
Auckland,"Robbery, blackmail, and extortion",Aggravated robbery,Leabank.,NZ,Auckland Region,Auckland.,1/10/2023,0771700,Auckland Region,Teritorial Authority,Auckland,Polygon,Polygon,MultiPolygon,MultiPolygon,2,MultiPolygon,2
Auckland,"Robbery, blackmail, and extortion",Blackmail or other extortion,Henderson North.,NZ,Auckland Region,Auckland.,1/01/2025,0240000,Auckland Region,Teritorial Authority,Auckland,Polygon,Polygon,MultiPolygon,MultiPolygon,1,MultiPolygon,1
Auckland,"Robbery, blackmail, and extortion",Aggravated robbery,Mangere East.,NZ,Auckland Region,Auckland.,1/07/2025,0747700,Auckland Region,Teritorial Authority,Auckland,Polygon,Polygon,MultiPolygon,MultiPolygon,1,MultiPolygon,1
Auckland,"Robbery, blackmail, and extortion",Aggravated robbery,Glen Eden East.,NZ,Auckland Region,Auckland.,1/01/2024,0286200,Auckland Region,Teritorial Authority,Auckland,Polygon,Polygon,MultiPolygon,MultiPolygon,1,MultiPolygon,1
Auckland,"Robbery, blackmail, and extortion",Aggravated robbery,Redoubt South.,NZ,Auckland Region,Auckland.,1/02/2025,0759903,Auckland Region,Teritorial Authority,Auckland,Polygon,Polygon,MultiPolygon,MultiPolygon,1,MultiPolygon,1
Auckland,"Robbery, blackmail, and extortion",Aggravated robbery,Papakura North.,NZ,Auckland Region,Auckland.,1/12/2024,0790800,Auckland Region,Teritorial Authority,Auckland,Polygon,Polygon,MultiPolygon,MultiPolygon,1,MultiPolygon,1
Auckland,"Robbery, blackmail, and extortion",Non-aggravated robbery,Manukau Central.,NZ,Auckland Region,Auckland.,1/07/2024,0780204,Auckland Region,Teritorial Authority,Auckland,Polygon,Polygon,MultiPolygon,MultiPolygon,1,MultiPolygon,1
Auckland,"Robbery, blackmail, and extortion",Aggravated robbery,Auckland Central West.,NZ,Auckland Region,Auckland.,1/03/2024,0434802,Auckland Region,Teritorial Authority,Auckland,Polygon,Polygon,MultiPolygon,MultiPolygon,1,MultiPolygon,1
Auckland,"Robbery, blackmail, and extortion",Blackmail or other extortion,Leabank.,NZ,Auckland Region,Auckland.,1/05/2025,0772400,Auckland Region,Teritorial Authority,Auckland,Polygon,Polygon,MultiPolygon,MultiPolygon,1,MultiPolygon,1
Auckland,"Robbery, blackmail, and extortion",Blackmail or other extortion,Durham Green.,NZ,Auckland Region,Auckland.,1/12/2023,0244700,Auckland Region,Teritorial Authority,Auckland,Polygon,Polygon,MultiPolygon,MultiPolygon,1,MultiPolygon,1
Auckland,"Robbery, blackmail, and extortion",Aggravated robbery,Waimumu North.,NZ,Auckland Region,Auckland.,1/04/2024,0227303,Auckland Region,Teritorial Authority,Auckland,Polygon,Polygon,MultiPolygon,MultiPolygon,1,MultiPolygon,1
Auckland,"Robbery, blackmail, and extortion",Blackmail or other extortion,Sturges North.,NZ,Auckland Region,Auckland.,1/12/2023,0236803,Auckland Region,Teritorial Authority,Auckland,Polygon,Polygon,MultiPolygon,MultiPolygon,1,MultiPolygon,1
Auckland,"Robbery, blackmail, and extortion",Non-aggravated robbery,Silverdale Central.,NZ,Auckland Region,Auckland.,1/04/2024,0176504,Auckland Region,Teritorial Authority,Auckland,Polygon,Polygon,MultiPolygon,MultiPolygon,1,MultiPolygon,1
Auckland,"Robbery, blackmail, and extortion",Blackmail or other extortion,Papakura North.,NZ,Auckland Region,Auckland.,1/02/2025,0792800,Auckland Region,Teritorial Authority,Auckland,Polygon,Polygon,MultiPolygon,MultiPolygon,1,MultiPolygon,1
Auckland,"Robbery, blackmail, and extortion",Non-aggravated robbery,Randwick Park.,NZ,Auckland Region,Auckland.,1/09/2024,0759724,Auckland Region,Teritorial Authority,Auckland,Polygon,Polygon,MultiPolygon,MultiPolygon,1,MultiPolygon,1
Auckland,"Robbery, blackmail, and extortion",Non-aggravated robbery,St Lukes.,NZ,Auckland Region,Auckland.,1/08/2024,0535207,Auckland Region,Teritorial Authority,Auckland,Polygon,Polygon,MultiPolygon,MultiPolygon,1,MultiPolygon,1
Auckland,"Robbery, blackmail, and extortion",Aggravated robbery,Newton.,NZ,Auckland Region,Auckland.,1/04/2024,0412000,Auckland Region,Teritorial Authority,Auckland,Polygon,Polygon,MultiPolygon,MultiPolygon,1,MultiPolygon,1
Auckland,"Robbery, blackmail, and extortion",Blackmail or other extortion,Leabank.,NZ,Auckland Region,Auckland.,1/06/2025,0770100,Auckland Region,Teritorial Authority,Auckland,Polygon,Polygon,MultiPolygon,MultiPolygon,1,MultiPolygon,1
Auckland,"Robbery, blackmail, and extortion",Aggravated robbery,Papakura South.,NZ,Auckland Region,Auckland.,1/03/2025,0800800,Auckland Region,Teritorial Authority,Auckland,Polygon,Polygon,MultiPolygon,MultiPolygon,3,MultiPolygon,3
Auckland,"Robbery, blackmail, and extortion",Aggravated robbery,Wakeling.,NZ,Auckland Region,Auckland.,1/04/2024,0254500,Auckland Region,Teritorial Authority,Auckland,Polygon,Polygon,MultiPolygon,MultiPolygon,1,MultiPolygon,1
Auckland,"Robbery, blackmail, and extortion",Aggravated robbery,Rosehill.,NZ,Auckland Region,Auckland.,1/03/2024,0805300,Auckland Region,Teritorial Authority,Auckland,Polygon,Polygon,MultiPolygon,MultiPolygon,1,MultiPolygon,1
Auckland,"Robbery, blackmail, and extortion",Blackmail or other extortion,Onehunga North East.,NZ,Auckland Region,Auckland.,1/07/2025,0594400,Auckland Region,Teritorial Authority,Auckland,Polygon,Polygon,MultiPolygon,MultiPolygon,1,MultiPolygon,1
Auckland,"Robbery, blackmail, and extortion",Aggravated robbery,Wiri.,NZ,Auckland Region,Auckland.,1/01/2024,0780416,Auckland Region,Teritorial Authority,Auckland,Polygon,Polygon,MultiPolygon,MultiPolygon,1,MultiPolygon,1
Auckland,"Robbery, blackmail, and extortion",Aggravated robbery,Manukau Central.,NZ,Auckland Region,Auckland.,1/11/2024,0780204,Auckland Region,Teritorial Authority,Auckland,Polygon,Polygon,MultiPolygon,MultiPolygon,1,MultiPolygon,1
Auckland,"Robbery, blackmail, and extortion",Non-aggravated robbery,Red Beach East.,NZ,Auckland Region,Auckland.,1/08/2023,0173115,Auckland Region,Teritorial Authority,Auckland,Polygon,Polygon,MultiPolygon,MultiPolygon,1,MultiPolygon,1
Auckland,"Robbery, blackmail, and extortion",Aggravated robbery,Manukau Central.,NZ,Auckland Region,Auckland.,1/02/2024,0780209,Auckland Region,Teritorial Authority,Auckland,Polygon,Polygon,MultiPolygon,MultiPolygon,1,MultiPolygon,1
Auckland,"Robbery, blackmail, and extortion",Aggravated robbery,North Harbour East.,NZ,Auckland Region,Auckland.,1/12/2023,0180809,Auckland Region,Teritorial Authority,Auckland,Polygon,Polygon,MultiPolygon,MultiPolygon,1,MultiPolygon,1
Auckland,"Robbery, blackmail, and extortion",Aggravated robbery,Kauri Park.,NZ,Auckland Region,Auckland.,1/04/2024,0351600,Auckland Region,Teritorial Authority,Auckland,Polygon,Polygon,MultiPolygon,MultiPolygon,2,MultiPolygon,2
Auckland,"Robbery, blackmail, and extortion",Aggravated robbery,Takanini North.,NZ,Auckland Region,Auckland.,1/11/2024,0768200,Auckland Region,Teritorial Authority,Auckland,Polygon,Polygon,MultiPolygon,MultiPolygon,1,MultiPolygon,1
Auckland,"Robbery, blackmail, and extortion",Non-aggravated robbery,Randwick Park.,NZ,Auckland Region,Auckland.,1/03/2025,0759711,Auckland Region,Teritorial Authority,Auckland,Polygon,Polygon,MultiPolygon,MultiPolygon,1,MultiPolygon,1
Auckland,"Robbery, blackmail, and extortion",Aggravated robbery,Point England.,NZ,Auckland Region,Auckland.,1/09/2024,0477201,Auckland Region,Teritorial Authority,Auckland,Polygon,Polygon,MultiPolygon,MultiPolygon,1,MultiPolygon,1
Auckland,"Robbery, blackmail, and extortion",Aggravated robbery,Papakura North.,NZ,Auckland Region,Auckland.,1/03/2024,0790800,Auckland Region,Teritorial Authority,Auckland,Polygon,Polygon,MultiPolygon,MultiPolygon,1,MultiPolygon,1
Auckland,"Robbery, blackmail, and extortion",Blackmail or other extortion,Pukekohe West.,NZ,Auckland Region,Auckland.,1/11/2023,0820504,Auckland Region,Teritorial Authority,Auckland,Polygon,Polygon,MultiPolygon,MultiPolygon,1,MultiPolygon,1
Auckland,"Robbery, blackmail, and extortion",Blackmail or other extortion,Walmsley.,NZ,Auckland Region,Auckland.,1/01/2025,0578400,Auckland Region,Teritorial Authority,Auckland,Polygon,Polygon,MultiPolygon,MultiPolygon,1,MultiPolygon,1
Auckland,"Robbery, blackmail, and extortion",Blackmail or other extortion,Dingwall.,NZ,Auckland Region,Auckland.,1/01/2025,0696809,Auckland Region,Teritorial Authority,Auckland,Polygon,Polygon,MultiPolygon,MultiPolygon,1,MultiPolygon,1
Auckland,"Robbery, blackmail, and extortion",Aggravated robbery,Donegal Park.,NZ,Auckland Region,Auckland.,1/03/2025,0713300,Auckland Region,Teritorial Authority,Auckland,Polygon,Polygon,MultiPolygon,MultiPolygon,1,MultiPolygon,1
Auckland,"Robbery, blackmail, and extortion",Aggravated robbery,Ellerslie North.,NZ,Auckland Region,Auckland.,1/03/2024,0610601,Auckland Region,Teritorial Authority,Auckland,Polygon,Polygon,MultiPolygon,MultiPolygon,1,MultiPolygon,1
Auckland,"Robbery, blackmail, and extortion",Blackmail or other extortion,Oranga.,NZ,Auckland Region,Auckland.,1/07/2025,0604000,Auckland Region,Teritorial Authority,Auckland,Polygon,Polygon,MultiPolygon,MultiPolygon,1,MultiPolygon,1
Auckland,"Robbery, blackmail, and extortion",Aggravated robbery,Roberton.,NZ,Auckland Region,Auckland.,1/01/2025,0382800,Auckland Region,Teritorial Authority,Auckland,Polygon,Polygon,MultiPolygon,MultiPolygon,1,MultiPolygon,1
Auckland,"Robbery, blackmail, and extortion",Aggravated robbery,Otahuhu West.,NZ,Auckland Region,Auckland.,1/10/2024,0781900,Auckland Region,Teritorial Authority,Auckland,Polygon,Polygon,MultiPolygon,MultiPolygon,3,MultiPolygon,3
Auckland,"Robbery, blackmail, and extortion",Aggravated robbery,Kohuora.,NZ,Auckland Region,Auckland.,1/07/2025,0746313,Auckland Region,Teritorial Authority,Auckland,Polygon,Polygon,MultiPolygon,MultiPolygon,1,MultiPolygon,1
Auckland,"Robbery, blackmail, and extortion",Aggravated robbery,Homai East.,NZ,Auckland Region,Auckland.,1/07/2025,0777700,Auckland Region,Teritorial Authority,Auckland,Polygon,Polygon,MultiPolygon,MultiPolygon,1,MultiPolygon,1
Auckland,"Robbery, blackmail, and extortion",Aggravated robbery,Beachlands-Maraetai.,NZ,Auckland Region,Auckland.,1/04/2024,0719400,Auckland Region,Teritorial Authority,Auckland,MultiPolygon,Polygon,MultiPolygon,MultiPolygon,1,MultiPolygon,1
Auckland,"Robbery, blackmail, and extortion",Aggravated robbery,Pukekohe West.,NZ,Auckland Region,Auckland.,1/11/2023,0821400,Auckland Region,Teritorial Authority,Auckland,Polygon,Polygon,MultiPolygon,MultiPolygon,1,MultiPolygon,1
Auckland,"Robbery, blackmail, and extortion",Non-aggravated robbery,Mt Wellington North.,NZ,Auckland Region,Auckland.,1/11/2024,0627700,Auckland Region,Teritorial Authority,Auckland,Polygon,Polygon,MultiPolygon,MultiPolygon,1,MultiPolygon,1
Auckland,"Robbery, blackmail, and extortion",Blackmail or other extortion,Aorere.,NZ,Auckland Region,Auckland.,1/02/2025,0743500,Auckland Region,Teritorial Authority,Auckland,Polygon,Polygon,MultiPolygon,MultiPolygon,1,MultiPolygon,1
Auckland,"Robbery, blackmail, and extortion",Blackmail or other extortion,Auckland Central East.,NZ,Auckland Region,Auckland.,1/12/2023,0438106,Auckland Region,Teritorial Authority,Auckland,Polygon,Polygon,MultiPolygon,MultiPolygon,1,MultiPolygon,1
Auckland,"Robbery, blackmail, and extortion",Aggravated robbery,Papatoetoe Central.,NZ,Auckland Region,Auckland.,1/03/2024,0664700,Auckland Region,Teritorial Authority,Auckland,Polygon,Polygon,MultiPolygon,MultiPolygon,1,MultiPolygon,1
Auckland,"Robbery, blackmail, and extortion",Aggravated robbery,Manurewa Central.,NZ,Auckland Region,Auckland.,1/05/2025,0751500,Auckland Region,Teritorial Authority,Auckland,Polygon,Polygon,MultiPolygon,MultiPolygon,1,MultiPolygon,1
Auckland,"Robbery, blackmail, and extortion",Non-aggravated robbery,Auckland Central West.,NZ,Auckland Region,Auckland.,1/02/2025,0435802,Auckland Region,Teritorial Authority,Auckland,Polygon,Polygon,MultiPolygon,MultiPolygon,1,MultiPolygon,1
Auckland,"Robbery, blackmail, and extortion",Blackmail or other extortion,Mangere South.,NZ,Auckland Region,Auckland.,1/09/2024,0726400,Auckland Region,Teritorial Authority,Auckland,MultiPolygon,Polygon,MultiPolygon,MultiPolygon,1,MultiPolygon,1
Auckland,"Robbery, blackmail, and extortion",Aggravated robbery,Homai East.,NZ,Auckland Region,Auckland.,1/11/2024,0778600,Auckland Region,Teritorial Authority,Auckland,Polygon,Polygon,MultiPolygon,MultiPolygon,1,MultiPolygon,1
Auckland,"Robbery, blackmail, and extortion",Blackmail or other extortion,Auckland Central West.,NZ,Auckland Region,Auckland.,1/10/2024,0435802,Auckland Region,Teritorial Authority,Auckland,Polygon,Polygon,MultiPolygon,MultiPolygon,1,MultiPolygon,1
Auckland,"Robbery, blackmail, and extortion",Aggravated robbery,Manurewa East.,NZ,Auckland Region,Auckland.,1/04/2024,0758400,Auckland Region,Teritorial Authority,Auckland,Polygon,Polygon,MultiPolygon,MultiPolygon,1,MultiPolygon,1
Auckland,"Robbery, blackmail, and extortion",Aggravated robbery,Mangere Central.,NZ,Auckland Region,Auckland.,1/05/2025,0740500,Auckland Region,Teritorial Authority,Auckland,Polygon,Polygon,MultiPolygon,MultiPolygon,1,MultiPolygon,1
Auckland,"Robbery, blackmail, and extortion",Non-aggravated robbery,Parnell West.,NZ,Auckland Region,Auckland.,1/03/2025,0452200,Auckland Region,Teritorial Authority,Auckland,Polygon,Polygon,MultiPolygon,MultiPolygon,1,MultiPolygon,1
Auckland,"Robbery, blackmail, and extortion",Aggravated robbery,Hyperion.,NZ,Auckland Region,Auckland.,1/11/2023,0759702,Auckland Region,Teritorial Authority,Auckland,Polygon,Polygon,MultiPolygon,MultiPolygon,1,MultiPolygon,1
Auckland,"Robbery, blackmail, and extortion",Aggravated robbery,Ranui Domain.,NZ,Auckland Region,Auckland.,1/11/2023,0235300,Auckland Region,Teritorial Authority,Auckland,Polygon,Polygon,MultiPolygon,MultiPolygon,1,MultiPolygon,1
Auckland,"Robbery, blackmail, and extortion",Aggravated robbery,Hillsborough West.,NZ,Auckland Region,Auckland.,1/02/2025,0574200,Auckland Region,Teritorial Authority,Auckland,Polygon,Polygon,MultiPolygon,MultiPolygon,1,MultiPolygon,1
Auckland,"Robbery, blackmail, and extortion",Aggravated robbery,Beachlands-Maraetai.,NZ,Auckland Region,Auckland.,1/04/2024,0719400,Auckland Region,Teritorial Authority,Auckland,MultiPolygon,Polygon,MultiPolygon,MultiPolygon,1,MultiPolygon,1
Auckland,"Robbery, blackmail, and extortion",Blackmail or other extortion,Rowandale.,NZ,Auckland Region,Auckland.,1/11/2023,0775819,Auckland Region,Teritorial Authority,Auckland,Polygon,Polygon,MultiPolygon,MultiPolygon,1,MultiPolygon,1
Auckland,"Robbery, blackmail, and extortion",Aggravated robbery,Albany.,NZ,Auckland Region,Auckland.,1/04/2024,0178900,Auckland Region,Teritorial Authority,Auckland,Polygon,Polygon,MultiPolygon,MultiPolygon,1,MultiPolygon,1
Auckland,"Robbery, blackmail, and extortion",Aggravated robbery,Glen Innes West.,NZ,Auckland Region,Auckland.,1/04/2025,0476000,Auckland Region,Teritorial Authority,Auckland,Polygon,Polygon,MultiPolygon,MultiPolygon,1,MultiPolygon,1
Auckland,"Robbery, blackmail, and extortion",Blackmail or other extortion,Otahuhu West.,NZ,Auckland Region,Auckland.,1/12/2023,0782500,Auckland Region,Teritorial Authority,Auckland,Polygon,Polygon,MultiPolygon,MultiPolygon,1,MultiPolygon,1
Auckland,"Robbery, blackmail, and extortion",Aggravated robbery,New Windsor.,NZ,Auckland Region,Auckland.,1/11/2024,0374900,Auckland Region,Teritorial Authority,Auckland,Polygon,Polygon,MultiPolygon,MultiPolygon,1,MultiPolygon,1
Auckland,"Robbery, blackmail, and extortion",Non-aggravated robbery,Puhinui South.,NZ,Auckland Region,Auckland.,1/08/2023,0780205,Auckland Region,Teritorial Authority,Auckland,Polygon,Polygon,MultiPolygon,MultiPolygon,1,MultiPolygon,1
Auckland,"Robbery, blackmail, and extortion",Aggravated robbery,Auckland Central East.,NZ,Auckland Region,Auckland.,1/04/2024,0438203,Auckland Region,Teritorial Authority,Auckland,Polygon,Polygon,MultiPolygon,MultiPolygon,1,MultiPolygon,1
Auckland,"Robbery, blackmail, and extortion",Aggravated robbery,Newmarket.,NZ,Auckland Region,Auckland.,1/05/2025,0451300,Auckland Region,Teritorial Authority,Auckland,Polygon,Polygon,MultiPolygon,MultiPolygon,1,MultiPolygon,1
Auckland,"Robbery, blackmail, and extortion",Aggravated robbery,Grange.,NZ,Auckland Region,Auckland.,1/03/2025,0696801,Auckland Region,Teritorial Authority,Auckland,Polygon,Polygon,MultiPolygon,MultiPolygon,1,MultiPolygon,1
Auckland,"Robbery, blackmail, and extortion",Blackmail or other extortion,Elsmore Park.,NZ,Auckland Region,Auckland.,1/01/2024,0681800,Auckland Region,Teritorial Authority,Auckland,Polygon,Polygon,MultiPolygon,MultiPolygon,1,MultiPolygon,1
Auckland,"Robbery, blackmail, and extortion",Aggravated robbery,Henderson South.,NZ,Auckland Region,Auckland.,1/07/2025,0242700,Auckland Region,Teritorial Authority,Auckland,Polygon,Polygon,MultiPolygon,MultiPolygon,1,MultiPolygon,1
Auckland,"Robbery, blackmail, and extortion",Non-aggravated robbery,New Lynn North.,NZ,Auckland Region,Auckland.,1/08/2024,0266900,Auckland Region,Teritorial Authority,Auckland,Polygon,Polygon,MultiPolygon,MultiPolygon,1,MultiPolygon,1
Auckland,"Robbery, blackmail, and extortion",Non-aggravated robbery,Mt Wellington South.,NZ,Auckland Region,Auckland.,1/04/2025,0637500,Auckland Region,Teritorial Authority,Auckland,Polygon,Polygon,MultiPolygon,MultiPolygon,1,MultiPolygon,1
Auckland,"Robbery, blackmail, and extortion",Blackmail or other extortion,Onehunga South West.,NZ,Auckland Region,Auckland.,1/12/2023,0597300,Auckland Region,Teritorial Authority,Auckland,Polygon,Polygon,MultiPolygon,MultiPolygon,1,MultiPolygon,1
Auckland,"Robbery, blackmail, and extortion",Aggravated robbery,Waitaramoa.,NZ,Auckland Region,Auckland.,1/11/2024,0484100,Auckland Region,Teritorial Authority,Auckland,Polygon,Polygon,MultiPolygon,MultiPolygon,1,MultiPolygon,1
Auckland,"Robbery, blackmail, and extortion",Aggravated robbery,Penrose.,NZ,Auckland Region,Auckland.,1/08/2023,0621600,Auckland Region,Teritorial Authority,Auckland,Polygon,Polygon,MultiPolygon,MultiPolygon,1,MultiPolygon,1
Auckland,"Robbery, blackmail, and extortion",Aggravated robbery,Papatoetoe East.,NZ,Auckland Region,Auckland.,1/03/2024,0667802,Auckland Region,Teritorial Authority,Auckland,Polygon,Polygon,MultiPolygon,MultiPolygon,1,MultiPolygon,1
Auckland,"Robbery, blackmail, and extortion",Aggravated robbery,Auckland Central East.,NZ,Auckland Region,Auckland.,1/06/2024,0438000,Auckland Region,Teritorial Authority,Auckland,Polygon,Polygon,MultiPolygon,MultiPolygon,1,MultiPolygon,1
Auckland,"Robbery, blackmail, and extortion",Aggravated robbery,Greenmount.,NZ,Auckland Region,Auckland.,1/05/2025,0711716,Auckland Region,Teritorial Authority,Auckland,Polygon,Polygon,MultiPolygon,MultiPolygon,1,MultiPolygon,1
Auckland,"Robbery, blackmail, and extortion",Aggravated robbery,Manukau Central.,NZ,Auckland Region,Auckland.,1/01/2025,0780204,Auckland Region,Teritorial Authority,Auckland,Polygon,Polygon,MultiPolygon,MultiPolygon,2,MultiPolygon,2
Auckland,"Robbery, blackmail, and extortion",Blackmail or other extortion,Woodglen.,NZ,Auckland Region,Auckland.,1/02/2024,0283100,Auckland Region,Teritorial Authority,Auckland,Polygon,Polygon,MultiPolygon,MultiPolygon,1,MultiPolygon,1
Auckland,"Robbery, blackmail, and extortion",Non-aggravated robbery,Bledisloe Park.,NZ,Auckland Region,Auckland.,1/11/2023,0823800,Auckland Region,Teritorial Authority,Auckland,Polygon,Polygon,MultiPolygon,MultiPolygon,2,MultiPolygon,2
Auckland,"Robbery, blackmail, and extortion",Aggravated robbery,Mangere South.,NZ,Auckland Region,Auckland.,1/03/2024,0727200,Auckland Region,Teritorial Authority,Auckland,MultiPolygon,Polygon,MultiPolygon,MultiPolygon,1,MultiPolygon,1
Auckland,"Robbery, blackmail, and extortion",Non-aggravated robbery,Papatoetoe North.,NZ,Auckland Region,Auckland.,1/03/2024,0662400,Auckland Region,Teritorial Authority,Auckland,Polygon,Polygon,MultiPolygon,MultiPolygon,1,MultiPolygon,1
Auckland,"Robbery, blackmail, and extortion",Aggravated robbery,Auckland Central West.,NZ,Auckland Region,Auckland.,1/09/2023,0434701,Auckland Region,Teritorial Authority,Auckland,Polygon,Polygon,MultiPolygon,MultiPolygon,1,MultiPolygon,1
Auckland,"Robbery, blackmail, and extortion",Aggravated robbery,Otahuhu West.,NZ,Auckland Region,Auckland.,1/03/2024,0786300,Auckland Region,Teritorial Authority,Auckland,Polygon,Polygon,MultiPolygon,MultiPolygon,1,MultiPolygon,1
Auckland,"Robbery, blackmail, and extortion",Aggravated robbery,Papatoetoe Central.,NZ,Auckland Region,Auckland.,1/06/2024,0663300,Auckland Region,Teritorial Authority,Auckland,Polygon,Polygon,MultiPolygon,MultiPolygon,1,MultiPolygon,1
Auckland,"Robbery, blackmail, and extortion",Aggravated robbery,Fruitvale.,NZ,Auckland Region,Auckland.,1/06/2025,0261900,Auckland Region,Teritorial Authority,Auckland,Polygon,Polygon,MultiPolygon,MultiPolygon,1,MultiPolygon,1
Auckland,"Robbery, blackmail, and extortion",Non-aggravated robbery,Auckland Central East.,NZ,Auckland Region,Auckland.,1/03/2025,0438306,Auckland Region,Teritorial Authority,Auckland,Polygon,Polygon,MultiPolygon,MultiPolygon,2,MultiPolygon,2
Auckland,"Robbery, blackmail, and extortion",Aggravated robbery,Manurewa East.,NZ,Auckland Region,Auckland.,1/01/2024,0757900,Auckland Region,Teritorial Authority,Auckland,Polygon,Polygon,MultiPolygon,MultiPolygon,1,MultiPolygon,1
Auckland,"Robbery, blackmail, and extortion",Blackmail or other extortion,Mt Hobson.,NZ,Auckland Region,Auckland.,1/10/2024,0491200,Auckland Region,Teritorial Authority,Auckland,Polygon,Polygon,MultiPolygon,MultiPolygon,1,MultiPolygon,1
Auckland,"Robbery, blackmail, and extortion",Aggravated robbery,Takanini West.,NZ,Auckland Region,Auckland.,1/03/2025,0767922,Auckland Region,Teritorial Authority,Auckland,Polygon,Polygon,MultiPolygon,MultiPolygon,1,MultiPolygon,1
Auckland,"Robbery, blackmail, and extortion",Blackmail or other extortion,Greenmount.,NZ,Auckland Region,Auckland.,1/01/2024,0711813,Auckland Region,Teritorial Authority,Auckland,Polygon,Polygon,MultiPolygon,MultiPolygon,1,MultiPolygon,1
Auckland,"Robbery, blackmail, and extortion",Non-aggravated robbery,Henderson South.,NZ,Auckland Region,Auckland.,1/01/2024,0241700,Auckland Region,Teritorial Authority,Auckland,Polygon,Polygon,MultiPolygon,MultiPolygon,1,MultiPolygon,1
Auckland,"Robbery, blackmail, and extortion",Blackmail or other extortion,Otara North.,NZ,Auckland Region,Auckland.,1/05/2025,0700700,Auckland Region,Teritorial Authority,Auckland,Polygon,Polygon,MultiPolygon,MultiPolygon,1,MultiPolygon,1
Auckland,"Robbery, blackmail, and extortion",Aggravated robbery,Papakura Central.,NZ,Auckland Region,Auckland.,1/01/2025,0793000,Auckland Region,Teritorial Authority,Auckland,Polygon,Polygon,MultiPolygon,MultiPolygon,1,MultiPolygon,1
Auckland,"Robbery, blackmail, and extortion",Aggravated robbery,Mt Hobson.,NZ,Auckland Region,Auckland.,1/10/2024,0491301,Auckland Region,Teritorial Authority,Auckland,Polygon,Polygon,MultiPolygon,MultiPolygon,1,MultiPolygon,1
Auckland,"Robbery, blackmail, and extortion",Non-aggravated robbery,Viscount.,NZ,Auckland Region,Auckland.,1/02/2024,0739802,Auckland Region,Teritorial Authority,Auckland,Polygon,Polygon,MultiPolygon,MultiPolygon,1,MultiPolygon,1
Auckland,"Robbery, blackmail, and extortion",Blackmail or other extortion,Pigeon Mountain North.,NZ,Auckland Region,Auckland.,1/01/2024,0679311,Auckland Region,Teritorial Authority,Auckland,Polygon,Polygon,MultiPolygon,MultiPolygon,1,MultiPolygon,1
Auckland,"Robbery, blackmail, and extortion",Aggravated robbery,New Windsor.,NZ,Auckland Region,Auckland.,1/09/2023,0375001,Auckland Region,Teritorial Authority,Auckland,Polygon,Polygon,MultiPolygon,MultiPolygon,1,MultiPolygon,1
Auckland,"Robbery, blackmail, and extortion",Aggravated robbery,Mt Wellington West.,NZ,Auckland Region,Auckland.,1/03/2024,0625104,Auckland Region,Teritorial Authority,Auckland,Polygon,Polygon,MultiPolygon,MultiPolygon,1,MultiPolygon,1
Auckland,"Robbery, blackmail, and extortion",Non-aggravated robbery,Dingwall.,NZ,Auckland Region,Auckland.,1/03/2025,0666800,Auckland Region,Teritorial Authority,Auckland,Polygon,Polygon,MultiPolygon,MultiPolygon,2,MultiPolygon,2
Auckland,"Robbery, blackmail, and extortion",Aggravated robbery,Three Kings.,NZ,Auckland Region,Auckland.,1/07/2025,0560900,Auckland Region,Teritorial Authority,Auckland,Polygon,Polygon,MultiPolygon,MultiPolygon,1,MultiPolygon,1
Auckland,"Robbery, blackmail, and extortion",Aggravated robbery,Redoubt North.,NZ,Auckland Region,Auckland.,1/04/2024,0715701,Auckland Region,Teritorial Authority,Auckland,Polygon,Polygon,MultiPolygon,MultiPolygon,1,MultiPolygon,1
Auckland,"Robbery, blackmail, and extortion",Aggravated robbery,Rowandale.,NZ,Auckland Region,Auckland.,1/09/2024,0775805,Auckland Region,Teritorial Authority,Auckland,Polygon,Polygon,MultiPolygon,MultiPolygon,1,MultiPolygon,1
Auckland,"Robbery, blackmail, and extortion",Blackmail or other extortion,Glenfield Central.,NZ,Auckland Region,Auckland.,1/11/2023,0202000,Auckland Region,Teritorial Authority,Auckland,Polygon,Polygon,MultiPolygon,MultiPolygon,1,MultiPolygon,1
Auckland,"Robbery, blackmail, and extortion",Aggravated robbery,Donegal Park.,NZ,Auckland Region,Auckland.,1/06/2025,0712803,Auckland Region,Teritorial Authority,Auckland,Polygon,Polygon,MultiPolygon,MultiPolygon,2,MultiPolygon,2
Auckland,"Robbery, blackmail, and extortion",Aggravated robbery,Henderson South.,NZ,Auckland Region,Auckland.,1/01/2025,0244600,Auckland Region,Teritorial Authority,Auckland,Polygon,Polygon,MultiPolygon,MultiPolygon,1,MultiPolygon,1
Auckland,"Robbery, blackmail, and extortion",Aggravated robbery,Auckland Harbourside.,NZ,Auckland Region,Auckland.,1/10/2024,0432900,Auckland Region,Teritorial Authority,Auckland,Polygon,Polygon,MultiPolygon,MultiPolygon,1,MultiPolygon,1
Auckland,"Robbery, blackmail, and extortion",Aggravated robbery,Wiri.,NZ,Auckland Region,Auckland.,1/04/2024,0780416,Auckland Region,Teritorial Authority,Auckland,Polygon,Polygon,MultiPolygon,MultiPolygon,1,MultiPolygon,1
Auckland,"Robbery, blackmail, and extortion",Aggravated robbery,Waikowhai East.,NZ,Auckland Region,Auckland.,1/01/2025,0591000,Auckland Region,Teritorial Authority,Auckland,Polygon,Polygon,MultiPolygon,MultiPolygon,1,MultiPolygon,1
Auckland,"Robbery, blackmail, and extortion",Aggravated robbery,Auckland Central West.,NZ,Auckland Region,Auckland.,1/09/2023,0434300,Auckland Region,Teritorial Authority,Auckland,Polygon,Polygon,MultiPolygon,MultiPolygon,1,MultiPolygon,1
Auckland,"Robbery, blackmail, and extortion",Blackmail or other extortion,Glen Eden East.,NZ,Auckland Region,Auckland.,1/01/2024,0285004,Auckland Region,Teritorial Authority,Auckland,Polygon,Polygon,MultiPolygon,MultiPolygon,1,MultiPolygon,1
Auckland,"Robbery, blackmail, and extortion",Non-aggravated robbery,Mt Wellington South.,NZ,Auckland Region,Auckland.,1/10/2023,0636100,Auckland Region,Teritorial Authority,Auckland,Polygon,Polygon,MultiPolygon,MultiPolygon,1,MultiPolygon,1
Auckland,"Robbery, blackmail, and extortion",Aggravated robbery,Papatoetoe North.,NZ,Auckland Region,Auckland.,1/08/2023,0663200,Auckland Region,Teritorial Authority,Auckland,Polygon,Polygon,MultiPolygon,MultiPolygon,1,MultiPolygon,1
Auckland,"Robbery, blackmail, and extortion",Aggravated robbery,Homai West.,NZ,Auckland Region,Auckland.,1/12/2023,0779100,Auckland Region,Teritorial Authority,Auckland,Polygon,Polygon,MultiPolygon,MultiPolygon,1,MultiPolygon,1
Auckland,"Robbery, blackmail, and extortion",Aggravated robbery,Auckland Harbourside.,NZ,Auckland Region,Auckland.,1/04/2024,0438209,Auckland Region,Teritorial Authority,Auckland,Polygon,Polygon,MultiPolygon,MultiPolygon,1,MultiPolygon,1
Auckland,"Robbery, blackmail, and extortion",Aggravated robbery,Puhinui South.,NZ,Auckland Region,Auckland.,1/02/2025,0780205,Auckland Region,Teritorial Authority,Auckland,Polygon,Polygon,MultiPolygon,MultiPolygon,1,MultiPolygon,1
Auckland,"Robbery, blackmail, and extortion",Aggravated robbery,Papakura North East.,NZ,Auckland Region,Auckland.,1/02/2024,0794800,Auckland Region,Teritorial Authority,Auckland,Polygon,Polygon,MultiPolygon,MultiPolygon,1,MultiPolygon,1
Auckland,"Robbery, blackmail, and extortion",Aggravated robbery,Aorere.,NZ,Auckland Region,Auckland.,1/06/2025,0744600,Auckland Region,Teritorial Authority,Auckland,Polygon,Polygon,MultiPolygon,MultiPolygon,2,MultiPolygon,2
Auckland,"Robbery, blackmail, and extortion",Aggravated robbery,Auckland Central West.,NZ,Auckland Region,Auckland.,1/10/2023,0433501,Auckland Region,Teritorial Authority,Auckland,Polygon,Polygon,MultiPolygon,MultiPolygon,1,MultiPolygon,1
Auckland,"Robbery, blackmail, and extortion",Aggravated robbery,Mcleod.,NZ,Auckland Region,Auckland.,1/02/2025,0258100,Auckland Region,Teritorial Authority,Auckland,Polygon,Polygon,MultiPolygon,MultiPolygon,1,MultiPolygon,1
Auckland,"Robbery, blackmail, and extortion",Non-aggravated robbery,Auckland Central East.,NZ,Auckland Region,Auckland.,1/10/2024,0437102,Auckland Region,Teritorial Authority,Auckland,Polygon,Polygon,MultiPolygon,MultiPolygon,1,MultiPolygon,1
Auckland,"Robbery, blackmail, and extortion",Aggravated robbery,Glen Eden East.,NZ,Auckland Region,Auckland.,1/12/2024,0286200,Auckland Region,Teritorial Authority,Auckland,Polygon,Polygon,MultiPolygon,MultiPolygon,2,MultiPolygon,2
Auckland,"Robbery, blackmail, and extortion",Aggravated robbery,Mt Wellington West.,NZ,Auckland Region,Auckland.,1/02/2025,0625703,Auckland Region,Teritorial Authority,Auckland,Polygon,Polygon,MultiPolygon,MultiPolygon,1,MultiPolygon,1
Auckland,"Robbery, blackmail, and extortion",Aggravated robbery,Dannemora.,NZ,Auckland Region,Auckland.,1/03/2024,0711709,Auckland Region,Teritorial Authority,Auckland,Polygon,Polygon,MultiPolygon,MultiPolygon,2,MultiPolygon,2
Auckland,"Robbery, blackmail, and extortion",Aggravated robbery,Hillsborough West.,NZ,Auckland Region,Auckland.,1/02/2024,0573700,Auckland Region,Teritorial Authority,Auckland,Polygon,Polygon,MultiPolygon,MultiPolygon,1,MultiPolygon,1
Auckland,"Robbery, blackmail, and extortion",Blackmail or other extortion,Bayswater.,NZ,Auckland Region,Auckland.,1/06/2025,0318100,Auckland Region,Teritorial Authority,Auckland,Polygon,Polygon,MultiPolygon,MultiPolygon,1,MultiPolygon,1
Auckland,"Robbery, blackmail, and extortion",Aggravated robbery,Westmere.,NZ,Auckland Region,Auckland.,1/12/2023,0401200,Auckland Region,Teritorial Authority,Auckland,Polygon,Polygon,MultiPolygon,MultiPolygon,1,MultiPolygon,1
Auckland,"Robbery, blackmail, and extortion",Aggravated robbery,Albany.,NZ,Auckland Region,Auckland.,1/03/2025,0179000,Auckland Region,Teritorial Authority,Auckland,Polygon,Polygon,MultiPolygon,MultiPolygon,1,MultiPolygon,1
Auckland,"Robbery, blackmail, and extortion",Non-aggravated robbery,Epsom North.,NZ,Auckland Region,Auckland.,1/05/2025,0458200,Auckland Region,Teritorial Authority,Auckland,Polygon,Polygon,MultiPolygon,MultiPolygon,1,MultiPolygon,1
Auckland,"Robbery, blackmail, and extortion",Non-aggravated robbery,Manurewa East.,NZ,Auckland Region,Auckland.,1/01/2025,0758200,Auckland Region,Teritorial Authority,Auckland,Polygon,Polygon,MultiPolygon,MultiPolygon,2,MultiPolygon,2
Auckland,"Robbery, blackmail, and extortion",Aggravated robbery,Dannemora.,NZ,Auckland Region,Auckland.,1/04/2024,0711709,Auckland Region,Teritorial Authority,Auckland,Polygon,Polygon,MultiPolygon,MultiPolygon,2,MultiPolygon,2
Auckland,"Robbery, blackmail, and extortion",Blackmail or other extortion,Wiri.,NZ,Auckland Region,Auckland.,1/01/2024,0780416,Auckland Region,Teritorial Authority,Auckland,Polygon,Polygon,MultiPolygon,MultiPolygon,2,MultiPolygon,2
Auckland,"Robbery, blackmail, and extortion",Blackmail or other extortion,Hingaia.,NZ,Auckland Region,Auckland.,1/04/2025,0806604,Auckland Region,Teritorial Authority,Auckland,Polygon,Polygon,MultiPolygon,MultiPolygon,1,MultiPolygon,1
Auckland,"Robbery, blackmail, and extortion",Aggravated robbery,Glen Innes North.,NZ,Auckland Region,Auckland.,1/03/2024,0467500,Auckland Region,Teritorial Authority,Auckland,Polygon,Polygon,MultiPolygon,MultiPolygon,1,MultiPolygon,1
Auckland,"Robbery, blackmail, and extortion",Aggravated robbery,Papakura Central.,NZ,Auckland Region,Auckland.,1/04/2025,0792100,Auckland Region,Teritorial Authority,Auckland,Polygon,Polygon,MultiPolygon,MultiPolygon,1,MultiPolygon,1
Auckland,"Robbery, blackmail, and extortion",Aggravated robbery,Auckland Central East.,NZ,Auckland Region,Auckland.,1/12/2024,0436100,Auckland Region,Teritorial Authority,Auckland,Polygon,Polygon,MultiPolygon,MultiPolygon,1,MultiPolygon,1
Auckland,"Robbery, blackmail, and extortion",Blackmail or other extortion,Tauhoa-Puhoi.,NZ,Auckland Region,Auckland.,1/12/2023,0144700,Auckland Region,Teritorial Authority,Auckland,MultiPolygon,MultiPolygon,MultiPolygon,MultiPolygon,1,MultiPolygon,1
Auckland,"Robbery, blackmail, and extortion",Aggravated robbery,Dannemora.,NZ,Auckland Region,Auckland.,1/03/2024,0711709,Auckland Region,Teritorial Authority,Auckland,Polygon,Polygon,MultiPolygon,MultiPolygon,1,MultiPolygon,1
Auckland,"Robbery, blackmail, and extortion",Aggravated robbery,Homai East.,NZ,Auckland Region,Auckland.,1/02/2024,0775902,Auckland Region,Teritorial Authority,Auckland,Polygon,Polygon,MultiPolygon,MultiPolygon,1,MultiPolygon,1
Auckland,"Robbery, blackmail, and extortion",Blackmail or other extortion,Beachhaven North.,NZ,Auckland Region,Auckland.,1/07/2025,0341104,Auckland Region,Teritorial Authority,Auckland,Polygon,Polygon,MultiPolygon,MultiPolygon,1,MultiPolygon,1
Auckland,"Robbery, blackmail, and extortion",Aggravated robbery,Mangere South.,NZ,Auckland Region,Auckland.,1/09/2024,0727200,Auckland Region,Teritorial Authority,Auckland,MultiPolygon,Polygon,MultiPolygon,MultiPolygon,1,MultiPolygon,1
Auckland,"Robbery, blackmail, and extortion",Aggravated robbery,Glenfield Central.,NZ,Auckland Region,Auckland.,1/03/2025,0200000,Auckland Region,Teritorial Authority,Auckland,Polygon,Polygon,MultiPolygon,MultiPolygon,1,MultiPolygon,1
Auckland,"Robbery, blackmail, and extortion",Aggravated robbery,Point Chevalier East.,NZ,Auckland Region,Auckland.,1/11/2023,0394900,Auckland Region,Teritorial Authority,Auckland,Polygon,Polygon,MultiPolygon,MultiPolygon,1,MultiPolygon,1
Auckland,"Robbery, blackmail, and extortion",Non-aggravated robbery,Glen Eden East.,NZ,Auckland Region,Auckland.,1/09/2024,0285302,Auckland Region,Teritorial Authority,Auckland,Polygon,Polygon,MultiPolygon,MultiPolygon,1,MultiPolygon,1
Auckland,"Robbery, blackmail, and extortion",Aggravated robbery,Clevedon.,NZ,Auckland Region,Auckland.,1/02/2025,0762800,Auckland Region,Teritorial Authority,Auckland,Polygon,Polygon,MultiPolygon,MultiPolygon,1,MultiPolygon,1
Auckland,"Robbery, blackmail, and extortion",Aggravated robbery,Papatoetoe East.,NZ,Auckland Region,Auckland.,1/07/2025,0668700,Auckland Region,Teritorial Authority,Auckland,Polygon,Polygon,MultiPolygon,MultiPolygon,1,MultiPolygon,1
Auckland,"Robbery, blackmail, and extortion",Non-aggravated robbery,Auckland Harbourside.,NZ,Auckland Region,Auckland.,1/09/2023,0438211,Auckland Region,Teritorial Authority,Auckland,Polygon,Polygon,MultiPolygon,MultiPolygon,1,MultiPolygon,1
Auckland,"Robbery, blackmail, and extortion",Aggravated robbery,Bombay.,NZ,Auckland Region,Auckland.,1/12/2024,0827700,Auckland Region,Teritorial Authority,Auckland,Polygon,Polygon,MultiPolygon,MultiPolygon,3,MultiPolygon,3
Auckland,"Robbery, blackmail, and extortion",Aggravated robbery,Homai East.,NZ,Auckland Region,Auckland.,1/12/2024,0778100,Auckland Region,Teritorial Authority,Auckland,Polygon,Polygon,MultiPolygon,MultiPolygon,1,MultiPolygon,1
Auckland,"Robbery, blackmail, and extortion",Blackmail or other extortion,Warkworth.,NZ,Auckland Region,Auckland.,1/12/2023,0141301,Auckland Region,Teritorial Authority,Auckland,Polygon,Polygon,MultiPolygon,MultiPolygon,1,MultiPolygon,1
Auckland,"Robbery, blackmail, and extortion",Aggravated robbery,Akarana.,NZ,Auckland Region,Auckland.,1/03/2024,0581300,Auckland Region,Teritorial Authority,Auckland,Polygon,Polygon,MultiPolygon,MultiPolygon,1,MultiPolygon,1
Auckland,"Robbery, blackmail, and extortion",Aggravated robbery,Leabank.,NZ,Auckland Region,Auckland.,1/02/2024,0771400,Auckland Region,Teritorial Authority,Auckland,Polygon,Polygon,MultiPolygon,MultiPolygon,1,MultiPolygon,1
Auckland,"Robbery, blackmail, and extortion",Blackmail or other extortion,Pukekohe North.,NZ,Auckland Region,Auckland.,1/05/2025,0818200,Auckland Region,Teritorial Authority,Auckland,Polygon,Polygon,MultiPolygon,MultiPolygon,1,MultiPolygon,1
Auckland,"Robbery, blackmail, and extortion",Aggravated robbery,New Lynn North.,NZ,Auckland Region,Auckland.,1/10/2024,0267902,Auckland Region,Teritorial Authority,Auckland,Polygon,Polygon,MultiPolygon,MultiPolygon,1,MultiPolygon,1
Auckland,"Robbery, blackmail, and extortion",Aggravated robbery,Onehunga North West.,NZ,Auckland Region,Auckland.,1/07/2024,0594800,Auckland Region,Teritorial Authority,Auckland,Polygon,Polygon,MultiPolygon,MultiPolygon,2,MultiPolygon,2
Auckland,"Robbery, blackmail, and extortion",Blackmail or other extortion,Auckland Central East.,NZ,Auckland Region,Auckland.,1/05/2024,0437800,Auckland Region,Teritorial Authority,Auckland,Polygon,Polygon,MultiPolygon,MultiPolygon,1,MultiPolygon,1
Auckland,"Robbery, blackmail, and extortion",Aggravated robbery,Mt Wellington South.,NZ,Auckland Region,Auckland.,1/12/2024,0637500,Auckland Region,Teritorial Authority,Auckland,Polygon,Polygon,MultiPolygon,MultiPolygon,1,MultiPolygon,1
Auckland,"Robbery, blackmail, and extortion",Blackmail or other extortion,Beachlands-Maraetai.,NZ,Auckland Region,Auckland.,1/08/2024,0719801,Auckland Region,Teritorial Authority,Auckland,MultiPolygon,Polygon,MultiPolygon,MultiPolygon,1,MultiPolygon,1
Auckland,"Robbery, blackmail, and extortion",Blackmail or other extortion,Baverstock Oaks.,NZ,Auckland Region,Auckland.,1/11/2023,0712114,Auckland Region,Teritorial Authority,Auckland,Polygon,Polygon,MultiPolygon,MultiPolygon,1,MultiPolygon,1
Auckland,"Robbery, blackmail, and extortion",Aggravated robbery,Grafton West.,NZ,Auckland Region,Auckland.,1/11/2023,0440902,Auckland Region,Teritorial Authority,Auckland,Polygon,Polygon,MultiPolygon,MultiPolygon,1,MultiPolygon,1
Auckland,"Robbery, blackmail, and extortion",Blackmail or other extortion,Tamaki.,NZ,Auckland Region,Auckland.,1/05/2025,0631700,Auckland Region,Teritorial Authority,Auckland,Polygon,Polygon,MultiPolygon,MultiPolygon,1,MultiPolygon,1
Auckland,"Robbery, blackmail, and extortion",Aggravated robbery,Waikowhai West.,NZ,Auckland Region,Auckland.,1/10/2024,0588800,Auckland Region,Teritorial Authority,Auckland,Polygon,Polygon,MultiPolygon,MultiPolygon,1,MultiPolygon,1
Auckland,"Robbery, blackmail, and extortion",Blackmail or other extortion,Remuera South.,NZ,Auckland Region,Auckland.,1/02/2025,0494100,Auckland Region,Teritorial Authority,Auckland,Polygon,Polygon,MultiPolygon,MultiPolygon,1,MultiPolygon,1
Auckland,"Robbery, blackmail, and extortion",Aggravated robbery,Parrs Park West.,NZ,Auckland Region,Auckland.,1/11/2023,0278105,Auckland Region,Teritorial Authority,Auckland,Polygon,Polygon,MultiPolygon,MultiPolygon,1,MultiPolygon,1
Auckland,"Robbery, blackmail, and extortion",Aggravated robbery,Lynnmall.,NZ,Auckland Region,Auckland.,1/10/2023,0266000,Auckland Region,Teritorial Authority,Auckland,Polygon,Polygon,MultiPolygon,MultiPolygon,1,MultiPolygon,1
Auckland,"Robbery, blackmail, and extortion",Blackmail or other extortion,Mt Wellington West.,NZ,Auckland Region,Auckland.,1/05/2024,0626103,Auckland Region,Teritorial Authority,Auckland,Polygon,Polygon,MultiPolygon,MultiPolygon,1,MultiPolygon,1
Auckland,"Robbery, blackmail, and extortion",Blackmail or other extortion,Kingseat.,NZ,Auckland Region,Auckland.,1/06/2024,0813200,Auckland Region,Teritorial Authority,Auckland,Polygon,Polygon,MultiPolygon,MultiPolygon,1,MultiPolygon,1
Auckland,"Robbery, blackmail, and extortion",Blackmail or other extortion,Parnell West.,NZ,Auckland Region,Auckland.,1/11/2023,0455100,Auckland Region,Teritorial Authority,Auckland,Polygon,Polygon,MultiPolygon,MultiPolygon,1,MultiPolygon,1
Auckland,"Robbery, blackmail, and extortion",Aggravated robbery,Papatoetoe North.,NZ,Auckland Region,Auckland.,1/11/2023,0663000,Auckland Region,Teritorial Authority,Auckland,Polygon,Polygon,MultiPolygon,MultiPolygon,1,MultiPolygon,1
Auckland,"Robbery, blackmail, and extortion",Blackmail or other extortion,Hillsborough East.,NZ,Auckland Region,Auckland.,1/06/2025,0571301,Auckland Region,Teritorial Authority,Auckland,Polygon,Polygon,MultiPolygon,MultiPolygon,1,MultiPolygon,1
Auckland,"Robbery, blackmail, and extortion",Non-aggravated robbery,Freemans Bay.,NZ,Auckland Region,Auckland.,1/08/2023,0416600,Auckland Region,Teritorial Authority,Auckland,Polygon,Polygon,MultiPolygon,MultiPolygon,1,MultiPolygon,1
Auckland,"Robbery, blackmail, and extortion",Aggravated robbery,Auckland Central West.,NZ,Auckland Region,Auckland.,1/10/2024,0435801,Auckland Region,Teritorial Authority,Auckland,Polygon,Polygon,MultiPolygon,MultiPolygon,1,MultiPolygon,1
Auckland,"Robbery, blackmail, and extortion",Aggravated robbery,Manurewa Central.,NZ,Auckland Region,Auckland.,1/01/2025,0751600,Auckland Region,Teritorial Authority,Auckland,Polygon,Polygon,MultiPolygon,MultiPolygon,1,MultiPolygon,1
Auckland,"Robbery, blackmail, and extortion",Aggravated robbery,Swanson.,NZ,Auckland Region,Auckland.,1/11/2024,0237901,Auckland Region,Teritorial Authority,Auckland,Polygon,Polygon,MultiPolygon,MultiPolygon,1,MultiPolygon,1
Auckland,"Robbery, blackmail, and extortion",Blackmail or other extortion,Mangere South.,NZ,Auckland Region,Auckland.,1/05/2024,0728605,Auckland Region,Teritorial Authority,Auckland,MultiPolygon,Polygon,MultiPolygon,MultiPolygon,1,MultiPolygon,1
Auckland,"Robbery, blackmail, and extortion",Blackmail or other extortion,Auckland Central West.,NZ,Auckland Region,Auckland.,1/11/2023,0434103,Auckland Region,Teritorial Authority,Auckland,Polygon,Polygon,MultiPolygon,MultiPolygon,1,MultiPolygon,1
Auckland,"Robbery, blackmail, and extortion",Aggravated robbery,Ellerslie South.,NZ,Auckland Region,Auckland.,1/03/2024,0612700,Auckland Region,Teritorial Authority,Auckland,Polygon,Polygon,MultiPolygon,MultiPolygon,1,MultiPolygon,1
Auckland,"Robbery, blackmail, and extortion",Blackmail or other extortion,Lynfield North.,NZ,Auckland Region,Auckland.,1/06/2025,0584800,Auckland Region,Teritorial Authority,Auckland,Polygon,Polygon,MultiPolygon,MultiPolygon,1,MultiPolygon,1
Auckland,"Robbery, blackmail, and extortion",Aggravated robbery,Oranga.,NZ,Auckland Region,Auckland.,1/08/2023,0603400,Auckland Region,Teritorial Authority,Auckland,Polygon,Polygon,MultiPolygon,MultiPolygon,1,MultiPolygon,1
Auckland,"Robbery, blackmail, and extortion",Aggravated robbery,Glen Innes North.,NZ,Auckland Region,Auckland.,1/06/2024,0466101,Auckland Region,Teritorial Authority,Auckland,Polygon,Polygon,MultiPolygon,MultiPolygon,2,MultiPolygon,2
Auckland,"Robbery, blackmail, and extortion",Aggravated robbery,Auckland Harbourside.,NZ,Auckland Region,Auckland.,1/01/2025,0432900,Auckland Region,Teritorial Authority,Auckland,Polygon,Polygon,MultiPolygon,MultiPolygon,1,MultiPolygon,1
Auckland,"Robbery, blackmail, and extortion",Aggravated robbery,St Lukes North.,NZ,Auckland Region,Auckland.,1/01/2025,0405500,Auckland Region,Teritorial Authority,Auckland,Polygon,Polygon,MultiPolygon,MultiPolygon,1,MultiPolygon,1
Auckland,"Robbery, blackmail, and extortion",Blackmail or other extortion,Kohimarama East.,NZ,Auckland Region,Auckland.,1/06/2025,0508100,Auckland Region,Teritorial Authority,Auckland,Polygon,Polygon,MultiPolygon,MultiPolygon,1,MultiPolygon,1
Auckland,"Robbery, blackmail, and extortion",Aggravated robbery,Glenfield Central.,NZ,Auckland Region,Auckland.,1/03/2024,0200300,Auckland Region,Teritorial Authority,Auckland,Polygon,Polygon,MultiPolygon,MultiPolygon,1,MultiPolygon,1
Auckland,"Robbery, blackmail, and extortion",Aggravated robbery,Tamaki.,NZ,Auckland Region,Auckland.,1/11/2024,0630400,Auckland Region,Teritorial Authority,Auckland,Polygon,Polygon,MultiPolygon,MultiPolygon,1,MultiPolygon,1
Auckland,"Robbery, blackmail, and extortion",Blackmail or other extortion,Mt Hobson.,NZ,Auckland Region,Auckland.,1/08/2023,0491400,Auckland Region,Teritorial Authority,Auckland,Polygon,Polygon,MultiPolygon,MultiPolygon,1,MultiPolygon,1
Auckland,"Robbery, blackmail, and extortion",Aggravated robbery,Surrey Crescent.,NZ,Auckland Region,Auckland.,1/01/2025,0405000,Auckland Region,Teritorial Authority,Auckland,Polygon,Polygon,MultiPolygon,MultiPolygon,1,MultiPolygon,1
Auckland,"Robbery, blackmail, and extortion",Aggravated robbery,Takanini West.,NZ,Auckland Region,Auckland.,1/07/2024,0767907,Auckland Region,Teritorial Authority,Auckland,Polygon,Polygon,MultiPolygon,MultiPolygon,1,MultiPolygon,1
Auckland,"Robbery, blackmail, and extortion",Aggravated robbery,Meadowbank South.,NZ,Auckland Region,Auckland.,1/11/2024,0463706,Auckland Region,Teritorial Authority,Auckland,Polygon,Polygon,MultiPolygon,MultiPolygon,1,MultiPolygon,1
Auckland,"Robbery, blackmail, and extortion",Blackmail or other extortion,Auckland Central West.,NZ,Auckland Region,Auckland.,1/04/2025,0434402,Auckland Region,Teritorial Authority,Auckland,Polygon,Polygon,MultiPolygon,MultiPolygon,1,MultiPolygon,1
Auckland,"Robbery, blackmail, and extortion",Blackmail or other extortion,Lynfield South.,NZ,Auckland Region,Auckland.,1/01/2024,0587801,Auckland Region,Teritorial Authority,Auckland,Polygon,Polygon,MultiPolygon,MultiPolygon,1,MultiPolygon,1
Auckland,"Robbery, blackmail, and extortion",Aggravated robbery,Sandringham West.,NZ,Auckland Region,Auckland.,1/03/2024,0540300,Auckland Region,Teritorial Authority,Auckland,Polygon,Polygon,MultiPolygon,MultiPolygon,1,MultiPolygon,1
Auckland,"Robbery, blackmail, and extortion",Aggravated robbery,Beachlands-Maraetai.,NZ,Auckland Region,Auckland.,1/09/2024,0719600,Auckland Region,Teritorial Authority,Auckland,MultiPolygon,Polygon,MultiPolygon,MultiPolygon,1,MultiPolygon,1
Auckland,"Robbery, blackmail, and extortion",Aggravated robbery,Papakura Central.,NZ,Auckland Region,Auckland.,1/04/2025,0792000,Auckland Region,Teritorial Authority,Auckland,Polygon,Polygon,MultiPolygon,MultiPolygon,1,MultiPolygon,1
Auckland,"Robbery, blackmail, and extortion",Blackmail or other extortion,Parnell East.,NZ,Auckland Region,Auckland.,1/04/2025,0457000,Auckland Region,Teritorial Authority,Auckland,Polygon,Polygon,MultiPolygon,MultiPolygon,1,MultiPolygon,1
Auckland,"Robbery, blackmail, and extortion",Blackmail or other extortion,Wesley.,NZ,Auckland Region,Auckland.,1/01/2024,0579500,Auckland Region,Teritorial Authority,Auckland,Polygon,Polygon,MultiPolygon,MultiPolygon,1,MultiPolygon,1
Auckland,"Robbery, blackmail, and extortion",Blackmail or other extortion,Mt Wellington Domain.,NZ,Auckland Region,Auckland.,1/07/2025,0465302,Auckland Region,Teritorial Authority,Auckland,Polygon,Polygon,MultiPolygon,MultiPolygon,1,MultiPolygon,1
Auckland,"Robbery, blackmail, and extortion",Blackmail or other extortion,Sandringham North.,NZ,Auckland Region,Auckland.,1/03/2024,0536100,Auckland Region,Teritorial Authority,Auckland,Polygon,Polygon,MultiPolygon,MultiPolygon,1,MultiPolygon,1
Auckland,"Robbery, blackmail, and extortion",Aggravated robbery,Three Kings.,NZ,Auckland Region,Auckland.,1/03/2024,0561000,Auckland Region,Teritorial Authority,Auckland,Polygon,Polygon,MultiPolygon,MultiPolygon,1,MultiPolygon,1
Auckland,"Robbery, blackmail, and extortion",Blackmail or other extortion,Wattle Farm.,NZ,Auckland Region,Auckland.,1/10/2023,0769024,Auckland Region,Teritorial Authority,Auckland,Polygon,Polygon,MultiPolygon,MultiPolygon,1,MultiPolygon,1
Auckland,"Robbery, blackmail, and extortion",Non-aggravated robbery,Manukau Central.,NZ,Auckland Region,Auckland.,1/02/2025,0780209,Auckland Region,Teritorial Authority,Auckland,Polygon,Polygon,MultiPolygon,MultiPolygon,1,MultiPolygon,1
Auckland,"Robbery, blackmail, and extortion",Aggravated robbery,Manurewa Central.,NZ,Auckland Region,Auckland.,1/03/2025,0751700,Auckland Region,Teritorial Authority,Auckland,Polygon,Polygon,MultiPolygon,MultiPolygon,1,MultiPolygon,1
Auckland,"Robbery, blackmail, and extortion",Blackmail or other extortion,Epsom North.,NZ,Auckland Region,Auckland.,1/04/2025,0443600,Auckland Region,Teritorial Authority,Auckland,Polygon,Polygon,MultiPolygon,MultiPolygon,1,MultiPolygon,1
Auckland,"Robbery, blackmail, and extortion",Aggravated robbery,Otara North.,NZ,Auckland Region,Auckland.,1/12/2023,0700700,Auckland Region,Teritorial Authority,Auckland,Polygon,Polygon,MultiPolygon,MultiPolygon,1,MultiPolygon,1
Auckland,"Robbery, blackmail, and extortion",Aggravated robbery,Mascot.,NZ,Auckland Region,Auckland.,1/05/2025,0742101,Auckland Region,Teritorial Authority,Auckland,Polygon,Polygon,MultiPolygon,MultiPolygon,1,MultiPolygon,1
Auckland,"Robbery, blackmail, and extortion",Blackmail or other extortion,Royal Oak.,NZ,Auckland Region,Auckland.,1/08/2023,0567300,Auckland Region,Teritorial Authority,Auckland,Polygon,Polygon,MultiPolygon,MultiPolygon,1,MultiPolygon,1
Auckland,"Robbery, blackmail, and extortion",Aggravated robbery,Auckland Central West.,NZ,Auckland Region,Auckland.,1/12/2023,0434403,Auckland Region,Teritorial Authority,Auckland,Polygon,Polygon,MultiPolygon,MultiPolygon,1,MultiPolygon,1
Auckland,"Robbery, blackmail, and extortion",Non-aggravated robbery,Mission Bay.,NZ,Auckland Region,Auckland.,1/09/2023,0503402,Auckland Region,Teritorial Authority,Auckland,Polygon,Polygon,MultiPolygon,MultiPolygon,1,MultiPolygon,1
Auckland,"Robbery, blackmail, and extortion",Aggravated robbery,Massey Park.,NZ,Auckland Region,Auckland.,1/05/2024,0797700,Auckland Region,Teritorial Authority,Auckland,Polygon,Polygon,MultiPolygon,MultiPolygon,1,MultiPolygon,1
Auckland,"Robbery, blackmail, and extortion",Aggravated robbery,Papakura Central.,NZ,Auckland Region,Auckland.,1/10/2024,0793301,Auckland Region,Teritorial Authority,Auckland,Polygon,Polygon,MultiPolygon,MultiPolygon,1,MultiPolygon,1
Auckland,"Robbery, blackmail, and extortion",Aggravated robbery,Manukau Central.,NZ,Auckland Region,Auckland.,1/07/2025,0780209,Auckland Region,Teritorial Authority,Auckland,Polygon,Polygon,MultiPolygon,MultiPolygon,1,MultiPolygon,1
Auckland,"Robbery, blackmail, and extortion",Aggravated robbery,Otara North.,NZ,Auckland Region,Auckland.,1/03/2024,0700700,Auckland Region,Teritorial Authority,Auckland,Polygon,Polygon,MultiPolygon,MultiPolygon,1,MultiPolygon,1
Auckland,"Robbery, blackmail, and extortion",Aggravated robbery,Burbank.,NZ,Auckland Region,Auckland.,1/12/2023,0774701,Auckland Region,Teritorial Authority,Auckland,Polygon,Polygon,MultiPolygon,MultiPolygon,1,MultiPolygon,1
Auckland,"Robbery, blackmail, and extortion",Aggravated robbery,Pakuranga Central.,NZ,Auckland Region,Auckland.,1/09/2023,0686400,Auckland Region,Teritorial Authority,Auckland,Polygon,Polygon,MultiPolygon,MultiPolygon,1,MultiPolygon,1
Auckland,"Robbery, blackmail, and extortion",Blackmail or other extortion,Auckland Central East.,NZ,Auckland Region,Auckland.,1/02/2025,0438406,Auckland Region,Teritorial Authority,Auckland,Polygon,Polygon,MultiPolygon,MultiPolygon,1,MultiPolygon,1
Auckland,"Robbery, blackmail, and extortion",Aggravated robbery,Fairdene.,NZ,Auckland Region,Auckland.,1/01/2025,0232700,Auckland Region,Teritorial Authority,Auckland,Polygon,Polygon,MultiPolygon,MultiPolygon,1,MultiPolygon,1
Auckland,"Robbery, blackmail, and extortion",Blackmail or other extortion,Pigeon Mountain North.,NZ,Auckland Region,Auckland.,1/11/2024,0680721,Auckland Region,Teritorial Authority,Auckland,Polygon,Polygon,MultiPolygon,MultiPolygon,1,MultiPolygon,1
Auckland,"Robbery, blackmail, and extortion",Aggravated robbery,Auckland Central West.,NZ,Auckland Region,Auckland.,1/01/2024,0435802,Auckland Region,Teritorial Authority,Auckland,Polygon,Polygon,MultiPolygon,MultiPolygon,1,MultiPolygon,1
Auckland,"Robbery, blackmail, and extortion",Aggravated robbery,Papatoetoe West.,NZ,Auckland Region,Auckland.,1/10/2024,0659400,Auckland Region,Teritorial Authority,Auckland,Polygon,Polygon,MultiPolygon,MultiPolygon,1,MultiPolygon,1
Auckland,"Robbery, blackmail, and extortion",Aggravated robbery,Auckland Harbourside.,NZ,Auckland Region,Auckland.,1/07/2025,0437901,Auckland Region,Teritorial Authority,Auckland,Polygon,Polygon,MultiPolygon,MultiPolygon,1,MultiPolygon,1
Auckland,"Robbery, blackmail, and extortion",Aggravated robbery,Hillsborough East.,NZ,Auckland Region,Auckland.,1/07/2025,0571100,Auckland Region,Teritorial Authority,Auckland,Polygon,Polygon,MultiPolygon,MultiPolygon,1,MultiPolygon,1
Auckland,"Robbery, blackmail, and extortion",Aggravated robbery,Hillsborough East.,NZ,Auckland Region,Auckland.,1/12/2023,0570200,Auckland Region,Teritorial Authority,Auckland,Polygon,Polygon,MultiPolygon,MultiPolygon,1,MultiPolygon,1
Auckland,"Robbery, blackmail, and extortion",Non-aggravated robbery,Lynnmall.,NZ,Auckland Region,Auckland.,1/05/2024,0266000,Auckland Region,Teritorial Authority,Auckland,Polygon,Polygon,MultiPolygon,MultiPolygon,1,MultiPolygon,1
Auckland,"Robbery, blackmail, and extortion",Blackmail or other extortion,Woodglen.,NZ,Auckland Region,Auckland.,1/07/2024,0284400,Auckland Region,Teritorial Authority,Auckland,Polygon,Polygon,MultiPolygon,MultiPolygon,1,MultiPolygon,1
Auckland,"Robbery, blackmail, and extortion",Non-aggravated robbery,Narrow Neck.,NZ,Auckland Region,Auckland.,1/03/2025,0339002,Auckland Region,Teritorial Authority,Auckland,Polygon,Polygon,MultiPolygon,MultiPolygon,1,MultiPolygon,1
Auckland,"Robbery, blackmail, and extortion",Blackmail or other extortion,Penrose.,NZ,Auckland Region,Auckland.,1/11/2024,0622000,Auckland Region,Teritorial Authority,Auckland,Polygon,Polygon,MultiPolygon,MultiPolygon,1,MultiPolygon,1
Auckland,"Robbery, blackmail, and extortion",Blackmail or other extortion,Waterview.,NZ,Auckland Region,Auckland.,1/12/2023,0385400,Auckland Region,Teritorial Authority,Auckland,Polygon,Polygon,MultiPolygon,MultiPolygon,2,MultiPolygon,2
Auckland,"Robbery, blackmail, and extortion",Non-aggravated robbery,Royal Oak.,NZ,Auckland Region,Auckland.,1/10/2024,0566800,Auckland Region,Teritorial Authority,Auckland,Polygon,Polygon,MultiPolygon,MultiPolygon,1,MultiPolygon,1
Auckland,"Robbery, blackmail, and extortion",Aggravated robbery,Waikowhai East.,NZ,Auckland Region,Auckland.,1/03/2024,0590400,Auckland Region,Teritorial Authority,Auckland,Polygon,Polygon,MultiPolygon,MultiPolygon,1,MultiPolygon,1
Auckland,"Robbery, blackmail, and extortion",Aggravated robbery,Sherbourne.,NZ,Auckland Region,Auckland.,1/12/2023,0546400,Auckland Region,Teritorial Authority,Auckland,Polygon,Polygon,MultiPolygon,MultiPolygon,1,MultiPolygon,1
Auckland,"Robbery, blackmail, and extortion",Non-aggravated robbery,Lynnmall.,NZ,Auckland Region,Auckland.,1/02/2024,0266000,Auckland Region,Teritorial Authority,Auckland,Polygon,Polygon,MultiPolygon,MultiPolygon,2,MultiPolygon,2
Auckland,"Robbery, blackmail, and extortion",Non-aggravated robbery,Manukau Central.,NZ,Auckland Region,Auckland.,1/07/2024,0780302,Auckland Region,Teritorial Authority,Auckland,Polygon,Polygon,MultiPolygon,MultiPolygon,1,MultiPolygon,1
Auckland,"Robbery, blackmail, and extortion",Blackmail or other extortion,Elsmore Park.,NZ,Auckland Region,Auckland.,1/08/2024,0682900,Auckland Region,Teritorial Authority,Auckland,Polygon,Polygon,MultiPolygon,MultiPolygon,1,MultiPolygon,1
Auckland,"Robbery, blackmail, and extortion",Non-aggravated robbery,Auckland Central West.,NZ,Auckland Region,Auckland.,1/01/2024,0434802,Auckland Region,Teritorial Authority,Auckland,Polygon,Polygon,MultiPolygon,MultiPolygon,1,MultiPolygon,1
Auckland,"Robbery, blackmail, and extortion",Blackmail or other extortion,Ambury.,NZ,Auckland Region,Auckland.,1/01/2025,0720402,Auckland Region,Teritorial Authority,Auckland,MultiPolygon,Polygon,MultiPolygon,MultiPolygon,1,MultiPolygon,1
Auckland,"Robbery, blackmail, and extortion",Aggravated robbery,Homai East.,NZ,Auckland Region,Auckland.,1/12/2023,0777000,Auckland Region,Teritorial Authority,Auckland,Polygon,Polygon,MultiPolygon,MultiPolygon,2,MultiPolygon,2
Auckland,"Robbery, blackmail, and extortion",Aggravated robbery,Lynnmall.,NZ,Auckland Region,Auckland.,1/11/2023,0265900,Auckland Region,Teritorial Authority,Auckland,Polygon,Polygon,MultiPolygon,MultiPolygon,1,MultiPolygon,1
Auckland,"Robbery, blackmail, and extortion",Aggravated robbery,Kingsland.,NZ,Auckland Region,Auckland.,1/07/2025,0532000,Auckland Region,Teritorial Authority,Auckland,Polygon,Polygon,MultiPolygon,MultiPolygon,1,MultiPolygon,1
Auckland,"Robbery, blackmail, and extortion",Aggravated robbery,Burbank.,NZ,Auckland Region,Auckland.,1/08/2023,0774900,Auckland Region,Teritorial Authority,Auckland,Polygon,Polygon,MultiPolygon,MultiPolygon,2,MultiPolygon,2
Auckland,"Robbery, blackmail, and extortion",Aggravated robbery,Onehunga South East.,NZ,Auckland Region,Auckland.,1/08/2024,0601700,Auckland Region,Teritorial Authority,Auckland,Polygon,Polygon,MultiPolygon,MultiPolygon,1,MultiPolygon,1
Auckland,"Robbery, blackmail, and extortion",Blackmail or other extortion,Half Moon Bay.,NZ,Auckland Region,Auckland.,1/09/2024,0679809,Auckland Region,Teritorial Authority,Auckland,Polygon,Polygon,MultiPolygon,MultiPolygon,1,MultiPolygon,1
Auckland,"Robbery, blackmail, and extortion",Non-aggravated robbery,Mt Eden South.,NZ,Auckland Region,Auckland.,1/01/2024,0558100,Auckland Region,Teritorial Authority,Auckland,Polygon,Polygon,MultiPolygon,MultiPolygon,1,MultiPolygon,1
Auckland,"Robbery, blackmail, and extortion",Blackmail or other extortion,Mt Wellington South.,NZ,Auckland Region,Auckland.,1/01/2025,0635200,Auckland Region,Teritorial Authority,Auckland,Polygon,Polygon,MultiPolygon,MultiPolygon,1,MultiPolygon,1
Auckland,"Robbery, blackmail, and extortion",Blackmail or other extortion,Tuff Crater.,NZ,Auckland Region,Auckland.,1/05/2025,0366401,Auckland Region,Teritorial Authority,Auckland,Polygon,Polygon,MultiPolygon,MultiPolygon,1,MultiPolygon,1
Auckland,"Robbery, blackmail, and extortion",Aggravated robbery,Manukau Central.,NZ,Auckland Region,Auckland.,1/01/2024,0781200,Auckland Region,Teritorial Authority,Auckland,Polygon,Polygon,MultiPolygon,MultiPolygon,2,MultiPolygon,2
Auckland,"Robbery, blackmail, and extortion",Aggravated robbery,Greenmount.,NZ,Auckland Region,Auckland.,1/11/2023,0711716,Auckland Region,Teritorial Authority,Auckland,Polygon,Polygon,MultiPolygon,MultiPolygon,1,MultiPolygon,1
Auckland,"Robbery, blackmail, and extortion",Aggravated robbery,Fairdene.,NZ,Auckland Region,Auckland.,1/02/2024,0233101,Auckland Region,Teritorial Authority,Auckland,Polygon,Polygon,MultiPolygon,MultiPolygon,1,MultiPolygon,1
Auckland,"Robbery, blackmail, and extortion",Aggravated robbery,Wellsford.,NZ,Auckland Region,Auckland.,1/02/2024,0142500,Auckland Region,Teritorial Authority,Auckland,Polygon,Polygon,MultiPolygon,MultiPolygon,1,MultiPolygon,1
Auckland,"Robbery, blackmail, and extortion",Aggravated robbery,Auckland Central West.,NZ,Auckland Region,Auckland.,1/01/2025,0433200,Auckland Region,Teritorial Authority,Auckland,Polygon,Polygon,MultiPolygon,MultiPolygon,1,MultiPolygon,1
Auckland,"Robbery, blackmail, and extortion",Blackmail or other extortion,Newton.,NZ,Auckland Region,Auckland.,1/01/2025,0411900,Auckland Region,Teritorial Authority,Auckland,Polygon,Polygon,MultiPolygon,MultiPolygon,1,MultiPolygon,1
Auckland,"Robbery, blackmail, and extortion",Non-aggravated robbery,Auckland Central East.,NZ,Auckland Region,Auckland.,1/02/2024,0438000,Auckland Region,Teritorial Authority,Auckland,Polygon,Polygon,MultiPolygon,MultiPolygon,1,MultiPolygon,1
Auckland,"Robbery, blackmail, and extortion",Blackmail or other extortion,Unsworth Heights.,NZ,Auckland Region,Auckland.,1/05/2025,0180850,Auckland Region,Teritorial Authority,Auckland,Polygon,Polygon,MultiPolygon,MultiPolygon,1,MultiPolygon,1
Auckland,"Robbery, blackmail, and extortion",Blackmail or other extortion,Helensville.,NZ,Auckland Region,Auckland.,1/11/2023,0212102,Auckland Region,Teritorial Authority,Auckland,Polygon,Polygon,MultiPolygon,MultiPolygon,1,MultiPolygon,1
Auckland,"Robbery, blackmail, and extortion",Non-aggravated robbery,Glen Eden East.,NZ,Auckland Region,Auckland.,1/05/2025,0286100,Auckland Region,Teritorial Authority,Auckland,Polygon,Polygon,MultiPolygon,MultiPolygon,1,MultiPolygon,1
Auckland,"Robbery, blackmail, and extortion",Blackmail or other extortion,Rothesay Bay.,NZ,Auckland Region,Auckland.,1/11/2023,0157203,Auckland Region,Teritorial Authority,Auckland,Polygon,Polygon,MultiPolygon,MultiPolygon,1,MultiPolygon,1
Auckland,"Robbery, blackmail, and extortion",Non-aggravated robbery,Glen Innes West.,NZ,Auckland Region,Auckland.,1/08/2024,0469700,Auckland Region,Teritorial Authority,Auckland,Polygon,Polygon,MultiPolygon,MultiPolygon,1,MultiPolygon,1
Auckland,"Robbery, blackmail, and extortion",Blackmail or other extortion,Point Chevalier West.,NZ,Auckland Region,Auckland.,1/09/2024,0392600,Auckland Region,Teritorial Authority,Auckland,Polygon,Polygon,MultiPolygon,MultiPolygon,1,MultiPolygon,1
Auckland,"Robbery, blackmail, and extortion",Blackmail or other extortion,Otahuhu North.,NZ,Auckland Region,Auckland.,1/10/2024,0787602,Auckland Region,Teritorial Authority,Auckland,Polygon,Polygon,MultiPolygon,MultiPolygon,1,MultiPolygon,1
Auckland,"Robbery, blackmail, and extortion",Blackmail or other extortion,Army Bay.,NZ,Auckland Region,Auckland.,1/01/2024,0175115,Auckland Region,Teritorial Authority,Auckland,MultiPolygon,Polygon,MultiPolygon,MultiPolygon,1,MultiPolygon,1
Auckland,"Robbery, blackmail, and extortion",Non-aggravated robbery,Mt Wellington South.,NZ,Auckland Region,Auckland.,1/05/2025,0637500,Auckland Region,Teritorial Authority,Auckland,Polygon,Polygon,MultiPolygon,MultiPolygon,1,MultiPolygon,1
Auckland,"Robbery, blackmail, and extortion",Aggravated robbery,Auckland Central East.,NZ,Auckland Region,Auckland.,1/12/2024,0437701,Auckland Region,Teritorial Authority,Auckland,Polygon,Polygon,MultiPolygon,MultiPolygon,1,MultiPolygon,1
Auckland,"Robbery, blackmail, and extortion",Aggravated robbery,Papatoetoe East.,NZ,Auckland Region,Auckland.,1/02/2025,0668400,Auckland Region,Teritorial Authority,Auckland,Polygon,Polygon,MultiPolygon,MultiPolygon,1,MultiPolygon,1
Auckland,"Robbery, blackmail, and extortion",Aggravated robbery,Lynnmall.,NZ,Auckland Region,Auckland.,1/04/2025,0266502,Auckland Region,Teritorial Authority,Auckland,Polygon,Polygon,MultiPolygon,MultiPolygon,1,MultiPolygon,1
Auckland,"Robbery, blackmail, and extortion",Aggravated robbery,Manukau Central.,NZ,Auckland Region,Auckland.,1/03/2024,0780209,Auckland Region,Teritorial Authority,Auckland,Polygon,Polygon,MultiPolygon,MultiPolygon,1,MultiPolygon,1
Auckland,"Robbery, blackmail, and extortion",Blackmail or other extortion,Lucken Point.,NZ,Auckland Region,Auckland.,1/06/2025,0224126,Auckland Region,Teritorial Authority,Auckland,Polygon,Polygon,MultiPolygon,MultiPolygon,1,MultiPolygon,1
Auckland,"Robbery, blackmail, and extortion",Blackmail or other extortion,Point View.,NZ,Auckland Region,Auckland.,1/10/2024,0711807,Auckland Region,Teritorial Authority,Auckland,Polygon,Polygon,MultiPolygon,MultiPolygon,1,MultiPolygon,1
Auckland,"Robbery, blackmail, and extortion",Aggravated robbery,Pukekohe North.,NZ,Auckland Region,Auckland.,1/02/2024,0817600,Auckland Region,Teritorial Authority,Auckland,Polygon,Polygon,MultiPolygon,MultiPolygon,1,MultiPolygon,1
Auckland,"Robbery, blackmail, and extortion",Blackmail or other extortion,Pinehill.,NZ,Auckland Region,Auckland.,1/01/2024,0180602,Auckland Region,Teritorial Authority,Auckland,Polygon,Polygon,MultiPolygon,MultiPolygon,1,MultiPolygon,1
Auckland,"Robbery, blackmail, and extortion",Aggravated robbery,Elsmore Park.,NZ,Auckland Region,Auckland.,1/06/2025,0681304,Auckland Region,Teritorial Authority,Auckland,Polygon,Polygon,MultiPolygon,MultiPolygon,1,MultiPolygon,1
Auckland,"Robbery, blackmail, and extortion",Aggravated robbery,Otahuhu West.,NZ,Auckland Region,Auckland.,1/08/2024,0785000,Auckland Region,Teritorial Authority,Auckland,Polygon,Polygon,MultiPolygon,MultiPolygon,1,MultiPolygon,1
Auckland,"Robbery, blackmail, and extortion",Aggravated robbery,Auckland Harbourside.,NZ,Auckland Region,Auckland.,1/12/2024,0432900,Auckland Region,Teritorial Authority,Auckland,Polygon,Polygon,MultiPolygon,MultiPolygon,1,MultiPolygon,1
Auckland,"Robbery, blackmail, and extortion",Aggravated robbery,Auckland Harbourside.,NZ,Auckland Region,Auckland.,1/01/2024,0432900,Auckland Region,Teritorial Authority,Auckland,Polygon,Polygon,MultiPolygon,MultiPolygon,2,MultiPolygon,2
Auckland,"Robbery, blackmail, and extortion",Aggravated robbery,Wattle Farm.,NZ,Auckland Region,Auckland.,1/04/2025,0769030,Auckland Region,Teritorial Authority,Auckland,Polygon,Polygon,MultiPolygon,MultiPolygon,1,MultiPolygon,1
Auckland,"Robbery, blackmail, and extortion",Aggravated robbery,Dingwall.,NZ,Auckland Region,Auckland.,1/12/2024,0666100,Auckland Region,Teritorial Authority,Auckland,Polygon,Polygon,MultiPolygon,MultiPolygon,1,MultiPolygon,1
Auckland,"Robbery, blackmail, and extortion",Non-aggravated robbery,Kumeu East.,NZ,Auckland Region,Auckland.,1/01/2025,0214402,Auckland Region,Teritorial Authority,Auckland,Polygon,Polygon,MultiPolygon,MultiPolygon,1,MultiPolygon,1
Auckland,"Robbery, blackmail, and extortion",Aggravated robbery,Dingwall.,NZ,Auckland Region,Auckland.,1/11/2024,0666400,Auckland Region,Teritorial Authority,Auckland,Polygon,Polygon,MultiPolygon,MultiPolygon,1,MultiPolygon,1
Auckland,"Robbery, blackmail, and extortion",Blackmail or other extortion,Glendene North.,NZ,Auckland Region,Auckland.,1/06/2025,0275400,Auckland Region,Teritorial Authority,Auckland,Polygon,Polygon,MultiPolygon,MultiPolygon,1,MultiPolygon,1
Auckland,"Robbery, blackmail, and extortion",Non-aggravated robbery,Papakura East.,NZ,Auckland Region,Auckland.,1/09/2023,0796700,Auckland Region,Teritorial Authority,Auckland,Polygon,Polygon,MultiPolygon,MultiPolygon,1,MultiPolygon,1
Auckland,"Robbery, blackmail, and extortion",Blackmail or other extortion,Greenhithe.,NZ,Auckland Region,Auckland.,1/01/2024,0180903,Auckland Region,Teritorial Authority,Auckland,Polygon,Polygon,MultiPolygon,MultiPolygon,1,MultiPolygon,1
Auckland,"Robbery, blackmail, and extortion",Aggravated robbery,Otahuhu West.,NZ,Auckland Region,Auckland.,1/07/2025,0782900,Auckland Region,Teritorial Authority,Auckland,Polygon,Polygon,MultiPolygon,MultiPolygon,1,MultiPolygon,1
Auckland,"Robbery, blackmail, and extortion",Aggravated robbery,Papatoetoe North.,NZ,Auckland Region,Auckland.,1/10/2024,0663200,Auckland Region,Teritorial Authority,Auckland,Polygon,Polygon,MultiPolygon,MultiPolygon,1,MultiPolygon,1
Auckland,"Robbery, blackmail, and extortion",Aggravated robbery,New Lynn North.,NZ,Auckland Region,Auckland.,1/04/2025,0268300,Auckland Region,Teritorial Authority,Auckland,Polygon,Polygon,MultiPolygon,MultiPolygon,1,MultiPolygon,1
Auckland,"Robbery, blackmail, and extortion",Blackmail or other extortion,Windsor Park.,NZ,Auckland Region,Auckland.,1/01/2024,0180826,Auckland Region,Teritorial Authority,Auckland,Polygon,Polygon,MultiPolygon,MultiPolygon,2,MultiPolygon,2
Auckland,"Robbery, blackmail, and extortion",Blackmail or other extortion,Ocean View.,NZ,Auckland Region,Auckland.,1/07/2025,0362300,Auckland Region,Teritorial Authority,Auckland,Polygon,Polygon,MultiPolygon,MultiPolygon,1,MultiPolygon,1
Auckland,"Robbery, blackmail, and extortion",Aggravated robbery,Papakura Central.,NZ,Auckland Region,Auckland.,1/08/2023,0793200,Auckland Region,Teritorial Authority,Auckland,Polygon,Polygon,MultiPolygon,MultiPolygon,1,MultiPolygon,1
Auckland,"Robbery, blackmail, and extortion",Aggravated robbery,Chelsea.,NZ,Auckland Region,Auckland.,1/12/2023,0352400,Auckland Region,Teritorial Authority,Auckland,Polygon,Polygon,MultiPolygon,MultiPolygon,2,MultiPolygon,2
Auckland,"Robbery, blackmail, and extortion",Non-aggravated robbery,Ormiston.,NZ,Auckland Region,Auckland.,1/05/2025,0712500,Auckland Region,Teritorial Authority,Auckland,Polygon,Polygon,MultiPolygon,MultiPolygon,1,MultiPolygon,1
Auckland,"Robbery, blackmail, and extortion",Aggravated robbery,Mangere South.,NZ,Auckland Region,Auckland.,1/05/2024,0727400,Auckland Region,Teritorial Authority,Auckland,MultiPolygon,Polygon,MultiPolygon,MultiPolygon,1,MultiPolygon,1
Auckland,"Robbery, blackmail, and extortion",Non-aggravated robbery,Takanini North.,NZ,Auckland Region,Auckland.,1/02/2025,0768100,Auckland Region,Teritorial Authority,Auckland,Polygon,Polygon,MultiPolygon,MultiPolygon,1,MultiPolygon,1
Auckland,"Robbery, blackmail, and extortion",Aggravated robbery,Kohuora.,NZ,Auckland Region,Auckland.,1/09/2023,0746321,Auckland Region,Teritorial Authority,Auckland,Polygon,Polygon,MultiPolygon,MultiPolygon,2,MultiPolygon,2
Auckland,"Robbery, blackmail, and extortion",Aggravated robbery,Glen Eden East.,NZ,Auckland Region,Auckland.,1/01/2025,0286200,Auckland Region,Teritorial Authority,Auckland,Polygon,Polygon,MultiPolygon,MultiPolygon,1,MultiPolygon,1
Auckland,"Robbery, blackmail, and extortion",Blackmail or other extortion,Hauraki.,NZ,Auckland Region,Auckland.,1/07/2025,0324100,Auckland Region,Teritorial Authority,Auckland,Polygon,Polygon,MultiPolygon,MultiPolygon,1,MultiPolygon,1
Auckland,"Robbery, blackmail, and extortion",Aggravated robbery,Manurewa Central.,NZ,Auckland Region,Auckland.,1/03/2024,0751600,Auckland Region,Teritorial Authority,Auckland,Polygon,Polygon,MultiPolygon,MultiPolygon,1,MultiPolygon,1
Auckland,"Robbery, blackmail, and extortion",Blackmail or other extortion,Huapai.,NZ,Auckland Region,Auckland.,1/07/2025,0215908,Auckland Region,Teritorial Authority,Auckland,Polygon,Polygon,MultiPolygon,MultiPolygon,1,MultiPolygon,1
Auckland,"Robbery, blackmail, and extortion",Non-aggravated robbery,Bledisloe Park.,NZ,Auckland Region,Auckland.,1/01/2024,0823800,Auckland Region,Teritorial Authority,Auckland,Polygon,Polygon,MultiPolygon,MultiPolygon,1,MultiPolygon,1
Auckland,"Robbery, blackmail, and extortion",Aggravated robbery,Roberton.,NZ,Auckland Region,Auckland.,1/05/2025,0382300,Auckland Region,Teritorial Authority,Auckland,Polygon,Polygon,MultiPolygon,MultiPolygon,1,MultiPolygon,1
Auckland,"Robbery, blackmail, and extortion",Aggravated robbery,Springleigh.,NZ,Auckland Region,Auckland.,1/07/2024,0524800,Auckland Region,Teritorial Authority,Auckland,Polygon,Polygon,MultiPolygon,MultiPolygon,2,MultiPolygon,2
Auckland,"Robbery, blackmail, and extortion",Blackmail or other extortion,Papatoetoe North.,NZ,Auckland Region,Auckland.,1/01/2024,0663100,Auckland Region,Teritorial Authority,Auckland,Polygon,Polygon,MultiPolygon,MultiPolygon,1,MultiPolygon,1
Auckland,"Robbery, blackmail, and extortion",Aggravated robbery,Rowandale.,NZ,Auckland Region,Auckland.,1/09/2023,0775805,Auckland Region,Teritorial Authority,Auckland,Polygon,Polygon,MultiPolygon,MultiPolygon,1,MultiPolygon,1
Auckland,"Robbery, blackmail, and extortion",Aggravated robbery,Auckland Central East.,NZ,Auckland Region,Auckland.,1/10/2023,0437101,Auckland Region,Teritorial Authority,Auckland,Polygon,Polygon,MultiPolygon,MultiPolygon,2,MultiPolygon,2
Auckland,"Robbery, blackmail, and extortion",Aggravated robbery,Woodglen.,NZ,Auckland Region,Auckland.,1/01/2025,0284701,Auckland Region,Teritorial Authority,Auckland,Polygon,Polygon,MultiPolygon,MultiPolygon,1,MultiPolygon,1
Auckland,"Robbery, blackmail, and extortion",Aggravated robbery,Ranui Domain.,NZ,Auckland Region,Auckland.,1/07/2025,0235104,Auckland Region,Teritorial Authority,Auckland,Polygon,Polygon,MultiPolygon,MultiPolygon,1,MultiPolygon,1
Auckland,"Robbery, blackmail, and extortion",Blackmail or other extortion,Balmoral.,NZ,Auckland Region,Auckland.,1/11/2023,0553300,Auckland Region,Teritorial Authority,Auckland,Polygon,Polygon,MultiPolygon,MultiPolygon,1,MultiPolygon,1
Auckland,"Robbery, blackmail, and extortion",Aggravated robbery,Mt Albert Central.,NZ,Auckland Region,Auckland.,1/05/2025,0526500,Auckland Region,Teritorial Authority,Auckland,Polygon,Polygon,MultiPolygon,MultiPolygon,1,MultiPolygon,1
Auckland,"Robbery, blackmail, and extortion",Aggravated robbery,Green Bay.,NZ,Auckland Region,Auckland.,1/01/2024,0289601,Auckland Region,Teritorial Authority,Auckland,Polygon,Polygon,MultiPolygon,MultiPolygon,1,MultiPolygon,1
Auckland,"Robbery, blackmail, and extortion",Blackmail or other extortion,Tauhoa-Puhoi.,NZ,Auckland Region,Auckland.,1/03/2024,0147000,Auckland Region,Teritorial Authority,Auckland,MultiPolygon,Polygon,MultiPolygon,MultiPolygon,1,MultiPolygon,1
Auckland,"Robbery, blackmail, and extortion",Blackmail or other extortion,Sandringham West.,NZ,Auckland Region,Auckland.,1/12/2023,0540002,Auckland Region,Teritorial Authority,Auckland,Polygon,Polygon,MultiPolygon,MultiPolygon,1,MultiPolygon,1
Auckland,"Robbery, blackmail, and extortion",Aggravated robbery,Otahuhu West.,NZ,Auckland Region,Auckland.,1/12/2023,0783000,Auckland Region,Teritorial Authority,Auckland,Polygon,Polygon,MultiPolygon,MultiPolygon,2,MultiPolygon,2
Auckland,"Robbery, blackmail, and extortion",Non-aggravated robbery,Remuera South.,NZ,Auckland Region,Auckland.,1/01/2025,0494100,Auckland Region,Teritorial Authority,Auckland,Polygon,Polygon,MultiPolygon,MultiPolygon,1,MultiPolygon,1
Auckland,"Robbery, blackmail, and extortion",Blackmail or other extortion,Ormiston.,NZ,Auckland Region,Auckland.,1/06/2025,0713400,Auckland Region,Teritorial Authority,Auckland,Polygon,Polygon,MultiPolygon,MultiPolygon,1,MultiPolygon,1
Auckland,"Robbery, blackmail, and extortion",Non-aggravated robbery,Auckland Central West.,NZ,Auckland Region,Auckland.,1/05/2025,0435802,Auckland Region,Teritorial Authority,Auckland,Polygon,Polygon,MultiPolygon,MultiPolygon,1,MultiPolygon,1
Auckland,"Robbery, blackmail, and extortion",Aggravated robbery,Mangere Central.,NZ,Auckland Region,Auckland.,1/01/2025,0740500,Auckland Region,Teritorial Authority,Auckland,Polygon,Polygon,MultiPolygon,MultiPolygon,1,MultiPolygon,1
Auckland,"Robbery, blackmail, and extortion",Blackmail or other extortion,Randwick Park.,NZ,Auckland Region,Auckland.,1/03/2024,0759725,Auckland Region,Teritorial Authority,Auckland,Polygon,Polygon,MultiPolygon,MultiPolygon,1,MultiPolygon,1
Auckland,"Robbery, blackmail, and extortion",Blackmail or other extortion,Auckland Central West.,NZ,Auckland Region,Auckland.,1/12/2023,0434601,Auckland Region,Teritorial Authority,Auckland,Polygon,Polygon,MultiPolygon,MultiPolygon,1,MultiPolygon,1
Auckland,"Robbery, blackmail, and extortion",Aggravated robbery,Otahuhu West.,NZ,Auckland Region,Auckland.,1/08/2024,0786300,Auckland Region,Teritorial Authority,Auckland,Polygon,Polygon,MultiPolygon,MultiPolygon,2,MultiPolygon,2
Auckland,"Robbery, blackmail, and extortion",Aggravated robbery,Auckland Central West.,NZ,Auckland Region,Auckland.,1/01/2025,0433401,Auckland Region,Teritorial Authority,Auckland,Polygon,Polygon,MultiPolygon,MultiPolygon,1,MultiPolygon,1
Auckland,"Robbery, blackmail, and extortion",Aggravated robbery,Lynfield North.,NZ,Auckland Region,Auckland.,1/06/2024,0585102,Auckland Region,Teritorial Authority,Auckland,Polygon,Polygon,MultiPolygon,MultiPolygon,2,MultiPolygon,2
Auckland,"Robbery, blackmail, and extortion",Aggravated robbery,Auckland Central West.,NZ,Auckland Region,Auckland.,1/11/2023,0433200,Auckland Region,Teritorial Authority,Auckland,Polygon,Polygon,MultiPolygon,MultiPolygon,1,MultiPolygon,1
Auckland,"Robbery, blackmail, and extortion",Aggravated robbery,Manurewa East.,NZ,Auckland Region,Auckland.,1/01/2025,0758400,Auckland Region,Teritorial Authority,Auckland,Polygon,Polygon,MultiPolygon,MultiPolygon,1,MultiPolygon,1
Auckland,"Robbery, blackmail, and extortion",Blackmail or other extortion,Redoubt East.,NZ,Auckland Region,Auckland.,1/04/2024,0717202,Auckland Region,Teritorial Authority,Auckland,Polygon,Polygon,MultiPolygon,MultiPolygon,1,MultiPolygon,1
Auckland,"Robbery, blackmail, and extortion",Aggravated robbery,Sandringham West.,NZ,Auckland Region,Auckland.,1/06/2024,0540900,Auckland Region,Teritorial Authority,Auckland,Polygon,Polygon,MultiPolygon,MultiPolygon,2,MultiPolygon,2
Auckland,"Robbery, blackmail, and extortion",Blackmail or other extortion,Auckland Central West.,NZ,Auckland Region,Auckland.,1/01/2024,0434105,Auckland Region,Teritorial Authority,Auckland,Polygon,Polygon,MultiPolygon,MultiPolygon,1,MultiPolygon,1
Auckland,"Robbery, blackmail, and extortion",Aggravated robbery,Epsom North.,NZ,Auckland Region,Auckland.,1/06/2024,0457900,Auckland Region,Teritorial Authority,Auckland,Polygon,Polygon,MultiPolygon,MultiPolygon,4,MultiPolygon,4
Auckland,"Robbery, blackmail, and extortion",Aggravated robbery,Rongomai.,NZ,Auckland Region,Auckland.,1/11/2024,0713005,Auckland Region,Teritorial Authority,Auckland,Polygon,Polygon,MultiPolygon,MultiPolygon,2,MultiPolygon,2
Auckland,"Robbery, blackmail, and extortion",Blackmail or other extortion,Donegal Park.,NZ,Auckland Region,Auckland.,1/07/2025,0713300,Auckland Region,Teritorial Authority,Auckland,Polygon,Polygon,MultiPolygon,MultiPolygon,1,MultiPolygon,1
Auckland,"Robbery, blackmail, and extortion",Aggravated robbery,Otahuhu West.,NZ,Auckland Region,Auckland.,1/11/2023,0782900,Auckland Region,Teritorial Authority,Auckland,Polygon,Polygon,MultiPolygon,MultiPolygon,1,MultiPolygon,1
Auckland,"Robbery, blackmail, and extortion",Non-aggravated robbery,Papatoetoe Central.,NZ,Auckland Region,Auckland.,1/02/2025,0665000,Auckland Region,Teritorial Authority,Auckland,Polygon,Polygon,MultiPolygon,MultiPolygon,1,MultiPolygon,1
Auckland,"Robbery, blackmail, and extortion",Aggravated robbery,Manukau Central.,NZ,Auckland Region,Auckland.,1/12/2023,0781200,Auckland Region,Teritorial Authority,Auckland,Polygon,Polygon,MultiPolygon,MultiPolygon,1,MultiPolygon,1
Auckland,"Robbery, blackmail, and extortion",Blackmail or other extortion,Crum Park.,NZ,Auckland Region,Auckland.,1/05/2024,0291101,Auckland Region,Teritorial Authority,Auckland,Polygon,Polygon,MultiPolygon,MultiPolygon,1,MultiPolygon,1
Auckland,"Robbery, blackmail, and extortion",Aggravated robbery,Mt Wellington South.,NZ,Auckland Region,Auckland.,1/12/2024,0639400,Auckland Region,Teritorial Authority,Auckland,Polygon,Polygon,MultiPolygon,MultiPolygon,2,MultiPolygon,2
Auckland,"Robbery, blackmail, and extortion",Aggravated robbery,Papakura North.,NZ,Auckland Region,Auckland.,1/05/2025,0792800,Auckland Region,Teritorial Authority,Auckland,Polygon,Polygon,MultiPolygon,MultiPolygon,1,MultiPolygon,1
Auckland,"Robbery, blackmail, and extortion",Non-aggravated robbery,Otahuhu East.,NZ,Auckland Region,Auckland.,1/07/2025,0790000,Auckland Region,Teritorial Authority,Auckland,Polygon,Polygon,MultiPolygon,MultiPolygon,1,MultiPolygon,1
Auckland,"Robbery, blackmail, and extortion",Blackmail or other extortion,Ardmore.,NZ,Auckland Region,Auckland.,1/08/2023,0800102,Auckland Region,Teritorial Authority,Auckland,Polygon,Polygon,MultiPolygon,MultiPolygon,1,MultiPolygon,1
Auckland,"Robbery, blackmail, and extortion",Aggravated robbery,Eden Terrace.,NZ,Auckland Region,Auckland.,1/06/2024,0421200,Auckland Region,Teritorial Authority,Auckland,Polygon,Polygon,MultiPolygon,MultiPolygon,2,MultiPolygon,2
Auckland,"Robbery, blackmail, and extortion",Aggravated robbery,Sturges North.,NZ,Auckland Region,Auckland.,1/01/2025,0236103,Auckland Region,Teritorial Authority,Auckland,Polygon,Polygon,MultiPolygon,MultiPolygon,1,MultiPolygon,1
Auckland,"Robbery, blackmail, and extortion",Aggravated robbery,Waikowhai East.,NZ,Auckland Region,Auckland.,1/12/2023,0589400,Auckland Region,Teritorial Authority,Auckland,Polygon,Polygon,MultiPolygon,MultiPolygon,1,MultiPolygon,1
Auckland,"Robbery, blackmail, and extortion",Aggravated robbery,Glen Innes West.,NZ,Auckland Region,Auckland.,1/09/2023,0476200,Auckland Region,Teritorial Authority,Auckland,Polygon,Polygon,MultiPolygon,MultiPolygon,1,MultiPolygon,1
Auckland,"Robbery, blackmail, and extortion",Aggravated robbery,Hillsborough West.,NZ,Auckland Region,Auckland.,1/04/2025,0569300,Auckland Region,Teritorial Authority,Auckland,Polygon,Polygon,MultiPolygon,MultiPolygon,3,MultiPolygon,3
Auckland,"Robbery, blackmail, and extortion",Aggravated robbery,Takanini South.,NZ,Auckland Region,Auckland.,1/03/2025,0767703,Auckland Region,Teritorial Authority,Auckland,Polygon,Polygon,MultiPolygon,MultiPolygon,1,MultiPolygon,1
Auckland,"Robbery, blackmail, and extortion",Blackmail or other extortion,Auckland Central East.,NZ,Auckland Region,Auckland.,1/05/2025,0436904,Auckland Region,Teritorial Authority,Auckland,Polygon,Polygon,MultiPolygon,MultiPolygon,1,MultiPolygon,1
Auckland,"Robbery, blackmail, and extortion",Aggravated robbery,Epsom South.,NZ,Auckland Region,Auckland.,1/11/2024,0447801,Auckland Region,Teritorial Authority,Auckland,Polygon,Polygon,MultiPolygon,MultiPolygon,1,MultiPolygon,1
Auckland,"Robbery, blackmail, and extortion",Blackmail or other extortion,Mission Heights.,NZ,Auckland Region,Auckland.,1/08/2023,0712228,Auckland Region,Teritorial Authority,Auckland,Polygon,Polygon,MultiPolygon,MultiPolygon,1,MultiPolygon,1
Auckland,"Robbery, blackmail, and extortion",Blackmail or other extortion,Kaukapakapa Rural.,NZ,Auckland Region,Auckland.,1/02/2025,0212510,Auckland Region,Teritorial Authority,Auckland,MultiPolygon,Polygon,MultiPolygon,MultiPolygon,1,MultiPolygon,1
Auckland,"Robbery, blackmail, and extortion",Aggravated robbery,Lynnmall.,NZ,Auckland Region,Auckland.,1/01/2024,0266200,Auckland Region,Teritorial Authority,Auckland,Polygon,Polygon,MultiPolygon,MultiPolygon,1,MultiPolygon,1
Auckland,"Robbery, blackmail, and extortion",Aggravated robbery,Auckland Central West.,NZ,Auckland Region,Auckland.,1/09/2023,0434000,Auckland Region,Teritorial Authority,Auckland,Polygon,Polygon,MultiPolygon,MultiPolygon,1,MultiPolygon,1
Auckland,"Robbery, blackmail, and extortion",Non-aggravated robbery,McLaren Park.,NZ,Auckland Region,Auckland.,1/01/2025,0281520,Auckland Region,Teritorial Authority,Auckland,Polygon,Polygon,MultiPolygon,MultiPolygon,1,MultiPolygon,1
Auckland,"Robbery, blackmail, and extortion",Aggravated robbery,Point Chevalier East.,NZ,Auckland Region,Auckland.,1/01/2024,0390501,Auckland Region,Teritorial Authority,Auckland,Polygon,Polygon,MultiPolygon,MultiPolygon,1,MultiPolygon,1
Auckland,"Robbery, blackmail, and extortion",Non-aggravated robbery,Auckland Central West.,NZ,Auckland Region,Auckland.,1/09/2023,0434300,Auckland Region,Teritorial Authority,Auckland,Polygon,Polygon,MultiPolygon,MultiPolygon,1,MultiPolygon,1
Auckland,"Robbery, blackmail, and extortion",Blackmail or other extortion,Freemans Bay.,NZ,Auckland Region,Auckland.,1/05/2025,0415400,Auckland Region,Teritorial Authority,Auckland,Polygon,Polygon,MultiPolygon,MultiPolygon,1,MultiPolygon,1
Auckland,"Robbery, blackmail, and extortion",Aggravated robbery,Westmere.,NZ,Auckland Region,Auckland.,1/11/2024,0398100,Auckland Region,Teritorial Authority,Auckland,Polygon,Polygon,MultiPolygon,MultiPolygon,2,MultiPolygon,2
Auckland,"Robbery, blackmail, and extortion",Aggravated robbery,Papakura Central.,NZ,Auckland Region,Auckland.,1/02/2024,0793200,Auckland Region,Teritorial Authority,Auckland,Polygon,Polygon,MultiPolygon,MultiPolygon,1,MultiPolygon,1
Auckland,"Robbery, blackmail, and extortion",Blackmail or other extortion,Royal Heights.,NZ,Auckland Region,Auckland.,1/02/2025,0226002,Auckland Region,Teritorial Authority,Auckland,Polygon,Polygon,MultiPolygon,MultiPolygon,1,MultiPolygon,1
Auckland,"Robbery, blackmail, and extortion",Aggravated robbery,Woodglen.,NZ,Auckland Region,Auckland.,1/01/2024,0284701,Auckland Region,Teritorial Authority,Auckland,Polygon,Polygon,MultiPolygon,MultiPolygon,1,MultiPolygon,1
Auckland,"Robbery, blackmail, and extortion",Aggravated robbery,Waimumu North.,NZ,Auckland Region,Auckland.,1/12/2024,0227802,Auckland Region,Teritorial Authority,Auckland,Polygon,Polygon,MultiPolygon,MultiPolygon,2,MultiPolygon,2
Auckland,"Robbery, blackmail, and extortion",Blackmail or other extortion,Hyperion.,NZ,Auckland Region,Auckland.,1/11/2024,0759713,Auckland Region,Teritorial Authority,Auckland,Polygon,Polygon,MultiPolygon,MultiPolygon,1,MultiPolygon,1
Auckland,"Robbery, blackmail, and extortion",Aggravated robbery,Bledisloe Park.,NZ,Auckland Region,Auckland.,1/10/2023,0824100,Auckland Region,Teritorial Authority,Auckland,Polygon,Polygon,MultiPolygon,MultiPolygon,1,MultiPolygon,1
Auckland,"Robbery, blackmail, and extortion",Blackmail or other extortion,Castor Bay.,NZ,Auckland Region,Auckland.,1/07/2024,0314300,Auckland Region,Teritorial Authority,Auckland,Polygon,Polygon,MultiPolygon,MultiPolygon,1,MultiPolygon,1
Auckland,"Robbery, blackmail, and extortion",Aggravated robbery,Mangere Station.,NZ,Auckland Region,Auckland.,1/01/2024,0750000,Auckland Region,Teritorial Authority,Auckland,Polygon,Polygon,MultiPolygon,MultiPolygon,1,MultiPolygon,1
Auckland,"Robbery, blackmail, and extortion",Non-aggravated robbery,Mangere East.,NZ,Auckland Region,Auckland.,1/01/2025,0747700,Auckland Region,Teritorial Authority,Auckland,Polygon,Polygon,MultiPolygon,MultiPolygon,1,MultiPolygon,1
Auckland,"Robbery, blackmail, and extortion",Aggravated robbery,Newmarket.,NZ,Auckland Region,Auckland.,1/09/2023,0451300,Auckland Region,Teritorial Authority,Auckland,Polygon,Polygon,MultiPolygon,MultiPolygon,1,MultiPolygon,1
Auckland,"Robbery, blackmail, and extortion",Blackmail or other extortion,Ambury.,NZ,Auckland Region,Auckland.,1/06/2025,0723203,Auckland Region,Teritorial Authority,Auckland,MultiPolygon,Polygon,MultiPolygon,MultiPolygon,1,MultiPolygon,1
Auckland,"Robbery, blackmail, and extortion",Blackmail or other extortion,Sunnynook.,NZ,Auckland Region,Auckland.,1/10/2024,0190500,Auckland Region,Teritorial Authority,Auckland,Polygon,Polygon,MultiPolygon,MultiPolygon,1,MultiPolygon,1
Auckland,"Robbery, blackmail, and extortion",Aggravated robbery,Puhinui South.,NZ,Auckland Region,Auckland.,1/01/2024,0674100,Auckland Region,Teritorial Authority,Auckland,Polygon,Polygon,MultiPolygon,MultiPolygon,1,MultiPolygon,1
Auckland,"Robbery, blackmail, and extortion",Non-aggravated robbery,Tangutu.,NZ,Auckland Region,Auckland.,1/01/2025,0282701,Auckland Region,Teritorial Authority,Auckland,Polygon,Polygon,MultiPolygon,MultiPolygon,1,MultiPolygon,1
Auckland,"Robbery, blackmail, and extortion",Non-aggravated robbery,Weymouth East.,NZ,Auckland Region,Auckland.,1/09/2023,0773400,Auckland Region,Teritorial Authority,Auckland,Polygon,Polygon,MultiPolygon,MultiPolygon,1,MultiPolygon,1
Auckland,"Robbery, blackmail, and extortion",Non-aggravated robbery,Orewa.,NZ,Auckland Region,Auckland.,1/06/2025,0171811,Auckland Region,Teritorial Authority,Auckland,MultiPolygon,Polygon,MultiPolygon,MultiPolygon,1,MultiPolygon,1
Auckland,"Robbery, blackmail, and extortion",Aggravated robbery,Takanini West.,NZ,Auckland Region,Auckland.,1/11/2024,0767921,Auckland Region,Teritorial Authority,Auckland,Polygon,Polygon,MultiPolygon,MultiPolygon,2,MultiPolygon,2
Auckland,"Robbery, blackmail, and extortion",Non-aggravated robbery,Papakura North.,NZ,Auckland Region,Auckland.,1/03/2024,0791300,Auckland Region,Teritorial Authority,Auckland,Polygon,Polygon,MultiPolygon,MultiPolygon,2,MultiPolygon,2
Auckland,"Robbery, blackmail, and extortion",Blackmail or other extortion,Surrey Crescent.,NZ,Auckland Region,Auckland.,1/06/2025,0405000,Auckland Region,Teritorial Authority,Auckland,Polygon,Polygon,MultiPolygon,MultiPolygon,1,MultiPolygon,1
Auckland,"Robbery, blackmail, and extortion",Blackmail or other extortion,Waimumu North.,NZ,Auckland Region,Auckland.,1/05/2024,0227101,Auckland Region,Teritorial Authority,Auckland,Polygon,Polygon,MultiPolygon,MultiPolygon,1,MultiPolygon,1
Auckland,"Robbery, blackmail, and extortion",Aggravated robbery,Puhinui South.,NZ,Auckland Region,Auckland.,1/12/2023,0780205,Auckland Region,Teritorial Authority,Auckland,Polygon,Polygon,MultiPolygon,MultiPolygon,2,MultiPolygon,2
Auckland,"Robbery, blackmail, and extortion",Aggravated robbery,Auckland Central West.,NZ,Auckland Region,Auckland.,1/03/2025,0434300,Auckland Region,Teritorial Authority,Auckland,Polygon,Polygon,MultiPolygon,MultiPolygon,1,MultiPolygon,1
Auckland,"Robbery, blackmail, and extortion",Aggravated robbery,Auckland Central East.,NZ,Auckland Region,Auckland.,1/05/2024,0438000,Auckland Region,Teritorial Authority,Auckland,Polygon,Polygon,MultiPolygon,MultiPolygon,1,MultiPolygon,1
Auckland,"Robbery, blackmail, and extortion",Blackmail or other extortion,Auckland Central West.,NZ,Auckland Region,Auckland.,1/06/2025,0433501,Auckland Region,Teritorial Authority,Auckland,Polygon,Polygon,MultiPolygon,MultiPolygon,1,MultiPolygon,1
Auckland,"Robbery, blackmail, and extortion",Blackmail or other extortion,Edmonton.,NZ,Auckland Region,Auckland.,1/06/2024,0255600,Auckland Region,Teritorial Authority,Auckland,Polygon,Polygon,MultiPolygon,MultiPolygon,1,MultiPolygon,1
Auckland,"Robbery, blackmail, and extortion",Aggravated robbery,Puhinui North.,NZ,Auckland Region,Auckland.,1/01/2024,0671200,Auckland Region,Teritorial Authority,Auckland,Polygon,Polygon,MultiPolygon,MultiPolygon,2,MultiPolygon,2
Auckland,"Robbery, blackmail, and extortion",Non-aggravated robbery,Surrey Crescent.,NZ,Auckland Region,Auckland.,1/03/2025,0406101,Auckland Region,Teritorial Authority,Auckland,Polygon,Polygon,MultiPolygon,MultiPolygon,1,MultiPolygon,1
Auckland,"Robbery, blackmail, and extortion",Aggravated robbery,Rosehill.,NZ,Auckland Region,Auckland.,1/11/2023,0803900,Auckland Region,Teritorial Authority,Auckland,Polygon,Polygon,MultiPolygon,MultiPolygon,1,MultiPolygon,1
Auckland,"Robbery, blackmail, and extortion",Blackmail or other extortion,Orakei South.,NZ,Auckland Region,Auckland.,1/04/2025,0487800,Auckland Region,Teritorial Authority,Auckland,Polygon,Polygon,MultiPolygon,MultiPolygon,1,MultiPolygon,1
Auckland,"Robbery, blackmail, and extortion",Blackmail or other extortion,Glen Innes North.,NZ,Auckland Region,Auckland.,1/03/2024,0467200,Auckland Region,Teritorial Authority,Auckland,Polygon,Polygon,MultiPolygon,MultiPolygon,1,MultiPolygon,1
Auckland,"Robbery, blackmail, and extortion",Aggravated robbery,Lynnmall.,NZ,Auckland Region,Auckland.,1/10/2023,0266000,Auckland Region,Teritorial Authority,Auckland,Polygon,Polygon,MultiPolygon,MultiPolygon,1,MultiPolygon,1
Auckland,"Robbery, blackmail, and extortion",Blackmail or other extortion,Wade Heads.,NZ,Auckland Region,Auckland.,1/01/2024,0173807,Auckland Region,Teritorial Authority,Auckland,Polygon,Polygon,MultiPolygon,MultiPolygon,1,MultiPolygon,1
Auckland,"Robbery, blackmail, and extortion",Aggravated robbery,Remuera South.,NZ,Auckland Region,Auckland.,1/03/2025,0492500,Auckland Region,Teritorial Authority,Auckland,Polygon,Polygon,MultiPolygon,MultiPolygon,1,MultiPolygon,1
Auckland,"Robbery, blackmail, and extortion",Aggravated robbery,Grey Lynn East.,NZ,Auckland Region,Auckland.,1/05/2025,0409200,Auckland Region,Teritorial Authority,Auckland,Polygon,Polygon,MultiPolygon,MultiPolygon,1,MultiPolygon,1
Auckland,"Robbery, blackmail, and extortion",Blackmail or other extortion,Meadowbank North.,NZ,Auckland Region,Auckland.,1/04/2025,0459401,Auckland Region,Teritorial Authority,Auckland,Polygon,Polygon,MultiPolygon,MultiPolygon,1,MultiPolygon,1
Auckland,"Robbery, blackmail, and extortion",Blackmail or other extortion,Avondale West.,NZ,Auckland Region,Auckland.,1/03/2024,0386901,Auckland Region,Teritorial Authority,Auckland,Polygon,Polygon,MultiPolygon,MultiPolygon,1,MultiPolygon,1
Auckland,"Robbery, blackmail, and extortion",Blackmail or other extortion,Puhinui South.,NZ,Auckland Region,Auckland.,1/07/2025,0780202,Auckland Region,Teritorial Authority,Auckland,Polygon,Polygon,MultiPolygon,MultiPolygon,1,MultiPolygon,1
Auckland,"Robbery, blackmail, and extortion",Blackmail or other extortion,Long Bay.,NZ,Auckland Region,Auckland.,1/02/2025,0178307,Auckland Region,Teritorial Authority,Auckland,Polygon,Polygon,MultiPolygon,MultiPolygon,2,MultiPolygon,2
Auckland,"Robbery, blackmail, and extortion",Non-aggravated robbery,Manukau Central.,NZ,Auckland Region,Auckland.,1/06/2024,0780204,Auckland Region,Teritorial Authority,Auckland,Polygon,Polygon,MultiPolygon,MultiPolygon,1,MultiPolygon,1
Auckland,"Robbery, blackmail, and extortion",Aggravated robbery,Auckland Central West.,NZ,Auckland Region,Auckland.,1/12/2023,0434500,Auckland Region,Teritorial Authority,Auckland,Polygon,Polygon,MultiPolygon,MultiPolygon,1,MultiPolygon,1
Auckland,"Robbery, blackmail, and extortion",Aggravated robbery,Orewa.,NZ,Auckland Region,Auckland.,1/01/2024,0172102,Auckland Region,Teritorial Authority,Auckland,MultiPolygon,Polygon,MultiPolygon,MultiPolygon,1,MultiPolygon,1
Auckland,"Robbery, blackmail, and extortion",Aggravated robbery,Auckland Harbourside.,NZ,Auckland Region,Auckland.,1/01/2025,0432900,Auckland Region,Teritorial Authority,Auckland,Polygon,Polygon,MultiPolygon,MultiPolygon,2,MultiPolygon,2
Auckland,"Robbery, blackmail, and extortion",Aggravated robbery,Manurewa East.,NZ,Auckland Region,Auckland.,1/05/2025,0758400,Auckland Region,Teritorial Authority,Auckland,Polygon,Polygon,MultiPolygon,MultiPolygon,1,MultiPolygon,1
Auckland,"Robbery, blackmail, and extortion",Blackmail or other extortion,Grey Lynn West.,NZ,Auckland Region,Auckland.,1/04/2025,0402500,Auckland Region,Teritorial Authority,Auckland,Polygon,Polygon,MultiPolygon,MultiPolygon,1,MultiPolygon,1
Auckland,"Robbery, blackmail, and extortion",Blackmail or other extortion,Eden Terrace.,NZ,Auckland Region,Auckland.,1/02/2024,0420803,Auckland Region,Teritorial Authority,Auckland,Polygon,Polygon,MultiPolygon,MultiPolygon,1,MultiPolygon,1
Auckland,"Robbery, blackmail, and extortion",Blackmail or other extortion,Donegal Park.,NZ,Auckland Region,Auckland.,1/07/2025,0712806,Auckland Region,Teritorial Authority,Auckland,Polygon,Polygon,MultiPolygon,MultiPolygon,1,MultiPolygon,1
Auckland,"Robbery, blackmail, and extortion",Blackmail or other extortion,Takanini South.,NZ,Auckland Region,Auckland.,1/01/2025,0767400,Auckland Region,Teritorial Authority,Auckland,Polygon,Polygon,MultiPolygon,MultiPolygon,1,MultiPolygon,1
Auckland,"Robbery, blackmail, and extortion",Aggravated robbery,Otara North.,NZ,Auckland Region,Auckland.,1/07/2024,0700602,Auckland Region,Teritorial Authority,Auckland,Polygon,Polygon,MultiPolygon,MultiPolygon,1,MultiPolygon,1
Auckland,"Robbery, blackmail, and extortion",Blackmail or other extortion,Royal Oak.,NZ,Auckland Region,Auckland.,1/04/2024,0563901,Auckland Region,Teritorial Authority,Auckland,Polygon,Polygon,MultiPolygon,MultiPolygon,1,MultiPolygon,1
Auckland,"Robbery, blackmail, and extortion",Blackmail or other extortion,Fruitvale.,NZ,Auckland Region,Auckland.,1/07/2025,0263400,Auckland Region,Teritorial Authority,Auckland,Polygon,Polygon,MultiPolygon,MultiPolygon,1,MultiPolygon,1
Auckland,"Robbery, blackmail, and extortion",Blackmail or other extortion,Totara Heights.,NZ,Auckland Region,Auckland.,1/07/2024,0760703,Auckland Region,Teritorial Authority,Auckland,Polygon,Polygon,MultiPolygon,MultiPolygon,1,MultiPolygon,1
Auckland,"Robbery, blackmail, and extortion",Blackmail or other extortion,Mt Eden South.,NZ,Auckland Region,Auckland.,1/11/2023,0558000,Auckland Region,Teritorial Authority,Auckland,Polygon,Polygon,MultiPolygon,MultiPolygon,1,MultiPolygon,1
Auckland,"Robbery, blackmail, and extortion",Aggravated robbery,Kingdale.,NZ,Auckland Region,Auckland.,1/02/2025,0232003,Auckland Region,Teritorial Authority,Auckland,Polygon,Polygon,MultiPolygon,MultiPolygon,1,MultiPolygon,1
Auckland,"Robbery, blackmail, and extortion",Aggravated robbery,Auckland Central West.,NZ,Auckland Region,Auckland.,1/07/2024,0434200,Auckland Region,Teritorial Authority,Auckland,Polygon,Polygon,MultiPolygon,MultiPolygon,1,MultiPolygon,1
Auckland,"Robbery, blackmail, and extortion",Non-aggravated robbery,Otahuhu North.,NZ,Auckland Region,Auckland.,1/05/2025,0786600,Auckland Region,Teritorial Authority,Auckland,Polygon,Polygon,MultiPolygon,MultiPolygon,1,MultiPolygon,1
Auckland,"Robbery, blackmail, and extortion",Blackmail or other extortion,Mt Eden South.,NZ,Auckland Region,Auckland.,1/04/2025,0558701,Auckland Region,Teritorial Authority,Auckland,Polygon,Polygon,MultiPolygon,MultiPolygon,1,MultiPolygon,1
Auckland,"Robbery, blackmail, and extortion",Blackmail or other extortion,Mellons Bay.,NZ,Auckland Region,Auckland.,1/04/2024,0651100,Auckland Region,Teritorial Authority,Auckland,Polygon,Polygon,MultiPolygon,MultiPolygon,1,MultiPolygon,1
Auckland,"Robbery, blackmail, and extortion",Blackmail or other extortion,Crum Park.,NZ,Auckland Region,Auckland.,1/09/2023,0292300,Auckland Region,Teritorial Authority,Auckland,Polygon,Polygon,MultiPolygon,MultiPolygon,1,MultiPolygon,1
Auckland,"Robbery, blackmail, and extortion",Blackmail or other extortion,Mangere Central.,NZ,Auckland Region,Auckland.,1/07/2025,0740500,Auckland Region,Teritorial Authority,Auckland,Polygon,Polygon,MultiPolygon,MultiPolygon,1,MultiPolygon,1
Auckland,"Robbery, blackmail, and extortion",Blackmail or other extortion,Donegal Park.,NZ,Auckland Region,Auckland.,1/08/2024,0713300,Auckland Region,Teritorial Authority,Auckland,Polygon,Polygon,MultiPolygon,MultiPolygon,1,MultiPolygon,1
Auckland,"Robbery, blackmail, and extortion",Blackmail or other extortion,Royal Oak.,NZ,Auckland Region,Auckland.,1/12/2023,0565700,Auckland Region,Teritorial Authority,Auckland,Polygon,Polygon,MultiPolygon,MultiPolygon,1,MultiPolygon,1
Auckland,"Robbery, blackmail, and extortion",Aggravated robbery,Orewa.,NZ,Auckland Region,Auckland.,1/02/2025,0171811,Auckland Region,Teritorial Authority,Auckland,MultiPolygon,Polygon,MultiPolygon,MultiPolygon,1,MultiPolygon,1
Auckland,"Robbery, blackmail, and extortion",Non-aggravated robbery,Mangere East.,NZ,Auckland Region,Auckland.,1/08/2024,0656401,Auckland Region,Teritorial Authority,Auckland,Polygon,Polygon,MultiPolygon,MultiPolygon,1,MultiPolygon,1
Auckland,"Robbery, blackmail, and extortion",Aggravated robbery,Howick Central.,NZ,Auckland Region,Auckland.,1/11/2023,0649002,Auckland Region,Teritorial Authority,Auckland,Polygon,Polygon,MultiPolygon,MultiPolygon,1,MultiPolygon,1
Auckland,"Robbery, blackmail, and extortion",Blackmail or other extortion,Oratia.,NZ,Auckland Region,Auckland.,1/11/2024,0278509,Auckland Region,Teritorial Authority,Auckland,Polygon,Polygon,MultiPolygon,MultiPolygon,1,MultiPolygon,1
Auckland,"Robbery, blackmail, and extortion",Blackmail or other extortion,Manurewa Central.,NZ,Auckland Region,Auckland.,1/10/2023,0751500,Auckland Region,Teritorial Authority,Auckland,Polygon,Polygon,MultiPolygon,MultiPolygon,1,MultiPolygon,1
Auckland,"Robbery, blackmail, and extortion",Blackmail or other extortion,New Windsor.,NZ,Auckland Region,Auckland.,1/07/2025,0376500,Auckland Region,Teritorial Authority,Auckland,Polygon,Polygon,MultiPolygon,MultiPolygon,1,MultiPolygon,1
Auckland,"Robbery, blackmail, and extortion",Blackmail or other extortion,Homai East.,NZ,Auckland Region,Auckland.,1/01/2024,0776800,Auckland Region,Teritorial Authority,Auckland,Polygon,Polygon,MultiPolygon,MultiPolygon,1,MultiPolygon,1
Auckland,"Robbery, blackmail, and extortion",Aggravated robbery,Orewa.,NZ,Auckland Region,Auckland.,1/02/2025,0171500,Auckland Region,Teritorial Authority,Auckland,MultiPolygon,Polygon,MultiPolygon,MultiPolygon,1,MultiPolygon,1
Auckland,"Robbery, blackmail, and extortion",Aggravated robbery,One Tree Hill Central.,NZ,Auckland Region,Auckland.,1/08/2024,0623100,Auckland Region,Teritorial Authority,Auckland,Polygon,Polygon,MultiPolygon,MultiPolygon,1,MultiPolygon,1
Auckland,"Robbery, blackmail, and extortion",Non-aggravated robbery,Panmure Basin.,NZ,Auckland Region,Auckland.,1/11/2023,0629500,Auckland Region,Teritorial Authority,Auckland,Polygon,Polygon,MultiPolygon,MultiPolygon,1,MultiPolygon,1
Auckland,"Robbery, blackmail, and extortion",Blackmail or other extortion,Homai East.,NZ,Auckland Region,Auckland.,1/11/2024,0778600,Auckland Region,Teritorial Authority,Auckland,Polygon,Polygon,MultiPolygon,MultiPolygon,1,MultiPolygon,1
Auckland,"Robbery, blackmail, and extortion",Blackmail or other extortion,Green Bay.,NZ,Auckland Region,Auckland.,1/10/2023,0288401,Auckland Region,Teritorial Authority,Auckland,Polygon,Polygon,MultiPolygon,MultiPolygon,1,MultiPolygon,1
Auckland,"Robbery, blackmail, and extortion",Blackmail or other extortion,Bledisloe Park.,NZ,Auckland Region,Auckland.,1/09/2024,0817200,Auckland Region,Teritorial Authority,Auckland,Polygon,Polygon,MultiPolygon,MultiPolygon,1,MultiPolygon,1
Auckland,"Robbery, blackmail, and extortion",Blackmail or other extortion,Panmure Basin.,NZ,Auckland Region,Auckland.,1/07/2025,0629400,Auckland Region,Teritorial Authority,Auckland,Polygon,Polygon,MultiPolygon,MultiPolygon,1,MultiPolygon,1
Auckland,"Robbery, blackmail, and extortion",Non-aggravated robbery,Elsmore Park.,NZ,Auckland Region,Auckland.,1/06/2025,0681304,Auckland Region,Teritorial Authority,Auckland,Polygon,Polygon,MultiPolygon,MultiPolygon,1,MultiPolygon,1
Auckland,"Robbery, blackmail, and extortion",Blackmail or other extortion,Takanini North.,NZ,Auckland Region,Auckland.,1/09/2024,0768100,Auckland Region,Teritorial Authority,Auckland,Polygon,Polygon,MultiPolygon,MultiPolygon,1,MultiPolygon,1
Auckland,"Robbery, blackmail, and extortion",Blackmail or other extortion,Glen Innes North.,NZ,Auckland Region,Auckland.,1/01/2024,0466500,Auckland Region,Teritorial Authority,Auckland,Polygon,Polygon,MultiPolygon,MultiPolygon,1,MultiPolygon,1
Auckland,"Robbery, blackmail, and extortion",Aggravated robbery,Westlake.,NZ,Auckland Region,Auckland.,1/02/2025,0305000,Auckland Region,Teritorial Authority,Auckland,Polygon,Polygon,MultiPolygon,MultiPolygon,1,MultiPolygon,1
Auckland,"Robbery, blackmail, and extortion",Non-aggravated robbery,Auckland Central West.,NZ,Auckland Region,Auckland.,1/08/2024,0433200,Auckland Region,Teritorial Authority,Auckland,Polygon,Polygon,MultiPolygon,MultiPolygon,1,MultiPolygon,1
Auckland,"Robbery, blackmail, and extortion",Aggravated robbery,Auckland Central West.,NZ,Auckland Region,Auckland.,1/11/2023,0435700,Auckland Region,Teritorial Authority,Auckland,Polygon,Polygon,MultiPolygon,MultiPolygon,1,MultiPolygon,1
Auckland,"Robbery, blackmail, and extortion",Blackmail or other extortion,Burbank.,NZ,Auckland Region,Auckland.,1/12/2024,0775600,Auckland Region,Teritorial Authority,Auckland,Polygon,Polygon,MultiPolygon,MultiPolygon,1,MultiPolygon,1
Auckland,"Robbery, blackmail, and extortion",Blackmail or other extortion,Mangere East.,NZ,Auckland Region,Auckland.,1/10/2023,0748400,Auckland Region,Teritorial Authority,Auckland,Polygon,Polygon,MultiPolygon,MultiPolygon,1,MultiPolygon,1
Auckland,"Robbery, blackmail, and extortion",Aggravated robbery,Ambury.,NZ,Auckland Region,Auckland.,1/07/2025,0721200,Auckland Region,Teritorial Authority,Auckland,MultiPolygon,Polygon,MultiPolygon,MultiPolygon,1,MultiPolygon,1
Auckland,"Robbery, blackmail, and extortion",Blackmail or other extortion,Mt Wellington North.,NZ,Auckland Region,Auckland.,1/12/2024,0627207,Auckland Region,Teritorial Authority,Auckland,Polygon,Polygon,MultiPolygon,MultiPolygon,1,MultiPolygon,1
Auckland,"Robbery, blackmail, and extortion",Blackmail or other extortion,Hingaia.,NZ,Auckland Region,Auckland.,1/05/2024,0806604,Auckland Region,Teritorial Authority,Auckland,Polygon,Polygon,MultiPolygon,MultiPolygon,1,MultiPolygon,1
Auckland,"Robbery, blackmail, and extortion",Blackmail or other extortion,Eden Terrace.,NZ,Auckland Region,Auckland.,1/01/2024,0419706,Auckland Region,Teritorial Authority,Auckland,Polygon,Polygon,MultiPolygon,MultiPolygon,1,MultiPolygon,1
Auckland,"Robbery, blackmail, and extortion",Aggravated robbery,Te Atatu Central.,NZ,Auckland Region,Auckland.,1/03/2025,0250101,Auckland Region,Teritorial Authority,Auckland,Polygon,Polygon,MultiPolygon,MultiPolygon,1,MultiPolygon,1
Auckland,"Robbery, blackmail, and extortion",Non-aggravated robbery,Weymouth East.,NZ,Auckland Region,Auckland.,1/09/2024,0773400,Auckland Region,Teritorial Authority,Auckland,Polygon,Polygon,MultiPolygon,MultiPolygon,1,MultiPolygon,1
Auckland,"Robbery, blackmail, and extortion",Aggravated robbery,Kingsland.,NZ,Auckland Region,Auckland.,1/11/2023,0529600,Auckland Region,Teritorial Authority,Auckland,Polygon,Polygon,MultiPolygon,MultiPolygon,1,MultiPolygon,1
Auckland,"Robbery, blackmail, and extortion",Blackmail or other extortion,Bucklands Beach South.,NZ,Auckland Region,Auckland.,1/01/2024,0677503,Auckland Region,Teritorial Authority,Auckland,Polygon,Polygon,MultiPolygon,MultiPolygon,1,MultiPolygon,1
Auckland,"Robbery, blackmail, and extortion",Aggravated robbery,Edmonton.,NZ,Auckland Region,Auckland.,1/03/2025,0255600,Auckland Region,Teritorial Authority,Auckland,Polygon,Polygon,MultiPolygon,MultiPolygon,2,MultiPolygon,2
Auckland,"Robbery, blackmail, and extortion",Non-aggravated robbery,Otahuhu West.,NZ,Auckland Region,Auckland.,1/09/2024,0782200,Auckland Region,Teritorial Authority,Auckland,Polygon,Polygon,MultiPolygon,MultiPolygon,1,MultiPolygon,1
Auckland,"Robbery, blackmail, and extortion",Blackmail or other extortion,Kingsland.,NZ,Auckland Region,Auckland.,1/10/2023,0529500,Auckland Region,Teritorial Authority,Auckland,Polygon,Polygon,MultiPolygon,MultiPolygon,1,MultiPolygon,1
Auckland,"Robbery, blackmail, and extortion",Aggravated robbery,New Windsor.,NZ,Auckland Region,Auckland.,1/05/2025,0374000,Auckland Region,Teritorial Authority,Auckland,Polygon,Polygon,MultiPolygon,MultiPolygon,2,MultiPolygon,2
Auckland,"Robbery, blackmail, and extortion",Blackmail or other extortion,Point View.,NZ,Auckland Region,Auckland.,1/01/2025,0712033,Auckland Region,Teritorial Authority,Auckland,Polygon,Polygon,MultiPolygon,MultiPolygon,1,MultiPolygon,1
Auckland,"Robbery, blackmail, and extortion",Blackmail or other extortion,Waiuku East.,NZ,Auckland Region,Auckland.,1/06/2024,0835407,Auckland Region,Teritorial Authority,Auckland,Polygon,Polygon,MultiPolygon,MultiPolygon,1,MultiPolygon,1
Auckland,"Robbery, blackmail, and extortion",Blackmail or other extortion,One Tree Hill Central.,NZ,Auckland Region,Auckland.,1/10/2023,0623100,Auckland Region,Teritorial Authority,Auckland,Polygon,Polygon,MultiPolygon,MultiPolygon,1,MultiPolygon,1
Auckland,"Robbery, blackmail, and extortion",Non-aggravated robbery,Papatoetoe North.,NZ,Auckland Region,Auckland.,1/06/2025,0663200,Auckland Region,Teritorial Authority,Auckland,Polygon,Polygon,MultiPolygon,MultiPolygon,3,MultiPolygon,3
Auckland,"Robbery, blackmail, and extortion",Blackmail or other extortion,Mangere Station.,NZ,Auckland Region,Auckland.,1/01/2025,0750000,Auckland Region,Teritorial Authority,Auckland,Polygon,Polygon,MultiPolygon,MultiPolygon,1,MultiPolygon,1
Auckland,"Robbery, blackmail, and extortion",Aggravated robbery,Point Chevalier East.,NZ,Auckland Region,Auckland.,1/11/2023,0392500,Auckland Region,Teritorial Authority,Auckland,Polygon,Polygon,MultiPolygon,MultiPolygon,1,MultiPolygon,1
Auckland,"Robbery, blackmail, and extortion",Aggravated robbery,Otahuhu West.,NZ,Auckland Region,Auckland.,1/12/2023,0784000,Auckland Region,Teritorial Authority,Auckland,Polygon,Polygon,MultiPolygon,MultiPolygon,1,MultiPolygon,1
Auckland,"Robbery, blackmail, and extortion",Aggravated robbery,Hingaia.,NZ,Auckland Region,Auckland.,1/08/2024,0806604,Auckland Region,Teritorial Authority,Auckland,Polygon,Polygon,MultiPolygon,MultiPolygon,1,MultiPolygon,1
Auckland,"Robbery, blackmail, and extortion",Non-aggravated robbery,Papatoetoe West.,NZ,Auckland Region,Auckland.,1/01/2024,0658000,Auckland Region,Teritorial Authority,Auckland,Polygon,Polygon,MultiPolygon,MultiPolygon,1,MultiPolygon,1
Auckland,"Robbery, blackmail, and extortion",Aggravated robbery,Glen Innes North.,NZ,Auckland Region,Auckland.,1/08/2024,0465503,Auckland Region,Teritorial Authority,Auckland,Polygon,Polygon,MultiPolygon,MultiPolygon,2,MultiPolygon,2
Auckland,"Robbery, blackmail, and extortion",Non-aggravated robbery,Manukau Central.,NZ,Auckland Region,Auckland.,1/07/2025,0780209,Auckland Region,Teritorial Authority,Auckland,Polygon,Polygon,MultiPolygon,MultiPolygon,1,MultiPolygon,1
Auckland,"Robbery, blackmail, and extortion",Aggravated robbery,Mangere Central.,NZ,Auckland Region,Auckland.,1/01/2024,0740500,Auckland Region,Teritorial Authority,Auckland,Polygon,Polygon,MultiPolygon,MultiPolygon,1,MultiPolygon,1
Auckland,"Robbery, blackmail, and extortion",Blackmail or other extortion,Donegal Park.,NZ,Auckland Region,Auckland.,1/01/2025,0712809,Auckland Region,Teritorial Authority,Auckland,Polygon,Polygon,MultiPolygon,MultiPolygon,1,MultiPolygon,1
Auckland,"Robbery, blackmail, and extortion",Aggravated robbery,Auckland Central West.,NZ,Auckland Region,Auckland.,1/01/2024,0435802,Auckland Region,Teritorial Authority,Auckland,Polygon,Polygon,MultiPolygon,MultiPolygon,1,MultiPolygon,1
Auckland,"Robbery, blackmail, and extortion",Blackmail or other extortion,Parnell West.,NZ,Auckland Region,Auckland.,1/10/2023,0453600,Auckland Region,Teritorial Authority,Auckland,Polygon,Polygon,MultiPolygon,MultiPolygon,1,MultiPolygon,1
Auckland,"Robbery, blackmail, and extortion",Blackmail or other extortion,Birkdale North.,NZ,Auckland Region,Auckland.,1/05/2025,0347300,Auckland Region,Teritorial Authority,Auckland,Polygon,Polygon,MultiPolygon,MultiPolygon,1,MultiPolygon,1
Auckland,"Robbery, blackmail, and extortion",Blackmail or other extortion,Lynfield South.,NZ,Auckland Region,Auckland.,1/01/2025,0587700,Auckland Region,Teritorial Authority,Auckland,Polygon,Polygon,MultiPolygon,MultiPolygon,1,MultiPolygon,1
Auckland,"Robbery, blackmail, and extortion",Aggravated robbery,Lynnmall.,NZ,Auckland Region,Auckland.,1/12/2023,0264901,Auckland Region,Teritorial Authority,Auckland,Polygon,Polygon,MultiPolygon,MultiPolygon,3,MultiPolygon,3
Auckland,"Robbery, blackmail, and extortion",Blackmail or other extortion,Auckland Central East.,NZ,Auckland Region,Auckland.,1/12/2023,0437500,Auckland Region,Teritorial Authority,Auckland,Polygon,Polygon,MultiPolygon,MultiPolygon,1,MultiPolygon,1
Auckland,"Robbery, blackmail, and extortion",Non-aggravated robbery,Manurewa Central.,NZ,Auckland Region,Auckland.,1/01/2025,0752100,Auckland Region,Teritorial Authority,Auckland,Polygon,Polygon,MultiPolygon,MultiPolygon,1,MultiPolygon,1
Auckland,"Robbery, blackmail, and extortion",Blackmail or other extortion,Bucklands and Eastern Beaches.,NZ,Auckland Region,Auckland.,1/08/2023,0675600,Auckland Region,Teritorial Authority,Auckland,Polygon,Polygon,MultiPolygon,MultiPolygon,1,MultiPolygon,1
Auckland,"Robbery, blackmail, and extortion",Blackmail or other extortion,Castor Bay.,NZ,Auckland Region,Auckland.,1/06/2025,0314002,Auckland Region,Teritorial Authority,Auckland,Polygon,Polygon,MultiPolygon,MultiPolygon,1,MultiPolygon,1
Auckland,"Robbery, blackmail, and extortion",Blackmail or other extortion,Waitaramoa.,NZ,Auckland Region,Auckland.,1/01/2025,0482800,Auckland Region,Teritorial Authority,Auckland,Polygon,Polygon,MultiPolygon,MultiPolygon,1,MultiPolygon,1
Auckland,"Robbery, blackmail, and extortion",Aggravated robbery,Auckland Central West.,NZ,Auckland Region,Auckland.,1/07/2025,0434000,Auckland Region,Teritorial Authority,Auckland,Polygon,Polygon,MultiPolygon,MultiPolygon,1,MultiPolygon,1
Auckland,"Robbery, blackmail, and extortion",Aggravated robbery,Otahuhu West.,NZ,Auckland Region,Auckland.,1/01/2024,0784100,Auckland Region,Teritorial Authority,Auckland,Polygon,Polygon,MultiPolygon,MultiPolygon,1,MultiPolygon,1
Auckland,"Robbery, blackmail, and extortion",Blackmail or other extortion,St Lukes.,NZ,Auckland Region,Auckland.,1/03/2025,0534500,Auckland Region,Teritorial Authority,Auckland,Polygon,Polygon,MultiPolygon,MultiPolygon,1,MultiPolygon,1
Auckland,"Robbery, blackmail, and extortion",Blackmail or other extortion,Tuff Crater.,NZ,Auckland Region,Auckland.,1/06/2025,0364900,Auckland Region,Teritorial Authority,Auckland,Polygon,Polygon,MultiPolygon,MultiPolygon,1,MultiPolygon,1
Auckland,"Robbery, blackmail, and extortion",Blackmail or other extortion,Maungawhau.,NZ,Auckland Region,Auckland.,1/01/2025,0556900,Auckland Region,Teritorial Authority,Auckland,Polygon,Polygon,MultiPolygon,MultiPolygon,1,MultiPolygon,1
Auckland,"Robbery, blackmail, and extortion",Aggravated robbery,Mangere South.,NZ,Auckland Region,Auckland.,1/07/2025,0728611,Auckland Region,Teritorial Authority,Auckland,MultiPolygon,Polygon,MultiPolygon,MultiPolygon,1,MultiPolygon,1
Auckland,"Robbery, blackmail, and extortion",Non-aggravated robbery,Otara East.,NZ,Auckland Region,Auckland.,1/01/2024,0701900,Auckland Region,Teritorial Authority,Auckland,Polygon,Polygon,MultiPolygon,MultiPolygon,1,MultiPolygon,1
Auckland,"Robbery, blackmail, and extortion",Aggravated robbery,Puhinui North.,NZ,Auckland Region,Auckland.,1/05/2024,0671200,Auckland Region,Teritorial Authority,Auckland,Polygon,Polygon,MultiPolygon,MultiPolygon,1,MultiPolygon,1
Auckland,"Robbery, blackmail, and extortion",Aggravated robbery,Owairaka East.,NZ,Auckland Region,Auckland.,1/02/2025,0520200,Auckland Region,Teritorial Authority,Auckland,Polygon,Polygon,MultiPolygon,MultiPolygon,1,MultiPolygon,1
Auckland,"Robbery, blackmail, and extortion",Blackmail or other extortion,Abbotts Park.,NZ,Auckland Region,Auckland.,1/03/2025,0496300,Auckland Region,Teritorial Authority,Auckland,Polygon,Polygon,MultiPolygon,MultiPolygon,1,MultiPolygon,1
Auckland,"Robbery, blackmail, and extortion",Blackmail or other extortion,Avondale West.,NZ,Auckland Region,Auckland.,1/08/2023,0386600,Auckland Region,Teritorial Authority,Auckland,Polygon,Polygon,MultiPolygon,MultiPolygon,1,MultiPolygon,1
Auckland,"Robbery, blackmail, and extortion",Blackmail or other extortion,Starling Park.,NZ,Auckland Region,Auckland.,1/07/2025,0235714,Auckland Region,Teritorial Authority,Auckland,Polygon,Polygon,MultiPolygon,MultiPolygon,1,MultiPolygon,1
Auckland,"Robbery, blackmail, and extortion",Aggravated robbery,Auckland Harbourside.,NZ,Auckland Region,Auckland.,1/11/2024,0432900,Auckland Region,Teritorial Authority,Auckland,Polygon,Polygon,MultiPolygon,MultiPolygon,1,MultiPolygon,1
Auckland,"Robbery, blackmail, and extortion",Blackmail or other extortion,Homai East.,NZ,Auckland Region,Auckland.,1/08/2023,0778300,Auckland Region,Teritorial Authority,Auckland,Polygon,Polygon,MultiPolygon,MultiPolygon,1,MultiPolygon,1
Auckland,"Robbery, blackmail, and extortion",Aggravated robbery,Albany.,NZ,Auckland Region,Auckland.,1/06/2025,0179000,Auckland Region,Teritorial Authority,Auckland,Polygon,Polygon,MultiPolygon,MultiPolygon,1,MultiPolygon,1
Auckland,"Robbery, blackmail, and extortion",Aggravated robbery,Weymouth West.,NZ,Auckland Region,Auckland.,1/11/2024,0773600,Auckland Region,Teritorial Authority,Auckland,Polygon,Polygon,MultiPolygon,MultiPolygon,1,MultiPolygon,1
Auckland,"Robbery, blackmail, and extortion",Aggravated robbery,Otara South.,NZ,Auckland Region,Auckland.,1/01/2024,0708500,Auckland Region,Teritorial Authority,Auckland,Polygon,Polygon,MultiPolygon,MultiPolygon,2,MultiPolygon,2
Auckland,"Robbery, blackmail, and extortion",Aggravated robbery,Mangere East.,NZ,Auckland Region,Auckland.,1/10/2023,0655701,Auckland Region,Teritorial Authority,Auckland,Polygon,Polygon,MultiPolygon,MultiPolygon,1,MultiPolygon,1
Auckland,"Robbery, blackmail, and extortion",Aggravated robbery,Woodglen.,NZ,Auckland Region,Auckland.,1/02/2025,0283601,Auckland Region,Teritorial Authority,Auckland,Polygon,Polygon,MultiPolygon,MultiPolygon,1,MultiPolygon,1
Auckland,"Robbery, blackmail, and extortion",Aggravated robbery,Auckland Harbourside.,NZ,Auckland Region,Auckland.,1/12/2024,0438211,Auckland Region,Teritorial Authority,Auckland,Polygon,Polygon,MultiPolygon,MultiPolygon,1,MultiPolygon,1
Auckland,"Robbery, blackmail, and extortion",Blackmail or other extortion,Otahuhu East.,NZ,Auckland Region,Auckland.,1/03/2025,0790500,Auckland Region,Teritorial Authority,Auckland,Polygon,Polygon,MultiPolygon,MultiPolygon,1,MultiPolygon,1
Auckland,"Robbery, blackmail, and extortion",Aggravated robbery,Otahuhu West.,NZ,Auckland Region,Auckland.,1/03/2024,0782600,Auckland Region,Teritorial Authority,Auckland,Polygon,Polygon,MultiPolygon,MultiPolygon,1,MultiPolygon,1
Auckland,"Robbery, blackmail, and extortion",Aggravated robbery,Sunnyvale.,NZ,Auckland Region,Auckland.,1/07/2025,0277100,Auckland Region,Teritorial Authority,Auckland,Polygon,Polygon,MultiPolygon,MultiPolygon,2,MultiPolygon,2
Auckland,"Robbery, blackmail, and extortion",Non-aggravated robbery,Woodglen.,NZ,Auckland Region,Auckland.,1/03/2025,0284104,Auckland Region,Teritorial Authority,Auckland,Polygon,Polygon,MultiPolygon,MultiPolygon,1,MultiPolygon,1
Auckland,"Robbery, blackmail, and extortion",Blackmail or other extortion,Lynnmall.,NZ,Auckland Region,Auckland.,1/03/2025,0266600,Auckland Region,Teritorial Authority,Auckland,Polygon,Polygon,MultiPolygon,MultiPolygon,1,MultiPolygon,1
Auckland,"Robbery, blackmail, and extortion",Aggravated robbery,Newton.,NZ,Auckland Region,Auckland.,1/03/2024,0412100,Auckland Region,Teritorial Authority,Auckland,Polygon,Polygon,MultiPolygon,MultiPolygon,1,MultiPolygon,1
Auckland,"Robbery, blackmail, and extortion",Non-aggravated robbery,Auckland Harbourside.,NZ,Auckland Region,Auckland.,1/05/2025,0438214,Auckland Region,Teritorial Authority,Auckland,Polygon,Polygon,MultiPolygon,MultiPolygon,1,MultiPolygon,1
Auckland,"Robbery, blackmail, and extortion",Aggravated robbery,Clendon South.,NZ,Auckland Region,Auckland.,1/01/2024,0774431,Auckland Region,Teritorial Authority,Auckland,Polygon,Polygon,MultiPolygon,MultiPolygon,3,MultiPolygon,3
Auckland,"Robbery, blackmail, and extortion",Blackmail or other extortion,Kingseat.,NZ,Auckland Region,Auckland.,1/05/2025,0810606,Auckland Region,Teritorial Authority,Auckland,Polygon,Polygon,MultiPolygon,MultiPolygon,1,MultiPolygon,1
Auckland,"Robbery, blackmail, and extortion",Aggravated robbery,Newton.,NZ,Auckland Region,Auckland.,1/10/2023,0412200,Auckland Region,Teritorial Authority,Auckland,Polygon,Polygon,MultiPolygon,MultiPolygon,1,MultiPolygon,1
Auckland,"Robbery, blackmail, and extortion",Non-aggravated robbery,Mt Hobson.,NZ,Auckland Region,Auckland.,1/12/2023,0490900,Auckland Region,Teritorial Authority,Auckland,Polygon,Polygon,MultiPolygon,MultiPolygon,1,MultiPolygon,1
Auckland,"Robbery, blackmail, and extortion",Non-aggravated robbery,Mangere Bridge.,NZ,Auckland Region,Auckland.,1/12/2024,0722100,Auckland Region,Teritorial Authority,Auckland,Polygon,Polygon,MultiPolygon,MultiPolygon,2,MultiPolygon,2
Auckland,"Robbery, blackmail, and extortion",Aggravated robbery,Mt Wellington North.,NZ,Auckland Region,Auckland.,1/03/2025,0627300,Auckland Region,Teritorial Authority,Auckland,Polygon,Polygon,MultiPolygon,MultiPolygon,1,MultiPolygon,1
Auckland,"Robbery, blackmail, and extortion",Blackmail or other extortion,Maungawhau.,NZ,Auckland Region,Auckland.,1/03/2025,0553700,Auckland Region,Teritorial Authority,Auckland,Polygon,Polygon,MultiPolygon,MultiPolygon,1,MultiPolygon,1
Auckland,"Robbery, blackmail, and extortion",Aggravated robbery,Otahuhu West.,NZ,Auckland Region,Auckland.,1/03/2024,0784900,Auckland Region,Teritorial Authority,Auckland,Polygon,Polygon,MultiPolygon,MultiPolygon,1,MultiPolygon,1
Auckland,"Robbery, blackmail, and extortion",Aggravated robbery,Mascot.,NZ,Auckland Region,Auckland.,1/05/2025,0737500,Auckland Region,Teritorial Authority,Auckland,Polygon,Polygon,MultiPolygon,MultiPolygon,1,MultiPolygon,1
Auckland,"Robbery, blackmail, and extortion",Blackmail or other extortion,Pinehill.,NZ,Auckland Region,Auckland.,1/11/2023,0180716,Auckland Region,Teritorial Authority,Auckland,Polygon,Polygon,MultiPolygon,MultiPolygon,1,MultiPolygon,1
Auckland,"Robbery, blackmail, and extortion",Aggravated robbery,Papatoetoe East.,NZ,Auckland Region,Auckland.,1/03/2025,0670500,Auckland Region,Teritorial Authority,Auckland,Polygon,Polygon,MultiPolygon,MultiPolygon,1,MultiPolygon,1
Auckland,"Robbery, blackmail, and extortion",Blackmail or other extortion,New Lynn South.,NZ,Auckland Region,Auckland.,1/03/2025,0268400,Auckland Region,Teritorial Authority,Auckland,Polygon,Polygon,MultiPolygon,MultiPolygon,1,MultiPolygon,1
Auckland,"Robbery, blackmail, and extortion",Aggravated robbery,Newmarket.,NZ,Auckland Region,Auckland.,1/04/2024,0451300,Auckland Region,Teritorial Authority,Auckland,Polygon,Polygon,MultiPolygon,MultiPolygon,1,MultiPolygon,1
Auckland,"Robbery, blackmail, and extortion",Aggravated robbery,Auckland Central West.,NZ,Auckland Region,Auckland.,1/05/2025,0435802,Auckland Region,Teritorial Authority,Auckland,Polygon,Polygon,MultiPolygon,MultiPolygon,1,MultiPolygon,1
Auckland,"Robbery, blackmail, and extortion",Blackmail or other extortion,Papakura Central.,NZ,Auckland Region,Auckland.,1/07/2025,0793301,Auckland Region,Teritorial Authority,Auckland,Polygon,Polygon,MultiPolygon,MultiPolygon,1,MultiPolygon,1
Auckland,"Robbery, blackmail, and extortion",Non-aggravated robbery,Auckland Harbourside.,NZ,Auckland Region,Auckland.,1/08/2024,0432900,Auckland Region,Teritorial Authority,Auckland,Polygon,Polygon,MultiPolygon,MultiPolygon,1,MultiPolygon,1
Auckland,"Robbery, blackmail, and extortion",Blackmail or other extortion,Lucken Point.,NZ,Auckland Region,Auckland.,1/12/2023,0224124,Auckland Region,Teritorial Authority,Auckland,Polygon,Polygon,MultiPolygon,MultiPolygon,1,MultiPolygon,1
Auckland,"Robbery, blackmail, and extortion",Aggravated robbery,Mangere Central.,NZ,Auckland Region,Auckland.,1/12/2024,0740500,Auckland Region,Teritorial Authority,Auckland,Polygon,Polygon,MultiPolygon,MultiPolygon,3,MultiPolygon,3
Auckland,"Robbery, blackmail, and extortion",Aggravated robbery,Sunnyvale.,NZ,Auckland Region,Auckland.,1/02/2025,0277902,Auckland Region,Teritorial Authority,Auckland,Polygon,Polygon,MultiPolygon,MultiPolygon,1,MultiPolygon,1
Auckland,"Robbery, blackmail, and extortion",Blackmail or other extortion,Greenhithe.,NZ,Auckland Region,Auckland.,1/04/2025,0181002,Auckland Region,Teritorial Authority,Auckland,Polygon,Polygon,MultiPolygon,MultiPolygon,1,MultiPolygon,1
Auckland,"Robbery, blackmail, and extortion",Blackmail or other extortion,Herne Bay.,NZ,Auckland Region,Auckland.,1/03/2025,0423700,Auckland Region,Teritorial Authority,Auckland,Polygon,Polygon,MultiPolygon,MultiPolygon,1,MultiPolygon,1
Auckland,"Robbery, blackmail, and extortion",Aggravated robbery,Auckland Central East.,NZ,Auckland Region,Auckland.,1/09/2023,0437702,Auckland Region,Teritorial Authority,Auckland,Polygon,Polygon,MultiPolygon,MultiPolygon,1,MultiPolygon,1
Auckland,"Robbery, blackmail, and extortion",Aggravated robbery,Grafton East.,NZ,Auckland Region,Auckland.,1/11/2023,0442400,Auckland Region,Teritorial Authority,Auckland,Polygon,Polygon,MultiPolygon,MultiPolygon,1,MultiPolygon,1
Auckland,"Robbery, blackmail, and extortion",Blackmail or other extortion,Meadowbank South.,NZ,Auckland Region,Auckland.,1/05/2025,0463106,Auckland Region,Teritorial Authority,Auckland,Polygon,Polygon,MultiPolygon,MultiPolygon,1,MultiPolygon,1
Auckland,"Robbery, blackmail, and extortion",Non-aggravated robbery,Clendon South.,NZ,Auckland Region,Auckland.,1/08/2024,0774431,Auckland Region,Teritorial Authority,Auckland,Polygon,Polygon,MultiPolygon,MultiPolygon,1,MultiPolygon,1
Auckland,"Robbery, blackmail, and extortion",Blackmail or other extortion,Wellsford.,NZ,Auckland Region,Auckland.,1/12/2023,0142700,Auckland Region,Teritorial Authority,Auckland,Polygon,Polygon,MultiPolygon,MultiPolygon,1,MultiPolygon,1
Auckland,"Robbery, blackmail, and extortion",Aggravated robbery,Clendon South.,NZ,Auckland Region,Auckland.,1/03/2024,0774434,Auckland Region,Teritorial Authority,Auckland,Polygon,Polygon,MultiPolygon,MultiPolygon,2,MultiPolygon,2
Auckland,"Robbery, blackmail, and extortion",Aggravated robbery,Walmsley.,NZ,Auckland Region,Auckland.,1/11/2023,0575300,Auckland Region,Teritorial Authority,Auckland,Polygon,Polygon,MultiPolygon,MultiPolygon,1,MultiPolygon,1
Auckland,"Robbery, blackmail, and extortion",Blackmail or other extortion,Otimai.,NZ,Auckland Region,Auckland.,1/05/2025,0282302,Auckland Region,Teritorial Authority,Auckland,Polygon,Polygon,MultiPolygon,MultiPolygon,1,MultiPolygon,1
Auckland,"Robbery, blackmail, and extortion",Aggravated robbery,Puhinui North.,NZ,Auckland Region,Auckland.,1/12/2024,0673303,Auckland Region,Teritorial Authority,Auckland,Polygon,Polygon,MultiPolygon,MultiPolygon,1,MultiPolygon,1
Auckland,"Robbery, blackmail, and extortion",Non-aggravated robbery,Takanini South.,NZ,Auckland Region,Auckland.,1/03/2025,0767400,Auckland Region,Teritorial Authority,Auckland,Polygon,Polygon,MultiPolygon,MultiPolygon,1,MultiPolygon,1
Auckland,"Robbery, blackmail, and extortion",Blackmail or other extortion,Waimumu North.,NZ,Auckland Region,Auckland.,1/04/2025,0227405,Auckland Region,Teritorial Authority,Auckland,Polygon,Polygon,MultiPolygon,MultiPolygon,1,MultiPolygon,1
Auckland,"Robbery, blackmail, and extortion",Blackmail or other extortion,Kingsland.,NZ,Auckland Region,Auckland.,1/03/2025,0532300,Auckland Region,Teritorial Authority,Auckland,Polygon,Polygon,MultiPolygon,MultiPolygon,1,MultiPolygon,1
Auckland,"Robbery, blackmail, and extortion",Aggravated robbery,Henderson North.,NZ,Auckland Region,Auckland.,1/01/2024,0240000,Auckland Region,Teritorial Authority,Auckland,Polygon,Polygon,MultiPolygon,MultiPolygon,1,MultiPolygon,1
Auckland,"Robbery, blackmail, and extortion",Aggravated robbery,Manurewa Central.,NZ,Auckland Region,Auckland.,1/02/2024,0751600,Auckland Region,Teritorial Authority,Auckland,Polygon,Polygon,MultiPolygon,MultiPolygon,2,MultiPolygon,2
Auckland,"Robbery, blackmail, and extortion",Aggravated robbery,Manurewa Central.,NZ,Auckland Region,Auckland.,1/11/2023,0751400,Auckland Region,Teritorial Authority,Auckland,Polygon,Polygon,MultiPolygon,MultiPolygon,1,MultiPolygon,1
Auckland,"Robbery, blackmail, and extortion",Blackmail or other extortion,Auckland Central East.,NZ,Auckland Region,Auckland.,1/05/2025,0437702,Auckland Region,Teritorial Authority,Auckland,Polygon,Polygon,MultiPolygon,MultiPolygon,1,MultiPolygon,1
Auckland,"Robbery, blackmail, and extortion",Non-aggravated robbery,Auckland Central West.,NZ,Auckland Region,Auckland.,1/12/2024,0434500,Auckland Region,Teritorial Authority,Auckland,Polygon,Polygon,MultiPolygon,MultiPolygon,1,MultiPolygon,1
Auckland,"Robbery, blackmail, and extortion",Aggravated robbery,Papakura East.,NZ,Auckland Region,Auckland.,1/01/2025,0798802,Auckland Region,Teritorial Authority,Auckland,Polygon,Polygon,MultiPolygon,MultiPolygon,2,MultiPolygon,2
Auckland,"Robbery, blackmail, and extortion",Blackmail or other extortion,Sunnyvale.,NZ,Auckland Region,Auckland.,1/04/2025,0277100,Auckland Region,Teritorial Authority,Auckland,Polygon,Polygon,MultiPolygon,MultiPolygon,1,MultiPolygon,1
Auckland,"Robbery, blackmail, and extortion",Aggravated robbery,Clendon South.,NZ,Auckland Region,Auckland.,1/11/2023,0774433,Auckland Region,Teritorial Authority,Auckland,Polygon,Polygon,MultiPolygon,MultiPolygon,1,MultiPolygon,1
Auckland,"Robbery, blackmail, and extortion",Blackmail or other extortion,Auckland Central West.,NZ,Auckland Region,Auckland.,1/05/2025,0433103,Auckland Region,Teritorial Authority,Auckland,Polygon,Polygon,MultiPolygon,MultiPolygon,1,MultiPolygon,1
Auckland,"Robbery, blackmail, and extortion",Aggravated robbery,Auckland Harbourside.,NZ,Auckland Region,Auckland.,1/04/2025,0438209,Auckland Region,Teritorial Authority,Auckland,Polygon,Polygon,MultiPolygon,MultiPolygon,1,MultiPolygon,1
Auckland,"Robbery, blackmail, and extortion",Non-aggravated robbery,New Lynn North.,NZ,Auckland Region,Auckland.,1/01/2024,0268300,Auckland Region,Teritorial Authority,Auckland,Polygon,Polygon,MultiPolygon,MultiPolygon,1,MultiPolygon,1
Auckland,"Robbery, blackmail, and extortion",Blackmail or other extortion,Edgewater.,NZ,Auckland Region,Auckland.,1/03/2025,0687801,Auckland Region,Teritorial Authority,Auckland,Polygon,Polygon,MultiPolygon,MultiPolygon,1,MultiPolygon,1
Auckland,"Robbery, blackmail, and extortion",Blackmail or other extortion,Auckland Central West.,NZ,Auckland Region,Auckland.,1/11/2023,0434403,Auckland Region,Teritorial Authority,Auckland,Polygon,Polygon,MultiPolygon,MultiPolygon,1,MultiPolygon,1
Auckland,"Robbery, blackmail, and extortion",Blackmail or other extortion,Durham Green.,NZ,Auckland Region,Auckland.,1/03/2024,0245100,Auckland Region,Teritorial Authority,Auckland,Polygon,Polygon,MultiPolygon,MultiPolygon,1,MultiPolygon,1
Auckland,"Robbery, blackmail, and extortion",Blackmail or other extortion,Eden Terrace.,NZ,Auckland Region,Auckland.,1/07/2024,0421000,Auckland Region,Teritorial Authority,Auckland,Polygon,Polygon,MultiPolygon,MultiPolygon,1,MultiPolygon,1
Auckland,"Robbery, blackmail, and extortion",Blackmail or other extortion,Roberton.,NZ,Auckland Region,Auckland.,1/11/2023,0382200,Auckland Region,Teritorial Authority,Auckland,Polygon,Polygon,MultiPolygon,MultiPolygon,1,MultiPolygon,1
Auckland,"Robbery, blackmail, and extortion",Blackmail or other extortion,Monarch Park.,NZ,Auckland Region,Auckland.,1/03/2024,0206600,Auckland Region,Teritorial Authority,Auckland,Polygon,Polygon,MultiPolygon,MultiPolygon,1,MultiPolygon,1
Auckland,"Robbery, blackmail, and extortion",Blackmail or other extortion,Hillpark.,NZ,Auckland Region,Auckland.,1/04/2024,0757100,Auckland Region,Teritorial Authority,Auckland,Polygon,Polygon,MultiPolygon,MultiPolygon,1,MultiPolygon,1
Auckland,"Robbery, blackmail, and extortion",Non-aggravated robbery,Sandringham West.,NZ,Auckland Region,Auckland.,1/06/2025,0542400,Auckland Region,Teritorial Authority,Auckland,Polygon,Polygon,MultiPolygon,MultiPolygon,1,MultiPolygon,1
Auckland,"Robbery, blackmail, and extortion",Blackmail or other extortion,Kohuora.,NZ,Auckland Region,Auckland.,1/06/2025,0657300,Auckland Region,Teritorial Authority,Auckland,Polygon,Polygon,MultiPolygon,MultiPolygon,1,MultiPolygon,1
Auckland,"Robbery, blackmail, and extortion",Aggravated robbery,Leabank.,NZ,Auckland Region,Auckland.,1/10/2023,0770000,Auckland Region,Teritorial Authority,Auckland,Polygon,Polygon,MultiPolygon,MultiPolygon,2,MultiPolygon,2
Auckland,"Robbery, blackmail, and extortion",Non-aggravated robbery,Beaumont.,NZ,Auckland Region,Auckland.,1/01/2025,0754100,Auckland Region,Teritorial Authority,Auckland,Polygon,Polygon,MultiPolygon,MultiPolygon,1,MultiPolygon,1
Auckland,"Robbery, blackmail, and extortion",Blackmail or other extortion,Donegal Park.,NZ,Auckland Region,Auckland.,1/04/2025,0713211,Auckland Region,Teritorial Authority,Auckland,Polygon,Polygon,MultiPolygon,MultiPolygon,1,MultiPolygon,1
Auckland,"Robbery, blackmail, and extortion",Blackmail or other extortion,Auckland Central West.,NZ,Auckland Region,Auckland.,1/06/2025,0433102,Auckland Region,Teritorial Authority,Auckland,Polygon,Polygon,MultiPolygon,MultiPolygon,1,MultiPolygon,1
Auckland,"Robbery, blackmail, and extortion",Aggravated robbery,Auckland Harbourside.,NZ,Auckland Region,Auckland.,1/10/2024,0432900,Auckland Region,Teritorial Authority,Auckland,Polygon,Polygon,MultiPolygon,MultiPolygon,2,MultiPolygon,2
Auckland,"Robbery, blackmail, and extortion",Blackmail or other extortion,Sandringham North.,NZ,Auckland Region,Auckland.,1/08/2024,0536500,Auckland Region,Teritorial Authority,Auckland,Polygon,Polygon,MultiPolygon,MultiPolygon,1,MultiPolygon,1
Auckland,"Robbery, blackmail, and extortion",Blackmail or other extortion,Mangere South.,NZ,Auckland Region,Auckland.,1/12/2023,0728615,Auckland Region,Teritorial Authority,Auckland,MultiPolygon,Polygon,MultiPolygon,MultiPolygon,1,MultiPolygon,1
Auckland,"Robbery, blackmail, and extortion",Blackmail or other extortion,Waimumu South.,NZ,Auckland Region,Auckland.,1/03/2024,0228500,Auckland Region,Teritorial Authority,Auckland,Polygon,Polygon,MultiPolygon,MultiPolygon,1,MultiPolygon,1
Auckland,"Robbery, blackmail, and extortion",Blackmail or other extortion,Hamlin.,NZ,Auckland Region,Auckland.,1/06/2025,0641502,Auckland Region,Teritorial Authority,Auckland,Polygon,Polygon,MultiPolygon,MultiPolygon,1,MultiPolygon,1
Auckland,"Robbery, blackmail, and extortion",Aggravated robbery,Ponsonby East.,NZ,Auckland Region,Auckland.,1/04/2024,0429700,Auckland Region,Teritorial Authority,Auckland,Polygon,Polygon,MultiPolygon,MultiPolygon,2,MultiPolygon,2
Auckland,"Robbery, blackmail, and extortion",Blackmail or other extortion,Mt Wellington South.,NZ,Auckland Region,Auckland.,1/08/2024,0638903,Auckland Region,Teritorial Authority,Auckland,Polygon,Polygon,MultiPolygon,MultiPolygon,1,MultiPolygon,1
Auckland,"Robbery, blackmail, and extortion",Blackmail or other extortion,Three Kings.,NZ,Auckland Region,Auckland.,1/12/2023,0561100,Auckland Region,Teritorial Authority,Auckland,Polygon,Polygon,MultiPolygon,MultiPolygon,1,MultiPolygon,1
Auckland,"Robbery, blackmail, and extortion",Non-aggravated robbery,Walmsley.,NZ,Auckland Region,Auckland.,1/06/2025,0574800,Auckland Region,Teritorial Authority,Auckland,Polygon,Polygon,MultiPolygon,MultiPolygon,1,MultiPolygon,1
Auckland,"Robbery, blackmail, and extortion",Blackmail or other extortion,Albany.,NZ,Auckland Region,Auckland.,1/08/2023,0178800,Auckland Region,Teritorial Authority,Auckland,Polygon,Polygon,MultiPolygon,MultiPolygon,1,MultiPolygon,1
Auckland,"Robbery, blackmail, and extortion",Aggravated robbery,St Marys.,NZ,Auckland Region,Auckland.,1/02/2025,0425000,Auckland Region,Teritorial Authority,Auckland,Polygon,Polygon,MultiPolygon,MultiPolygon,1,MultiPolygon,1
Auckland,"Robbery, blackmail, and extortion",Blackmail or other extortion,Otahuhu West.,NZ,Auckland Region,Auckland.,1/04/2025,0782000,Auckland Region,Teritorial Authority,Auckland,Polygon,Polygon,MultiPolygon,MultiPolygon,1,MultiPolygon,1
Auckland,"Robbery, blackmail, and extortion",Aggravated robbery,Fruitvale.,NZ,Auckland Region,Auckland.,1/02/2025,0263802,Auckland Region,Teritorial Authority,Auckland,Polygon,Polygon,MultiPolygon,MultiPolygon,1,MultiPolygon,1
Auckland,"Robbery, blackmail, and extortion",Blackmail or other extortion,Donegal Park.,NZ,Auckland Region,Auckland.,1/06/2025,0716300,Auckland Region,Teritorial Authority,Auckland,Polygon,Polygon,MultiPolygon,MultiPolygon,1,MultiPolygon,1
Auckland,"Robbery, blackmail, and extortion",Blackmail or other extortion,Eden Terrace.,NZ,Auckland Region,Auckland.,1/11/2024,0420807,Auckland Region,Teritorial Authority,Auckland,Polygon,Polygon,MultiPolygon,MultiPolygon,1,MultiPolygon,1
Auckland,"Robbery, blackmail, and extortion",Blackmail or other extortion,Auckland Central West.,NZ,Auckland Region,Auckland.,1/09/2023,0435700,Auckland Region,Teritorial Authority,Auckland,Polygon,Polygon,MultiPolygon,MultiPolygon,1,MultiPolygon,1
Auckland,"Robbery, blackmail, and extortion",Blackmail or other extortion,Epsom North.,NZ,Auckland Region,Auckland.,1/08/2024,0457700,Auckland Region,Teritorial Authority,Auckland,Polygon,Polygon,MultiPolygon,MultiPolygon,1,MultiPolygon,1
Auckland,"Robbery, blackmail, and extortion",Blackmail or other extortion,Auckland Harbourside.,NZ,Auckland Region,Auckland.,1/01/2024,0438214,Auckland Region,Teritorial Authority,Auckland,Polygon,Polygon,MultiPolygon,MultiPolygon,1,MultiPolygon,1
Auckland,"Robbery, blackmail, and extortion",Non-aggravated robbery,Auckland Central West.,NZ,Auckland Region,Auckland.,1/06/2025,0434200,Auckland Region,Teritorial Authority,Auckland,Polygon,Polygon,MultiPolygon,MultiPolygon,1,MultiPolygon,1
Auckland,"Robbery, blackmail, and extortion",Blackmail or other extortion,Albany.,NZ,Auckland Region,Auckland.,1/09/2023,0178900,Auckland Region,Teritorial Authority,Auckland,Polygon,Polygon,MultiPolygon,MultiPolygon,1,MultiPolygon,1
Auckland,"Robbery, blackmail, and extortion",Non-aggravated robbery,Lynfield South.,NZ,Auckland Region,Auckland.,1/02/2025,0587300,Auckland Region,Teritorial Authority,Auckland,Polygon,Polygon,MultiPolygon,MultiPolygon,1,MultiPolygon,1
Auckland,"Robbery, blackmail, and extortion",Blackmail or other extortion,Mt Wellington South.,NZ,Auckland Region,Auckland.,1/07/2025,0639500,Auckland Region,Teritorial Authority,Auckland,Polygon,Polygon,MultiPolygon,MultiPolygon,1,MultiPolygon,1
Auckland,"Robbery, blackmail, and extortion",Blackmail or other extortion,Lynfield South.,NZ,Auckland Region,Auckland.,1/11/2024,0588302,Auckland Region,Teritorial Authority,Auckland,Polygon,Polygon,MultiPolygon,MultiPolygon,1,MultiPolygon,1
Auckland,"Robbery, blackmail, and extortion",Blackmail or other extortion,Abbotts Park.,NZ,Auckland Region,Auckland.,1/07/2025,0495500,Auckland Region,Teritorial Authority,Auckland,Polygon,Polygon,MultiPolygon,MultiPolygon,1,MultiPolygon,1
Auckland,"Robbery, blackmail, and extortion",Blackmail or other extortion,Auckland Central West.,NZ,Auckland Region,Auckland.,1/06/2024,0433802,Auckland Region,Teritorial Authority,Auckland,Polygon,Polygon,MultiPolygon,MultiPolygon,1,MultiPolygon,1
Auckland,"Robbery, blackmail, and extortion",Blackmail or other extortion,Clendon North.,NZ,Auckland Region,Auckland.,1/08/2024,0774408,Auckland Region,Teritorial Authority,Auckland,Polygon,Polygon,MultiPolygon,MultiPolygon,1,MultiPolygon,1
Auckland,"Robbery, blackmail, and extortion",Blackmail or other extortion,Meadowland.,NZ,Auckland Region,Auckland.,1/01/2024,0711009,Auckland Region,Teritorial Authority,Auckland,Polygon,Polygon,MultiPolygon,MultiPolygon,1,MultiPolygon,1
Auckland,"Robbery, blackmail, and extortion",Aggravated robbery,Auckland Harbourside.,NZ,Auckland Region,Auckland.,1/07/2025,0432800,Auckland Region,Teritorial Authority,Auckland,Polygon,Polygon,MultiPolygon,MultiPolygon,1,MultiPolygon,1
Auckland,"Robbery, blackmail, and extortion",Blackmail or other extortion,Riverhead.,NZ,Auckland Region,Auckland.,1/09/2023,0217603,Auckland Region,Teritorial Authority,Auckland,Polygon,Polygon,MultiPolygon,MultiPolygon,1,MultiPolygon,1
Auckland,"Robbery, blackmail, and extortion",Non-aggravated robbery,Manurewa Central.,NZ,Auckland Region,Auckland.,1/03/2025,0750500,Auckland Region,Teritorial Authority,Auckland,Polygon,Polygon,MultiPolygon,MultiPolygon,1,MultiPolygon,1
Auckland,"Robbery, blackmail, and extortion",Aggravated robbery,Papatoetoe Central.,NZ,Auckland Region,Auckland.,1/07/2025,0663600,Auckland Region,Teritorial Authority,Auckland,Polygon,Polygon,MultiPolygon,MultiPolygon,1,MultiPolygon,1
Auckland,"Robbery, blackmail, and extortion",Blackmail or other extortion,Monarch Park.,NZ,Auckland Region,Auckland.,1/10/2023,0206300,Auckland Region,Teritorial Authority,Auckland,Polygon,Polygon,MultiPolygon,MultiPolygon,1,MultiPolygon,1
Auckland,"Robbery, blackmail, and extortion",Blackmail or other extortion,New Windsor.,NZ,Auckland Region,Auckland.,1/12/2024,0376800,Auckland Region,Teritorial Authority,Auckland,Polygon,Polygon,MultiPolygon,MultiPolygon,1,MultiPolygon,1
Auckland,"Robbery, blackmail, and extortion",Aggravated robbery,Wiri.,NZ,Auckland Region,Auckland.,1/05/2025,0780501,Auckland Region,Teritorial Authority,Auckland,Polygon,Polygon,MultiPolygon,MultiPolygon,1,MultiPolygon,1
Auckland,"Robbery, blackmail, and extortion",Blackmail or other extortion,Harania West.,NZ,Auckland Region,Auckland.,1/08/2024,0736300,Auckland Region,Teritorial Authority,Auckland,Polygon,Polygon,MultiPolygon,MultiPolygon,1,MultiPolygon,1
Auckland,"Robbery, blackmail, and extortion",Blackmail or other extortion,Glendowie.,NZ,Auckland Region,Auckland.,1/09/2024,0512500,Auckland Region,Teritorial Authority,Auckland,Polygon,Polygon,MultiPolygon,MultiPolygon,1,MultiPolygon,1
Auckland,"Robbery, blackmail, and extortion",Blackmail or other extortion,Shelly Park.,NZ,Auckland Region,Auckland.,1/01/2024,0717708,Auckland Region,Teritorial Authority,Auckland,Polygon,Polygon,MultiPolygon,MultiPolygon,1,MultiPolygon,1
Auckland,"Robbery, blackmail, and extortion",Aggravated robbery,Auckland Central West.,NZ,Auckland Region,Auckland.,1/01/2025,0434300,Auckland Region,Teritorial Authority,Auckland,Polygon,Polygon,MultiPolygon,MultiPolygon,3,MultiPolygon,3
Auckland,"Robbery, blackmail, and extortion",Blackmail or other extortion,Manukau Central.,NZ,Auckland Region,Auckland.,1/12/2024,0781200,Auckland Region,Teritorial Authority,Auckland,Polygon,Polygon,MultiPolygon,MultiPolygon,1,MultiPolygon,1
Auckland,"Robbery, blackmail, and extortion",Non-aggravated robbery,Leabank.,NZ,Auckland Region,Auckland.,1/05/2025,0771700,Auckland Region,Teritorial Authority,Auckland,Polygon,Polygon,MultiPolygon,MultiPolygon,1,MultiPolygon,1
Auckland,"Robbery, blackmail, and extortion",Aggravated robbery,Otahuhu West.,NZ,Auckland Region,Auckland.,1/09/2023,0784400,Auckland Region,Teritorial Authority,Auckland,Polygon,Polygon,MultiPolygon,MultiPolygon,1,MultiPolygon,1
Auckland,"Robbery, blackmail, and extortion",Blackmail or other extortion,Ponsonby East.,NZ,Auckland Region,Auckland.,1/09/2024,0431300,Auckland Region,Teritorial Authority,Auckland,Polygon,Polygon,MultiPolygon,MultiPolygon,1,MultiPolygon,1
Auckland,"Robbery, blackmail, and extortion",Aggravated robbery,Lynfield South.,NZ,Auckland Region,Auckland.,1/12/2023,0587300,Auckland Region,Teritorial Authority,Auckland,Polygon,Polygon,MultiPolygon,MultiPolygon,1,MultiPolygon,1
Auckland,"Robbery, blackmail, and extortion",Aggravated robbery,Dingwall.,NZ,Auckland Region,Auckland.,1/11/2024,0666301,Auckland Region,Teritorial Authority,Auckland,Polygon,Polygon,MultiPolygon,MultiPolygon,1,MultiPolygon,1
Auckland,"Robbery, blackmail, and extortion",Blackmail or other extortion,Royal Heights.,NZ,Auckland Region,Auckland.,1/08/2023,0224409,Auckland Region,Teritorial Authority,Auckland,Polygon,Polygon,MultiPolygon,MultiPolygon,1,MultiPolygon,1
Auckland,"Robbery, blackmail, and extortion",Aggravated robbery,Parrs Park.,NZ,Auckland Region,Auckland.,1/03/2025,0278213,Auckland Region,Teritorial Authority,Auckland,Polygon,Polygon,MultiPolygon,MultiPolygon,1,MultiPolygon,1
Auckland,"Robbery, blackmail, and extortion",Aggravated robbery,Henderson North.,NZ,Auckland Region,Auckland.,1/02/2024,0240000,Auckland Region,Teritorial Authority,Auckland,Polygon,Polygon,MultiPolygon,MultiPolygon,1,MultiPolygon,1
Auckland,"Robbery, blackmail, and extortion",Blackmail or other extortion,North Harbour East.,NZ,Auckland Region,Auckland.,1/05/2025,0180810,Auckland Region,Teritorial Authority,Auckland,Polygon,Polygon,MultiPolygon,MultiPolygon,1,MultiPolygon,1
Auckland,"Robbery, blackmail, and extortion",Aggravated robbery,Manukau Central.,NZ,Auckland Region,Auckland.,1/05/2024,0780209,Auckland Region,Teritorial Authority,Auckland,Polygon,Polygon,MultiPolygon,MultiPolygon,1,MultiPolygon,1
Auckland,"Robbery, blackmail, and extortion",Blackmail or other extortion,Kaurilands.,NZ,Auckland Region,Auckland.,1/10/2024,0293801,Auckland Region,Teritorial Authority,Auckland,Polygon,Polygon,MultiPolygon,MultiPolygon,1,MultiPolygon,1
Auckland,"Robbery, blackmail, and extortion",Aggravated robbery,Roberton.,NZ,Auckland Region,Auckland.,1/01/2024,0380100,Auckland Region,Teritorial Authority,Auckland,Polygon,Polygon,MultiPolygon,MultiPolygon,1,MultiPolygon,1
Auckland,"Robbery, blackmail, and extortion",Aggravated robbery,Mt Wellington Domain.,NZ,Auckland Region,Auckland.,1/11/2024,0628100,Auckland Region,Teritorial Authority,Auckland,Polygon,Polygon,MultiPolygon,MultiPolygon,1,MultiPolygon,1
Auckland,"Robbery, blackmail, and extortion",Aggravated robbery,Takanini South.,NZ,Auckland Region,Auckland.,1/01/2025,0767400,Auckland Region,Teritorial Authority,Auckland,Polygon,Polygon,MultiPolygon,MultiPolygon,1,MultiPolygon,1
Auckland,"Robbery, blackmail, and extortion",Blackmail or other extortion,Epsom North.,NZ,Auckland Region,Auckland.,1/10/2024,0445100,Auckland Region,Teritorial Authority,Auckland,Polygon,Polygon,MultiPolygon,MultiPolygon,1,MultiPolygon,1
Auckland,"Robbery, blackmail, and extortion",Aggravated robbery,Dingwall.,NZ,Auckland Region,Auckland.,1/12/2023,0666400,Auckland Region,Teritorial Authority,Auckland,Polygon,Polygon,MultiPolygon,MultiPolygon,2,MultiPolygon,2
Auckland,"Robbery, blackmail, and extortion",Non-aggravated robbery,Beachlands-Maraetai.,NZ,Auckland Region,Auckland.,1/01/2025,0719801,Auckland Region,Teritorial Authority,Auckland,MultiPolygon,Polygon,MultiPolygon,MultiPolygon,1,MultiPolygon,1
Auckland,"Robbery, blackmail, and extortion",Aggravated robbery,St Lukes.,NZ,Auckland Region,Auckland.,1/05/2025,0535300,Auckland Region,Teritorial Authority,Auckland,Polygon,Polygon,MultiPolygon,MultiPolygon,2,MultiPolygon,2
Auckland,"Robbery, blackmail, and extortion",Blackmail or other extortion,Otahuhu West.,NZ,Auckland Region,Auckland.,1/12/2024,0782700,Auckland Region,Teritorial Authority,Auckland,Polygon,Polygon,MultiPolygon,MultiPolygon,1,MultiPolygon,1
Auckland,"Robbery, blackmail, and extortion",Aggravated robbery,Kingdale.,NZ,Auckland Region,Auckland.,1/09/2023,0230601,Auckland Region,Teritorial Authority,Auckland,Polygon,Polygon,MultiPolygon,MultiPolygon,1,MultiPolygon,1
Auckland,"Robbery, blackmail, and extortion",Blackmail or other extortion,North Harbour East.,NZ,Auckland Region,Auckland.,1/05/2025,0180301,Auckland Region,Teritorial Authority,Auckland,Polygon,Polygon,MultiPolygon,MultiPolygon,1,MultiPolygon,1
Auckland,"Robbery, blackmail, and extortion",Non-aggravated robbery,Lynnmall.,NZ,Auckland Region,Auckland.,1/05/2024,0266600,Auckland Region,Teritorial Authority,Auckland,Polygon,Polygon,MultiPolygon,MultiPolygon,1,MultiPolygon,1
Auckland,"Robbery, blackmail, and extortion",Blackmail or other extortion,Waikowhai East.,NZ,Auckland Region,Auckland.,1/05/2024,0591000,Auckland Region,Teritorial Authority,Auckland,Polygon,Polygon,MultiPolygon,MultiPolygon,1,MultiPolygon,1
Auckland,"Robbery, blackmail, and extortion",Aggravated robbery,Beaumont.,NZ,Auckland Region,Auckland.,1/01/2024,0754000,Auckland Region,Teritorial Authority,Auckland,Polygon,Polygon,MultiPolygon,MultiPolygon,2,MultiPolygon,2
Auckland,"Robbery, blackmail, and extortion",Blackmail or other extortion,Waitakere.,NZ,Auckland Region,Auckland.,1/11/2023,0237203,Auckland Region,Teritorial Authority,Auckland,Polygon,Polygon,MultiPolygon,MultiPolygon,1,MultiPolygon,1
Auckland,"Robbery, blackmail, and extortion",Aggravated robbery,McLaren Park.,NZ,Auckland Region,Auckland.,1/03/2024,0281401,Auckland Region,Teritorial Authority,Auckland,Polygon,Polygon,MultiPolygon,MultiPolygon,2,MultiPolygon,2
Auckland,"Robbery, blackmail, and extortion",Blackmail or other extortion,Wakeling.,NZ,Auckland Region,Auckland.,1/06/2025,0254500,Auckland Region,Teritorial Authority,Auckland,Polygon,Polygon,MultiPolygon,MultiPolygon,1,MultiPolygon,1
Auckland,"Robbery, blackmail, and extortion",Aggravated robbery,Papatoetoe Central.,NZ,Auckland Region,Auckland.,1/10/2023,0663500,Auckland Region,Teritorial Authority,Auckland,Polygon,Polygon,MultiPolygon,MultiPolygon,1,MultiPolygon,1
Auckland,"Robbery, blackmail, and extortion",Blackmail or other extortion,Ellerslie North.,NZ,Auckland Region,Auckland.,1/05/2024,0610500,Auckland Region,Teritorial Authority,Auckland,Polygon,Polygon,MultiPolygon,MultiPolygon,1,MultiPolygon,1
Auckland,"Robbery, blackmail, and extortion",Aggravated robbery,Randwick Park.,NZ,Auckland Region,Auckland.,1/01/2025,0759711,Auckland Region,Teritorial Authority,Auckland,Polygon,Polygon,MultiPolygon,MultiPolygon,1,MultiPolygon,1
Auckland,"Robbery, blackmail, and extortion",Aggravated robbery,Parrs Park.,NZ,Auckland Region,Auckland.,1/06/2025,0278203,Auckland Region,Teritorial Authority,Auckland,Polygon,Polygon,MultiPolygon,MultiPolygon,1,MultiPolygon,1
Auckland,"Robbery, blackmail, and extortion",Aggravated robbery,Favona West.,NZ,Auckland Region,Auckland.,1/04/2025,0731103,Auckland Region,Teritorial Authority,Auckland,Polygon,Polygon,MultiPolygon,MultiPolygon,1,MultiPolygon,1
Auckland,"Robbery, blackmail, and extortion",Blackmail or other extortion,Red Beach West.,NZ,Auckland Region,Auckland.,1/11/2023,0172704,Auckland Region,Teritorial Authority,Auckland,Polygon,Polygon,MultiPolygon,MultiPolygon,1,MultiPolygon,1
Auckland,"Robbery, blackmail, and extortion",Blackmail or other extortion,Swanson.,NZ,Auckland Region,Auckland.,1/11/2023,0238305,Auckland Region,Teritorial Authority,Auckland,Polygon,Polygon,MultiPolygon,MultiPolygon,1,MultiPolygon,1
Auckland,"Robbery, blackmail, and extortion",Blackmail or other extortion,Hauraki.,NZ,Auckland Region,Auckland.,1/06/2025,0321600,Auckland Region,Teritorial Authority,Auckland,Polygon,Polygon,MultiPolygon,MultiPolygon,1,MultiPolygon,1
Auckland,"Robbery, blackmail, and extortion",Aggravated robbery,Sandringham West.,NZ,Auckland Region,Auckland.,1/10/2023,0540300,Auckland Region,Teritorial Authority,Auckland,Polygon,Polygon,MultiPolygon,MultiPolygon,1,MultiPolygon,1
Auckland,"Robbery, blackmail, and extortion",Blackmail or other extortion,Mangere South.,NZ,Auckland Region,Auckland.,1/05/2024,0728621,Auckland Region,Teritorial Authority,Auckland,MultiPolygon,Polygon,MultiPolygon,MultiPolygon,1,MultiPolygon,1
Auckland,"Robbery, blackmail, and extortion",Aggravated robbery,Freemans Bay.,NZ,Auckland Region,Auckland.,1/01/2024,0413900,Auckland Region,Teritorial Authority,Auckland,Polygon,Polygon,MultiPolygon,MultiPolygon,1,MultiPolygon,1
Auckland,"Robbery, blackmail, and extortion",Aggravated robbery,Albany.,NZ,Auckland Region,Auckland.,1/11/2024,0178900,Auckland Region,Teritorial Authority,Auckland,Polygon,Polygon,MultiPolygon,MultiPolygon,2,MultiPolygon,2
Auckland,"Robbery, blackmail, and extortion",Aggravated robbery,Waima.,NZ,Auckland Region,Auckland.,1/12/2024,0300400,Auckland Region,Teritorial Authority,Auckland,Polygon,Polygon,MultiPolygon,MultiPolygon,1,MultiPolygon,1
Auckland,"Robbery, blackmail, and extortion",Blackmail or other extortion,Hunua.,NZ,Auckland Region,Auckland.,1/03/2024,0814502,Auckland Region,Teritorial Authority,Auckland,Polygon,Polygon,MultiPolygon,MultiPolygon,1,MultiPolygon,1
Auckland,"Robbery, blackmail, and extortion",Aggravated robbery,Grafton West.,NZ,Auckland Region,Auckland.,1/06/2024,0440901,Auckland Region,Teritorial Authority,Auckland,Polygon,Polygon,MultiPolygon,MultiPolygon,1,MultiPolygon,1
Auckland,"Robbery, blackmail, and extortion",Blackmail or other extortion,Mt Albert Central.,NZ,Auckland Region,Auckland.,1/05/2024,0526000,Auckland Region,Teritorial Authority,Auckland,Polygon,Polygon,MultiPolygon,MultiPolygon,1,MultiPolygon,1
Auckland,"Robbery, blackmail, and extortion",Aggravated robbery,Auckland Central West.,NZ,Auckland Region,Auckland.,1/01/2024,0435604,Auckland Region,Teritorial Authority,Auckland,Polygon,Polygon,MultiPolygon,MultiPolygon,1,MultiPolygon,1
Auckland,"Robbery, blackmail, and extortion",Aggravated robbery,Papakura North.,NZ,Auckland Region,Auckland.,1/11/2024,0790800,Auckland Region,Teritorial Authority,Auckland,Polygon,Polygon,MultiPolygon,MultiPolygon,1,MultiPolygon,1
Auckland,"Robbery, blackmail, and extortion",Aggravated robbery,Howick Central.,NZ,Auckland Region,Auckland.,1/04/2025,0647100,Auckland Region,Teritorial Authority,Auckland,Polygon,Polygon,MultiPolygon,MultiPolygon,3,MultiPolygon,3
Auckland,"Robbery, blackmail, and extortion",Blackmail or other extortion,Rosehill.,NZ,Auckland Region,Auckland.,1/04/2024,0808605,Auckland Region,Teritorial Authority,Auckland,Polygon,Polygon,MultiPolygon,MultiPolygon,1,MultiPolygon,1
Auckland,"Robbery, blackmail, and extortion",Blackmail or other extortion,Glendhu.,NZ,Auckland Region,Auckland.,1/01/2024,0185700,Auckland Region,Teritorial Authority,Auckland,Polygon,Polygon,MultiPolygon,MultiPolygon,1,MultiPolygon,1
Auckland,"Robbery, blackmail, and extortion",Blackmail or other extortion,Point View.,NZ,Auckland Region,Auckland.,1/06/2025,0712104,Auckland Region,Teritorial Authority,Auckland,Polygon,Polygon,MultiPolygon,MultiPolygon,1,MultiPolygon,1
Auckland,"Robbery, blackmail, and extortion",Aggravated robbery,Manukau Central.,NZ,Auckland Region,Auckland.,1/05/2025,0780204,Auckland Region,Teritorial Authority,Auckland,Polygon,Polygon,MultiPolygon,MultiPolygon,1,MultiPolygon,1
Auckland,"Robbery, blackmail, and extortion",Blackmail or other extortion,Henderson South.,NZ,Auckland Region,Auckland.,1/04/2025,0242200,Auckland Region,Teritorial Authority,Auckland,Polygon,Polygon,MultiPolygon,MultiPolygon,1,MultiPolygon,1
Auckland,"Robbery, blackmail, and extortion",Blackmail or other extortion,Beachlands-Maraetai.,NZ,Auckland Region,Auckland.,1/07/2025,0718800,Auckland Region,Teritorial Authority,Auckland,MultiPolygon,Polygon,MultiPolygon,MultiPolygon,1,MultiPolygon,1
Auckland,"Robbery, blackmail, and extortion",Blackmail or other extortion,Pukekohe North.,NZ,Auckland Region,Auckland.,1/08/2023,0816538,Auckland Region,Teritorial Authority,Auckland,Polygon,Polygon,MultiPolygon,MultiPolygon,1,MultiPolygon,1
Auckland,"Robbery, blackmail, and extortion",Blackmail or other extortion,Papakura North.,NZ,Auckland Region,Auckland.,1/11/2023,0792700,Auckland Region,Teritorial Authority,Auckland,Polygon,Polygon,MultiPolygon,MultiPolygon,1,MultiPolygon,1
Auckland,"Robbery, blackmail, and extortion",Aggravated robbery,Grafton West.,NZ,Auckland Region,Auckland.,1/08/2024,0441101,Auckland Region,Teritorial Authority,Auckland,Polygon,Polygon,MultiPolygon,MultiPolygon,1,MultiPolygon,1
Auckland,"Robbery, blackmail, and extortion",Blackmail or other extortion,Shelly Park.,NZ,Auckland Region,Auckland.,1/06/2024,0717906,Auckland Region,Teritorial Authority,Auckland,Polygon,Polygon,MultiPolygon,MultiPolygon,1,MultiPolygon,1
Auckland,"Robbery, blackmail, and extortion",Aggravated robbery,Auckland Harbourside.,NZ,Auckland Region,Auckland.,1/01/2024,0438220,Auckland Region,Teritorial Authority,Auckland,Polygon,Polygon,MultiPolygon,MultiPolygon,1,MultiPolygon,1
Auckland,"Robbery, blackmail, and extortion",Blackmail or other extortion,Redoubt North.,NZ,Auckland Region,Auckland.,1/06/2024,0716106,Auckland Region,Teritorial Authority,Auckland,Polygon,Polygon,MultiPolygon,MultiPolygon,1,MultiPolygon,1
Auckland,"Robbery, blackmail, and extortion",Aggravated robbery,Lynnmall.,NZ,Auckland Region,Auckland.,1/01/2025,0266000,Auckland Region,Teritorial Authority,Auckland,Polygon,Polygon,MultiPolygon,MultiPolygon,1,MultiPolygon,1
Auckland,"Robbery, blackmail, and extortion",Aggravated robbery,Kingsland.,NZ,Auckland Region,Auckland.,1/05/2025,0530700,Auckland Region,Teritorial Authority,Auckland,Polygon,Polygon,MultiPolygon,MultiPolygon,1,MultiPolygon,1
Auckland,"Robbery, blackmail, and extortion",Blackmail or other extortion,Awaruku.,NZ,Auckland Region,Auckland.,1/04/2025,0166407,Auckland Region,Teritorial Authority,Auckland,Polygon,Polygon,MultiPolygon,MultiPolygon,1,MultiPolygon,1
Auckland,"Robbery, blackmail, and extortion",Blackmail or other extortion,Karekare.,NZ,Auckland Region,Auckland.,1/05/2025,0282017,Auckland Region,Teritorial Authority,Auckland,MultiPolygon,Polygon,MultiPolygon,MultiPolygon,1,MultiPolygon,1
Auckland,"Robbery, blackmail, and extortion",Aggravated robbery,Papakura Central.,NZ,Auckland Region,Auckland.,1/04/2024,0793100,Auckland Region,Teritorial Authority,Auckland,Polygon,Polygon,MultiPolygon,MultiPolygon,2,MultiPolygon,2
Auckland,"Robbery, blackmail, and extortion",Blackmail or other extortion,Beachlands-Maraetai.,NZ,Auckland Region,Auckland.,1/01/2024,0719902,Auckland Region,Teritorial Authority,Auckland,MultiPolygon,Polygon,MultiPolygon,MultiPolygon,1,MultiPolygon,1
Auckland,"Robbery, blackmail, and extortion",Aggravated robbery,Lynnmall.,NZ,Auckland Region,Auckland.,1/08/2024,0264904,Auckland Region,Teritorial Authority,Auckland,Polygon,Polygon,MultiPolygon,MultiPolygon,1,MultiPolygon,1
Auckland,"Robbery, blackmail, and extortion",Aggravated robbery,St Lukes.,NZ,Auckland Region,Auckland.,1/01/2025,0535207,Auckland Region,Teritorial Authority,Auckland,Polygon,Polygon,MultiPolygon,MultiPolygon,1,MultiPolygon,1
Auckland,"Robbery, blackmail, and extortion",Aggravated robbery,Papatoetoe East.,NZ,Auckland Region,Auckland.,1/01/2025,0668400,Auckland Region,Teritorial Authority,Auckland,Polygon,Polygon,MultiPolygon,MultiPolygon,1,MultiPolygon,1
Auckland,"Robbery, blackmail, and extortion",Blackmail or other extortion,One Tree Hill East.,NZ,Auckland Region,Auckland.,1/02/2024,0618400,Auckland Region,Teritorial Authority,Auckland,Polygon,Polygon,MultiPolygon,MultiPolygon,1,MultiPolygon,1
Auckland,"Robbery, blackmail, and extortion",Blackmail or other extortion,Glenbrook.,NZ,Auckland Region,Auckland.,1/01/2024,0834000,Auckland Region,Teritorial Authority,Auckland,Polygon,Polygon,MultiPolygon,MultiPolygon,1,MultiPolygon,1
Auckland,"Robbery, blackmail, and extortion",Aggravated robbery,Viscount.,NZ,Auckland Region,Auckland.,1/08/2024,0739802,Auckland Region,Teritorial Authority,Auckland,Polygon,Polygon,MultiPolygon,MultiPolygon,1,MultiPolygon,1
Auckland,"Robbery, blackmail, and extortion",Aggravated robbery,Auckland Central East.,NZ,Auckland Region,Auckland.,1/01/2025,0436600,Auckland Region,Teritorial Authority,Auckland,Polygon,Polygon,MultiPolygon,MultiPolygon,1,MultiPolygon,1
Auckland,"Robbery, blackmail, and extortion",Aggravated robbery,Auckland Central West.,NZ,Auckland Region,Auckland.,1/11/2023,0434000,Auckland Region,Teritorial Authority,Auckland,Polygon,Polygon,MultiPolygon,MultiPolygon,1,MultiPolygon,1
Auckland,"Robbery, blackmail, and extortion",Blackmail or other extortion,Warkworth.,NZ,Auckland Region,Auckland.,1/04/2025,0141303,Auckland Region,Teritorial Authority,Auckland,Polygon,Polygon,MultiPolygon,MultiPolygon,1,MultiPolygon,1
Auckland,"Robbery, blackmail, and extortion",Blackmail or other extortion,Point Chevalier East.,NZ,Auckland Region,Auckland.,1/05/2025,0397400,Auckland Region,Teritorial Authority,Auckland,Polygon,Polygon,MultiPolygon,MultiPolygon,1,MultiPolygon,1
Auckland,"Robbery, blackmail, and extortion",Blackmail or other extortion,Papatoetoe North.,NZ,Auckland Region,Auckland.,1/05/2025,0662602,Auckland Region,Teritorial Authority,Auckland,Polygon,Polygon,MultiPolygon,MultiPolygon,1,MultiPolygon,1
Auckland,"Robbery, blackmail, and extortion",Aggravated robbery,Auckland Central West.,NZ,Auckland Region,Auckland.,1/01/2025,0433801,Auckland Region,Teritorial Authority,Auckland,Polygon,Polygon,MultiPolygon,MultiPolygon,1,MultiPolygon,1
Auckland,"Robbery, blackmail, and extortion",Blackmail or other extortion,Onehunga South West.,NZ,Auckland Region,Auckland.,1/04/2024,0596800,Auckland Region,Teritorial Authority,Auckland,Polygon,Polygon,MultiPolygon,MultiPolygon,1,MultiPolygon,1
Auckland,"Robbery, blackmail, and extortion",Blackmail or other extortion,Takanini West.,NZ,Auckland Region,Auckland.,1/01/2024,0767502,Auckland Region,Teritorial Authority,Auckland,Polygon,Polygon,MultiPolygon,MultiPolygon,1,MultiPolygon,1
Auckland,"Robbery, blackmail, and extortion",Aggravated robbery,Grafton West.,NZ,Auckland Region,Auckland.,1/09/2024,0441101,Auckland Region,Teritorial Authority,Auckland,Polygon,Polygon,MultiPolygon,MultiPolygon,1,MultiPolygon,1
Auckland,"Robbery, blackmail, and extortion",Aggravated robbery,Mt Wellington South.,NZ,Auckland Region,Auckland.,1/02/2025,0637900,Auckland Region,Teritorial Authority,Auckland,Polygon,Polygon,MultiPolygon,MultiPolygon,1,MultiPolygon,1
Auckland,"Robbery, blackmail, and extortion",Aggravated robbery,Papatoetoe East.,NZ,Auckland Region,Auckland.,1/11/2023,0669401,Auckland Region,Teritorial Authority,Auckland,Polygon,Polygon,MultiPolygon,MultiPolygon,1,MultiPolygon,1
Auckland,"Robbery, blackmail, and extortion",Aggravated robbery,Mt Wellington Domain.,NZ,Auckland Region,Auckland.,1/10/2024,0626404,Auckland Region,Teritorial Authority,Auckland,Polygon,Polygon,MultiPolygon,MultiPolygon,1,MultiPolygon,1
Auckland,"Robbery, blackmail, and extortion",Aggravated robbery,Auckland Harbourside.,NZ,Auckland Region,Auckland.,1/02/2025,0432900,Auckland Region,Teritorial Authority,Auckland,Polygon,Polygon,MultiPolygon,MultiPolygon,1,MultiPolygon,1
Auckland,"Robbery, blackmail, and extortion",Blackmail or other extortion,Bayswater.,NZ,Auckland Region,Auckland.,1/12/2024,0315700,Auckland Region,Teritorial Authority,Auckland,Polygon,Polygon,MultiPolygon,MultiPolygon,1,MultiPolygon,1
Auckland,"Robbery, blackmail, and extortion",Blackmail or other extortion,Auckland Harbourside.,NZ,Auckland Region,Auckland.,1/06/2025,0433005,Auckland Region,Teritorial Authority,Auckland,Polygon,Polygon,MultiPolygon,MultiPolygon,1,MultiPolygon,1
Auckland,"Robbery, blackmail, and extortion",Aggravated robbery,Manurewa Central.,NZ,Auckland Region,Auckland.,1/02/2025,0752300,Auckland Region,Teritorial Authority,Auckland,Polygon,Polygon,MultiPolygon,MultiPolygon,1,MultiPolygon,1
Auckland,"Robbery, blackmail, and extortion",Non-aggravated robbery,Onehunga South West.,NZ,Auckland Region,Auckland.,1/11/2023,0597300,Auckland Region,Teritorial Authority,Auckland,Polygon,Polygon,MultiPolygon,MultiPolygon,1,MultiPolygon,1
Auckland,"Robbery, blackmail, and extortion",Blackmail or other extortion,Dannemora.,NZ,Auckland Region,Auckland.,1/04/2024,0711740,Auckland Region,Teritorial Authority,Auckland,Polygon,Polygon,MultiPolygon,MultiPolygon,1,MultiPolygon,1
Auckland,"Robbery, blackmail, and extortion",Blackmail or other extortion,Highbrook.,NZ,Auckland Region,Auckland.,1/11/2023,0711600,Auckland Region,Teritorial Authority,Auckland,Polygon,Polygon,MultiPolygon,MultiPolygon,1,MultiPolygon,1
Auckland,"Robbery, blackmail, and extortion",Aggravated robbery,Auckland Central West.,NZ,Auckland Region,Auckland.,1/03/2025,0433801,Auckland Region,Teritorial Authority,Auckland,Polygon,Polygon,MultiPolygon,MultiPolygon,1,MultiPolygon,1
Auckland,"Robbery, blackmail, and extortion",Aggravated robbery,Auckland Central West.,NZ,Auckland Region,Auckland.,1/06/2025,0435802,Auckland Region,Teritorial Authority,Auckland,Polygon,Polygon,MultiPolygon,MultiPolygon,1,MultiPolygon,1
Auckland,"Robbery, blackmail, and extortion",Blackmail or other extortion,Kohimarama West.,NZ,Auckland Region,Auckland.,1/08/2023,0505500,Auckland Region,Teritorial Authority,Auckland,Polygon,Polygon,MultiPolygon,MultiPolygon,1,MultiPolygon,1
Auckland,"Robbery, blackmail, and extortion",Non-aggravated robbery,St Heliers.,NZ,Auckland Region,Auckland.,1/12/2024,0509300,Auckland Region,Teritorial Authority,Auckland,Polygon,Polygon,MultiPolygon,MultiPolygon,1,MultiPolygon,1
Auckland,"Robbery, blackmail, and extortion",Non-aggravated robbery,Glen Innes West.,NZ,Auckland Region,Auckland.,1/03/2025,0476100,Auckland Region,Teritorial Authority,Auckland,Polygon,Polygon,MultiPolygon,MultiPolygon,1,MultiPolygon,1
Auckland,"Robbery, blackmail, and extortion",Non-aggravated robbery,Takapuna Central.,NZ,Auckland Region,Auckland.,1/04/2025,0326400,Auckland Region,Teritorial Authority,Auckland,Polygon,Polygon,MultiPolygon,MultiPolygon,1,MultiPolygon,1
Auckland,"Robbery, blackmail, and extortion",Blackmail or other extortion,Kohuora.,NZ,Auckland Region,Auckland.,1/11/2023,0657300,Auckland Region,Teritorial Authority,Auckland,Polygon,Polygon,MultiPolygon,MultiPolygon,1,MultiPolygon,1
Auckland,"Robbery, blackmail, and extortion",Blackmail or other extortion,Glen Innes North.,NZ,Auckland Region,Auckland.,1/06/2025,0467200,Auckland Region,Teritorial Authority,Auckland,Polygon,Polygon,MultiPolygon,MultiPolygon,1,MultiPolygon,1
Auckland,"Robbery, blackmail, and extortion",Aggravated robbery,Orakei North.,NZ,Auckland Region,Auckland.,1/03/2025,0500500,Auckland Region,Teritorial Authority,Auckland,Polygon,Polygon,MultiPolygon,MultiPolygon,1,MultiPolygon,1
Auckland,"Robbery, blackmail, and extortion",Non-aggravated robbery,Westgate.,NZ,Auckland Region,Auckland.,1/11/2024,0224306,Auckland Region,Teritorial Authority,Auckland,Polygon,Polygon,MultiPolygon,MultiPolygon,2,MultiPolygon,2
Auckland,"Robbery, blackmail, and extortion",Blackmail or other extortion,Otahuhu North.,NZ,Auckland Region,Auckland.,1/11/2023,0787400,Auckland Region,Teritorial Authority,Auckland,Polygon,Polygon,MultiPolygon,MultiPolygon,1,MultiPolygon,1
Auckland,"Robbery, blackmail, and extortion",Aggravated robbery,Surrey Crescent.,NZ,Auckland Region,Auckland.,1/03/2025,0406300,Auckland Region,Teritorial Authority,Auckland,Polygon,Polygon,MultiPolygon,MultiPolygon,1,MultiPolygon,1
Auckland,"Robbery, blackmail, and extortion",Non-aggravated robbery,Auckland Central West.,NZ,Auckland Region,Auckland.,1/07/2025,0434000,Auckland Region,Teritorial Authority,Auckland,Polygon,Polygon,MultiPolygon,MultiPolygon,1,MultiPolygon,1
Auckland,"Robbery, blackmail, and extortion",Blackmail or other extortion,Mission Bay.,NZ,Auckland Region,Auckland.,1/08/2023,0503000,Auckland Region,Teritorial Authority,Auckland,Polygon,Polygon,MultiPolygon,MultiPolygon,1,MultiPolygon,1
Auckland,"Robbery, blackmail, and extortion",Aggravated robbery,Auckland Harbourside.,NZ,Auckland Region,Auckland.,1/04/2024,0433001,Auckland Region,Teritorial Authority,Auckland,Polygon,Polygon,MultiPolygon,MultiPolygon,1,MultiPolygon,1
Auckland,"Robbery, blackmail, and extortion",Non-aggravated robbery,Papakura Central.,NZ,Auckland Region,Auckland.,1/04/2024,0793000,Auckland Region,Teritorial Authority,Auckland,Polygon,Polygon,MultiPolygon,MultiPolygon,1,MultiPolygon,1
Auckland,"Robbery, blackmail, and extortion",Blackmail or other extortion,Auckland Harbourside.,NZ,Auckland Region,Auckland.,1/12/2023,0438223,Auckland Region,Teritorial Authority,Auckland,Polygon,Polygon,MultiPolygon,MultiPolygon,1,MultiPolygon,1
Auckland,"Robbery, blackmail, and extortion",Aggravated robbery,Freemans Bay.,NZ,Auckland Region,Auckland.,1/03/2025,0413900,Auckland Region,Teritorial Authority,Auckland,Polygon,Polygon,MultiPolygon,MultiPolygon,1,MultiPolygon,1
Auckland,"Robbery, blackmail, and extortion",Aggravated robbery,Ambury.,NZ,Auckland Region,Auckland.,1/07/2025,0721200,Auckland Region,Teritorial Authority,Auckland,MultiPolygon,Polygon,MultiPolygon,MultiPolygon,1,MultiPolygon,1
Auckland,"Robbery, blackmail, and extortion",Blackmail or other extortion,Waiata.,NZ,Auckland Region,Auckland.,1/08/2023,0489400,Auckland Region,Teritorial Authority,Auckland,Polygon,Polygon,MultiPolygon,MultiPolygon,1,MultiPolygon,1
Auckland,"Robbery, blackmail, and extortion",Blackmail or other extortion,Glen Innes North.,NZ,Auckland Region,Auckland.,1/06/2025,0468400,Auckland Region,Teritorial Authority,Auckland,Polygon,Polygon,MultiPolygon,MultiPolygon,1,MultiPolygon,1
Auckland,"Robbery, blackmail, and extortion",Non-aggravated robbery,Auckland Central West.,NZ,Auckland Region,Auckland.,1/04/2025,0434103,Auckland Region,Teritorial Authority,Auckland,Polygon,Polygon,MultiPolygon,MultiPolygon,1,MultiPolygon,1
Auckland,"Robbery, blackmail, and extortion",Aggravated robbery,Walmsley.,NZ,Auckland Region,Auckland.,1/07/2024,0578400,Auckland Region,Teritorial Authority,Auckland,Polygon,Polygon,MultiPolygon,MultiPolygon,1,MultiPolygon,1
Auckland,"Robbery, blackmail, and extortion",Blackmail or other extortion,Dingwall.,NZ,Auckland Region,Auckland.,1/12/2023,0666400,Auckland Region,Teritorial Authority,Auckland,Polygon,Polygon,MultiPolygon,MultiPolygon,1,MultiPolygon,1
Auckland,"Robbery, blackmail, and extortion",Aggravated robbery,Glenavon.,NZ,Auckland Region,Auckland.,1/03/2025,0381000,Auckland Region,Teritorial Authority,Auckland,Polygon,Polygon,MultiPolygon,MultiPolygon,1,MultiPolygon,1
Auckland,"Robbery, blackmail, and extortion",Aggravated robbery,Wesley.,NZ,Auckland Region,Auckland.,1/07/2025,0578000,Auckland Region,Teritorial Authority,Auckland,Polygon,Polygon,MultiPolygon,MultiPolygon,1,MultiPolygon,1
Auckland,"Robbery, blackmail, and extortion",Blackmail or other extortion,Auckland Central East.,NZ,Auckland Region,Auckland.,1/09/2023,0436901,Auckland Region,Teritorial Authority,Auckland,Polygon,Polygon,MultiPolygon,MultiPolygon,1,MultiPolygon,1
Auckland,"Robbery, blackmail, and extortion",Blackmail or other extortion,Roberton.,NZ,Auckland Region,Auckland.,1/07/2025,0382200,Auckland Region,Teritorial Authority,Auckland,Polygon,Polygon,MultiPolygon,MultiPolygon,1,MultiPolygon,1
Auckland,"Robbery, blackmail, and extortion",Aggravated robbery,Mt Albert Central.,NZ,Auckland Region,Auckland.,1/09/2023,0528800,Auckland Region,Teritorial Authority,Auckland,Polygon,Polygon,MultiPolygon,MultiPolygon,2,MultiPolygon,2
Auckland,"Robbery, blackmail, and extortion",Aggravated robbery,Takanini North.,NZ,Auckland Region,Auckland.,1/04/2025,0767100,Auckland Region,Teritorial Authority,Auckland,Polygon,Polygon,MultiPolygon,MultiPolygon,1,MultiPolygon,1
Auckland,"Robbery, blackmail, and extortion",Non-aggravated robbery,Lynfield North.,NZ,Auckland Region,Auckland.,1/08/2024,0585101,Auckland Region,Teritorial Authority,Auckland,Polygon,Polygon,MultiPolygon,MultiPolygon,1,MultiPolygon,1
Auckland,"Robbery, blackmail, and extortion",Aggravated robbery,Randwick Park.,NZ,Auckland Region,Auckland.,1/04/2025,0759735,Auckland Region,Teritorial Authority,Auckland,Polygon,Polygon,MultiPolygon,MultiPolygon,1,MultiPolygon,1
Auckland,"Robbery, blackmail, and extortion",Blackmail or other extortion,Glen Innes East.,NZ,Auckland Region,Auckland.,1/12/2023,0473200,Auckland Region,Teritorial Authority,Auckland,Polygon,Polygon,MultiPolygon,MultiPolygon,1,MultiPolygon,1
Auckland,"Robbery, blackmail, and extortion",Aggravated robbery,Lynnmall.,NZ,Auckland Region,Auckland.,1/01/2025,0264901,Auckland Region,Teritorial Authority,Auckland,Polygon,Polygon,MultiPolygon,MultiPolygon,2,MultiPolygon,2
Auckland,"Robbery, blackmail, and extortion",Aggravated robbery,Edgewater.,NZ,Auckland Region,Auckland.,1/07/2025,0683800,Auckland Region,Teritorial Authority,Auckland,Polygon,Polygon,MultiPolygon,MultiPolygon,1,MultiPolygon,1
Auckland,"Robbery, blackmail, and extortion",Blackmail or other extortion,Balmoral.,NZ,Auckland Region,Auckland.,1/09/2023,0549200,Auckland Region,Teritorial Authority,Auckland,Polygon,Polygon,MultiPolygon,MultiPolygon,1,MultiPolygon,1
Auckland,"Robbery, blackmail, and extortion",Blackmail or other extortion,Oranga.,NZ,Auckland Region,Auckland.,1/07/2025,0604000,Auckland Region,Teritorial Authority,Auckland,Polygon,Polygon,MultiPolygon,MultiPolygon,1,MultiPolygon,1
Auckland,"Robbery, blackmail, and extortion",Aggravated robbery,Glen Eden East.,NZ,Auckland Region,Auckland.,1/04/2025,0288301,Auckland Region,Teritorial Authority,Auckland,Polygon,Polygon,MultiPolygon,MultiPolygon,2,MultiPolygon,2
Auckland,"Robbery, blackmail, and extortion",Blackmail or other extortion,Lynnmall.,NZ,Auckland Region,Auckland.,1/04/2025,0266000,Auckland Region,Teritorial Authority,Auckland,Polygon,Polygon,MultiPolygon,MultiPolygon,1,MultiPolygon,1
Auckland,"Robbery, blackmail, and extortion",Blackmail or other extortion,Glen Innes North.,NZ,Auckland Region,Auckland.,1/12/2023,0467700,Auckland Region,Teritorial Authority,Auckland,Polygon,Polygon,MultiPolygon,MultiPolygon,1,MultiPolygon,1
Auckland,"Robbery, blackmail, and extortion",Aggravated robbery,Auckland Central East.,NZ,Auckland Region,Auckland.,1/03/2025,0438102,Auckland Region,Teritorial Authority,Auckland,Polygon,Polygon,MultiPolygon,MultiPolygon,3,MultiPolygon,3
Auckland,"Robbery, blackmail, and extortion",Aggravated robbery,Papatoetoe West.,NZ,Auckland Region,Auckland.,1/11/2024,0660100,Auckland Region,Teritorial Authority,Auckland,Polygon,Polygon,MultiPolygon,MultiPolygon,1,MultiPolygon,1
Auckland,"Robbery, blackmail, and extortion",Blackmail or other extortion,Papatoetoe West.,NZ,Auckland Region,Auckland.,1/10/2023,0659701,Auckland Region,Teritorial Authority,Auckland,Polygon,Polygon,MultiPolygon,MultiPolygon,1,MultiPolygon,1
Auckland,"Robbery, blackmail, and extortion",Blackmail or other extortion,Glen Eden East.,NZ,Auckland Region,Auckland.,1/07/2025,0286600,Auckland Region,Teritorial Authority,Auckland,Polygon,Polygon,MultiPolygon,MultiPolygon,1,MultiPolygon,1
Auckland,"Robbery, blackmail, and extortion",Aggravated robbery,Grafton East.,NZ,Auckland Region,Auckland.,1/08/2024,0442000,Auckland Region,Teritorial Authority,Auckland,Polygon,Polygon,MultiPolygon,MultiPolygon,1,MultiPolygon,1
Auckland,"Robbery, blackmail, and extortion",Blackmail or other extortion,Massey Park.,NZ,Auckland Region,Auckland.,1/11/2024,0798102,Auckland Region,Teritorial Authority,Auckland,Polygon,Polygon,MultiPolygon,MultiPolygon,2,MultiPolygon,2
Auckland,"Robbery, blackmail, and extortion",Aggravated robbery,Auckland Harbourside.,NZ,Auckland Region,Auckland.,1/08/2023,0432900,Auckland Region,Teritorial Authority,Auckland,Polygon,Polygon,MultiPolygon,MultiPolygon,1,MultiPolygon,1
Auckland,"Robbery, blackmail, and extortion",Blackmail or other extortion,Kohuora.,NZ,Auckland Region,Auckland.,1/12/2023,0657601,Auckland Region,Teritorial Authority,Auckland,Polygon,Polygon,MultiPolygon,MultiPolygon,1,MultiPolygon,1
Auckland,"Robbery, blackmail, and extortion",Non-aggravated robbery,Dingwall.,NZ,Auckland Region,Auckland.,1/11/2024,0667300,Auckland Region,Teritorial Authority,Auckland,Polygon,Polygon,MultiPolygon,MultiPolygon,1,MultiPolygon,1
Auckland,"Robbery, blackmail, and extortion",Blackmail or other extortion,Mangere Bridge.,NZ,Auckland Region,Auckland.,1/12/2023,0725601,Auckland Region,Teritorial Authority,Auckland,Polygon,Polygon,MultiPolygon,MultiPolygon,1,MultiPolygon,1
Auckland,"Robbery, blackmail, and extortion",Aggravated robbery,Murvale.,NZ,Auckland Region,Auckland.,1/03/2024,0680501,Auckland Region,Teritorial Authority,Auckland,Polygon,Polygon,MultiPolygon,MultiPolygon,1,MultiPolygon,1
Auckland,"Robbery, blackmail, and extortion",Blackmail or other extortion,Redoubt North.,NZ,Auckland Region,Auckland.,1/07/2025,0716103,Auckland Region,Teritorial Authority,Auckland,Polygon,Polygon,MultiPolygon,MultiPolygon,1,MultiPolygon,1
Auckland,"Robbery, blackmail, and extortion",Aggravated robbery,Three Kings.,NZ,Auckland Region,Auckland.,1/08/2024,0562100,Auckland Region,Teritorial Authority,Auckland,Polygon,Polygon,MultiPolygon,MultiPolygon,1,MultiPolygon,1
Auckland,"Robbery, blackmail, and extortion",Blackmail or other extortion,Half Moon Bay.,NZ,Auckland Region,Auckland.,1/04/2024,0679600,Auckland Region,Teritorial Authority,Auckland,Polygon,Polygon,MultiPolygon,MultiPolygon,1,MultiPolygon,1
Auckland,"Robbery, blackmail, and extortion",Aggravated robbery,Mt Albert Central.,NZ,Auckland Region,Auckland.,1/09/2023,0527900,Auckland Region,Teritorial Authority,Auckland,Polygon,Polygon,MultiPolygon,MultiPolygon,1,MultiPolygon,1
Auckland,"Robbery, blackmail, and extortion",Aggravated robbery,Auckland Central East.,NZ,Auckland Region,Auckland.,1/02/2025,0437500,Auckland Region,Teritorial Authority,Auckland,Polygon,Polygon,MultiPolygon,MultiPolygon,4,MultiPolygon,4
Auckland,"Robbery, blackmail, and extortion",Aggravated robbery,Mangere Bridge.,NZ,Auckland Region,Auckland.,1/03/2024,0721900,Auckland Region,Teritorial Authority,Auckland,Polygon,Polygon,MultiPolygon,MultiPolygon,1,MultiPolygon,1
Auckland,"Robbery, blackmail, and extortion",Aggravated robbery,Favona South.,NZ,Auckland Region,Auckland.,1/05/2025,0730706,Auckland Region,Teritorial Authority,Auckland,Polygon,Polygon,MultiPolygon,MultiPolygon,1,MultiPolygon,1
Auckland,"Robbery, blackmail, and extortion",Aggravated robbery,Westgate.,NZ,Auckland Region,Auckland.,1/01/2025,0224306,Auckland Region,Teritorial Authority,Auckland,Polygon,Polygon,MultiPolygon,MultiPolygon,1,MultiPolygon,1
Auckland,"Robbery, blackmail, and extortion",Aggravated robbery,Mt Wellington South.,NZ,Auckland Region,Auckland.,1/08/2024,0637300,Auckland Region,Teritorial Authority,Auckland,Polygon,Polygon,MultiPolygon,MultiPolygon,1,MultiPolygon,1
Auckland,"Robbery, blackmail, and extortion",Blackmail or other extortion,Wiri.,NZ,Auckland Region,Auckland.,1/04/2024,0780416,Auckland Region,Teritorial Authority,Auckland,Polygon,Polygon,MultiPolygon,MultiPolygon,1,MultiPolygon,1
Auckland,"Robbery, blackmail, and extortion",Aggravated robbery,Manukau Central.,NZ,Auckland Region,Auckland.,1/05/2024,0780204,Auckland Region,Teritorial Authority,Auckland,Polygon,Polygon,MultiPolygon,MultiPolygon,1,MultiPolygon,1
Auckland,"Robbery, blackmail, and extortion",Aggravated robbery,Henderson South.,NZ,Auckland Region,Auckland.,1/06/2025,0244600,Auckland Region,Teritorial Authority,Auckland,Polygon,Polygon,MultiPolygon,MultiPolygon,1,MultiPolygon,1
Auckland,"Robbery, blackmail, and extortion",Blackmail or other extortion,Mt Eden South.,NZ,Auckland Region,Auckland.,1/12/2023,0558900,Auckland Region,Teritorial Authority,Auckland,Polygon,Polygon,MultiPolygon,MultiPolygon,1,MultiPolygon,1
Auckland,"Robbery, blackmail, and extortion",Aggravated robbery,Te Papapa.,NZ,Auckland Region,Auckland.,1/05/2025,0606300,Auckland Region,Teritorial Authority,Auckland,Polygon,Polygon,MultiPolygon,MultiPolygon,1,MultiPolygon,1
Auckland,"Robbery, blackmail, and extortion",Aggravated robbery,Ranui Domain.,NZ,Auckland Region,Auckland.,1/03/2025,0235200,Auckland Region,Teritorial Authority,Auckland,Polygon,Polygon,MultiPolygon,MultiPolygon,1,MultiPolygon,1
Auckland,"Robbery, blackmail, and extortion",Aggravated robbery,Newmarket.,NZ,Auckland Region,Auckland.,1/08/2024,0451200,Auckland Region,Teritorial Authority,Auckland,Polygon,Polygon,MultiPolygon,MultiPolygon,1,MultiPolygon,1
Auckland,"Robbery, blackmail, and extortion",Blackmail or other extortion,Glenavon.,NZ,Auckland Region,Auckland.,1/04/2024,0380900,Auckland Region,Teritorial Authority,Auckland,Polygon,Polygon,MultiPolygon,MultiPolygon,1,MultiPolygon,1
Auckland,"Robbery, blackmail, and extortion",Blackmail or other extortion,Pakuranga Central.,NZ,Auckland Region,Auckland.,1/12/2023,0685700,Auckland Region,Teritorial Authority,Auckland,Polygon,Polygon,MultiPolygon,MultiPolygon,1,MultiPolygon,1
Auckland,"Robbery, blackmail, and extortion",Non-aggravated robbery,Manukau Central.,NZ,Auckland Region,Auckland.,1/05/2024,0780204,Auckland Region,Teritorial Authority,Auckland,Polygon,Polygon,MultiPolygon,MultiPolygon,1,MultiPolygon,1
Auckland,"Robbery, blackmail, and extortion",Aggravated robbery,Papakura North.,NZ,Auckland Region,Auckland.,1/11/2024,0791400,Auckland Region,Teritorial Authority,Auckland,Polygon,Polygon,MultiPolygon,MultiPolygon,1,MultiPolygon,1
Auckland,"Robbery, blackmail, and extortion",Aggravated robbery,Burswood.,NZ,Auckland Region,Auckland.,1/02/2024,0711408,Auckland Region,Teritorial Authority,Auckland,Polygon,Polygon,MultiPolygon,MultiPolygon,1,MultiPolygon,1
Auckland,"Robbery, blackmail, and extortion",Non-aggravated robbery,Hillpark.,NZ,Auckland Region,Auckland.,1/09/2024,0757100,Auckland Region,Teritorial Authority,Auckland,Polygon,Polygon,MultiPolygon,MultiPolygon,1,MultiPolygon,1
Auckland,"Robbery, blackmail, and extortion",Blackmail or other extortion,Papatoetoe East.,NZ,Auckland Region,Auckland.,1/12/2023,0669700,Auckland Region,Teritorial Authority,Auckland,Polygon,Polygon,MultiPolygon,MultiPolygon,1,MultiPolygon,1
Auckland,"Robbery, blackmail, and extortion",Non-aggravated robbery,Puhinui South.,NZ,Auckland Region,Auckland.,1/05/2024,0780205,Auckland Region,Teritorial Authority,Auckland,Polygon,Polygon,MultiPolygon,MultiPolygon,1,MultiPolygon,1
Auckland,"Robbery, blackmail, and extortion",Aggravated robbery,Dingwall.,NZ,Auckland Region,Auckland.,1/10/2024,0666900,Auckland Region,Teritorial Authority,Auckland,Polygon,Polygon,MultiPolygon,MultiPolygon,1,MultiPolygon,1
Auckland,"Robbery, blackmail, and extortion",Aggravated robbery,Pakuranga Central.,NZ,Auckland Region,Auckland.,1/06/2025,0684000,Auckland Region,Teritorial Authority,Auckland,Polygon,Polygon,MultiPolygon,MultiPolygon,1,MultiPolygon,1
Auckland,"Robbery, blackmail, and extortion",Non-aggravated robbery,Ranui Domain.,NZ,Auckland Region,Auckland.,1/03/2025,0235105,Auckland Region,Teritorial Authority,Auckland,Polygon,Polygon,MultiPolygon,MultiPolygon,1,MultiPolygon,1
Auckland,"Robbery, blackmail, and extortion",Blackmail or other extortion,Auckland Central East.,NZ,Auckland Region,Auckland.,1/01/2025,0437600,Auckland Region,Teritorial Authority,Auckland,Polygon,Polygon,MultiPolygon,MultiPolygon,1,MultiPolygon,1
Auckland,"Robbery, blackmail, and extortion",Aggravated robbery,Auckland Central West.,NZ,Auckland Region,Auckland.,1/06/2024,0433200,Auckland Region,Teritorial Authority,Auckland,Polygon,Polygon,MultiPolygon,MultiPolygon,1,MultiPolygon,1
Auckland,"Robbery, blackmail, and extortion",Non-aggravated robbery,Tangutu.,NZ,Auckland Region,Auckland.,1/10/2024,0282701,Auckland Region,Teritorial Authority,Auckland,Polygon,Polygon,MultiPolygon,MultiPolygon,1,MultiPolygon,1
Auckland,"Robbery, blackmail, and extortion",Blackmail or other extortion,Hobsonville East.,NZ,Auckland Region,Auckland.,1/05/2025,0221802,Auckland Region,Teritorial Authority,Auckland,Polygon,Polygon,MultiPolygon,MultiPolygon,1,MultiPolygon,1
Auckland,"Robbery, blackmail, and extortion",Blackmail or other extortion,Glen Innes North.,NZ,Auckland Region,Auckland.,1/04/2024,0467700,Auckland Region,Teritorial Authority,Auckland,Polygon,Polygon,MultiPolygon,MultiPolygon,1,MultiPolygon,1
Auckland,"Robbery, blackmail, and extortion",Aggravated robbery,Rongomai.,NZ,Auckland Region,Auckland.,1/04/2024,0713005,Auckland Region,Teritorial Authority,Auckland,Polygon,Polygon,MultiPolygon,MultiPolygon,1,MultiPolygon,1
Auckland,"Robbery, blackmail, and extortion",Aggravated robbery,Mission Bay.,NZ,Auckland Region,Auckland.,1/09/2024,0501800,Auckland Region,Teritorial Authority,Auckland,Polygon,Polygon,MultiPolygon,MultiPolygon,1,MultiPolygon,1
Auckland,"Robbery, blackmail, and extortion",Aggravated robbery,Sandringham East.,NZ,Auckland Region,Auckland.,1/06/2024,0539600,Auckland Region,Teritorial Authority,Auckland,Polygon,Polygon,MultiPolygon,MultiPolygon,1,MultiPolygon,1
Auckland,"Robbery, blackmail, and extortion",Aggravated robbery,Manurewa Central.,NZ,Auckland Region,Auckland.,1/05/2025,0751600,Auckland Region,Teritorial Authority,Auckland,Polygon,Polygon,MultiPolygon,MultiPolygon,1,MultiPolygon,1
Auckland,"Robbery, blackmail, and extortion",Blackmail or other extortion,Papakura East.,NZ,Auckland Region,Auckland.,1/05/2025,0797400,Auckland Region,Teritorial Authority,Auckland,Polygon,Polygon,MultiPolygon,MultiPolygon,1,MultiPolygon,1
Auckland,"Robbery, blackmail, and extortion",Blackmail or other extortion,Ambury.,NZ,Auckland Region,Auckland.,1/04/2025,0725200,Auckland Region,Teritorial Authority,Auckland,MultiPolygon,Polygon,MultiPolygon,MultiPolygon,1,MultiPolygon,1
Auckland,"Robbery, blackmail, and extortion",Non-aggravated robbery,Manurewa Central.,NZ,Auckland Region,Auckland.,1/04/2024,0751600,Auckland Region,Teritorial Authority,Auckland,Polygon,Polygon,MultiPolygon,MultiPolygon,1,MultiPolygon,1
Auckland,"Robbery, blackmail, and extortion",Blackmail or other extortion,Redoubt South.,NZ,Auckland Region,Auckland.,1/12/2023,0760138,Auckland Region,Teritorial Authority,Auckland,Polygon,Polygon,MultiPolygon,MultiPolygon,1,MultiPolygon,1
Auckland,"Robbery, blackmail, and extortion",Blackmail or other extortion,Mt Wellington North.,NZ,Auckland Region,Auckland.,1/01/2025,0626802,Auckland Region,Teritorial Authority,Auckland,Polygon,Polygon,MultiPolygon,MultiPolygon,1,MultiPolygon,1
Auckland,"Robbery, blackmail, and extortion",Aggravated robbery,Burswood.,NZ,Auckland Region,Auckland.,1/05/2024,0711408,Auckland Region,Teritorial Authority,Auckland,Polygon,Polygon,MultiPolygon,MultiPolygon,1,MultiPolygon,1
Auckland,"Robbery, blackmail, and extortion",Blackmail or other extortion,St Lukes.,NZ,Auckland Region,Auckland.,1/12/2023,0533400,Auckland Region,Teritorial Authority,Auckland,Polygon,Polygon,MultiPolygon,MultiPolygon,1,MultiPolygon,1
Auckland,"Robbery, blackmail, and extortion",Aggravated robbery,Akarana.,NZ,Auckland Region,Auckland.,1/01/2024,0582200,Auckland Region,Teritorial Authority,Auckland,Polygon,Polygon,MultiPolygon,MultiPolygon,1,MultiPolygon,1
Auckland,"Robbery, blackmail, and extortion",Aggravated robbery,Glen Innes West.,NZ,Auckland Region,Auckland.,1/06/2024,0470700,Auckland Region,Teritorial Authority,Auckland,Polygon,Polygon,MultiPolygon,MultiPolygon,1,MultiPolygon,1
Auckland,"Robbery, blackmail, and extortion",Aggravated robbery,Auckland Central East.,NZ,Auckland Region,Auckland.,1/05/2025,0436500,Auckland Region,Teritorial Authority,Auckland,Polygon,Polygon,MultiPolygon,MultiPolygon,1,MultiPolygon,1
Auckland,"Robbery, blackmail, and extortion",Blackmail or other extortion,Pukekohe North.,NZ,Auckland Region,Auckland.,1/05/2025,0816530,Auckland Region,Teritorial Authority,Auckland,Polygon,Polygon,MultiPolygon,MultiPolygon,1,MultiPolygon,1
Auckland,"Robbery, blackmail, and extortion",Aggravated robbery,Hillpark.,NZ,Auckland Region,Auckland.,1/01/2025,0755900,Auckland Region,Teritorial Authority,Auckland,Polygon,Polygon,MultiPolygon,MultiPolygon,2,MultiPolygon,2
Auckland,"Robbery, blackmail, and extortion",Blackmail or other extortion,Papatoetoe North.,NZ,Auckland Region,Auckland.,1/04/2025,0661000,Auckland Region,Teritorial Authority,Auckland,Polygon,Polygon,MultiPolygon,MultiPolygon,1,MultiPolygon,1
Auckland,"Robbery, blackmail, and extortion",Aggravated robbery,Mangere South.,NZ,Auckland Region,Auckland.,1/09/2023,0726300,Auckland Region,Teritorial Authority,Auckland,MultiPolygon,Polygon,MultiPolygon,MultiPolygon,1,MultiPolygon,1
Auckland,"Robbery, blackmail, and extortion",Blackmail or other extortion,Arahanga.,NZ,Auckland Region,Auckland.,1/01/2024,0737301,Auckland Region,Teritorial Authority,Auckland,Polygon,Polygon,MultiPolygon,MultiPolygon,1,MultiPolygon,1
Auckland,"Robbery, blackmail, and extortion",Non-aggravated robbery,Glenavon.,NZ,Auckland Region,Auckland.,1/01/2024,0378401,Auckland Region,Teritorial Authority,Auckland,Polygon,Polygon,MultiPolygon,MultiPolygon,1,MultiPolygon,1
Auckland,"Robbery, blackmail, and extortion",Aggravated robbery,Tangutu.,NZ,Auckland Region,Auckland.,1/12/2023,0282602,Auckland Region,Teritorial Authority,Auckland,Polygon,Polygon,MultiPolygon,MultiPolygon,1,MultiPolygon,1
Auckland,"Robbery, blackmail, and extortion",Aggravated robbery,Glen Eden East.,NZ,Auckland Region,Auckland.,1/11/2023,0284900,Auckland Region,Teritorial Authority,Auckland,Polygon,Polygon,MultiPolygon,MultiPolygon,1,MultiPolygon,1
Auckland,"Robbery, blackmail, and extortion",Blackmail or other extortion,Harania East.,NZ,Auckland Region,Auckland.,1/04/2025,0732601,Auckland Region,Teritorial Authority,Auckland,Polygon,Polygon,MultiPolygon,MultiPolygon,1,MultiPolygon,1
Auckland,"Robbery, blackmail, and extortion",Non-aggravated robbery,Lynnmall.,NZ,Auckland Region,Auckland.,1/01/2025,0266000,Auckland Region,Teritorial Authority,Auckland,Polygon,Polygon,MultiPolygon,MultiPolygon,2,MultiPolygon,2
Auckland,"Robbery, blackmail, and extortion",Blackmail or other extortion,Owairaka East.,NZ,Auckland Region,Auckland.,1/04/2025,0522000,Auckland Region,Teritorial Authority,Auckland,Polygon,Polygon,MultiPolygon,MultiPolygon,1,MultiPolygon,1
Auckland,"Robbery, blackmail, and extortion",Aggravated robbery,Harania East.,NZ,Auckland Region,Auckland.,1/09/2023,0732300,Auckland Region,Teritorial Authority,Auckland,Polygon,Polygon,MultiPolygon,MultiPolygon,1,MultiPolygon,1
Auckland,"Robbery, blackmail, and extortion",Blackmail or other extortion,Greenmount.,NZ,Auckland Region,Auckland.,1/01/2024,0711717,Auckland Region,Teritorial Authority,Auckland,Polygon,Polygon,MultiPolygon,MultiPolygon,1,MultiPolygon,1
Auckland,"Robbery, blackmail, and extortion",Aggravated robbery,Favona North.,NZ,Auckland Region,Auckland.,1/01/2024,0730001,Auckland Region,Teritorial Authority,Auckland,MultiPolygon,Polygon,MultiPolygon,MultiPolygon,1,MultiPolygon,1
Auckland,"Robbery, blackmail, and extortion",Non-aggravated robbery,Manukau Central.,NZ,Auckland Region,Auckland.,1/11/2023,0780204,Auckland Region,Teritorial Authority,Auckland,Polygon,Polygon,MultiPolygon,MultiPolygon,1,MultiPolygon,1
Auckland,"Robbery, blackmail, and extortion",Blackmail or other extortion,Point View.,NZ,Auckland Region,Auckland.,1/05/2025,0712033,Auckland Region,Teritorial Authority,Auckland,Polygon,Polygon,MultiPolygon,MultiPolygon,1,MultiPolygon,1
Auckland,"Robbery, blackmail, and extortion",Aggravated robbery,Rongomai.,NZ,Auckland Region,Auckland.,1/08/2024,0713005,Auckland Region,Teritorial Authority,Auckland,Polygon,Polygon,MultiPolygon,MultiPolygon,2,MultiPolygon,2
Auckland,"Robbery, blackmail, and extortion",Blackmail or other extortion,Mt St John.,NZ,Auckland Region,Auckland.,1/11/2024,0614100,Auckland Region,Teritorial Authority,Auckland,Polygon,Polygon,MultiPolygon,MultiPolygon,1,MultiPolygon,1
Auckland,"Robbery, blackmail, and extortion",Aggravated robbery,Auckland Central West.,NZ,Auckland Region,Auckland.,1/03/2024,0434802,Auckland Region,Teritorial Authority,Auckland,Polygon,Polygon,MultiPolygon,MultiPolygon,2,MultiPolygon,2
Auckland,"Robbery, blackmail, and extortion",Aggravated robbery,Auckland Central East.,NZ,Auckland Region,Auckland.,1/01/2025,0436100,Auckland Region,Teritorial Authority,Auckland,Polygon,Polygon,MultiPolygon,MultiPolygon,1,MultiPolygon,1
Auckland,"Robbery, blackmail, and extortion",Blackmail or other extortion,Hamlin.,NZ,Auckland Region,Auckland.,1/01/2024,0640300,Auckland Region,Teritorial Authority,Auckland,Polygon,Polygon,MultiPolygon,MultiPolygon,1,MultiPolygon,1
Auckland,"Robbery, blackmail, and extortion",Aggravated robbery,Ferndale.,NZ,Auckland Region,Auckland.,1/12/2023,0642801,Auckland Region,Teritorial Authority,Auckland,Polygon,Polygon,MultiPolygon,MultiPolygon,1,MultiPolygon,1
Auckland,"Robbery, blackmail, and extortion",Non-aggravated robbery,Fairburn.,NZ,Auckland Region,Auckland.,1/11/2023,0788201,Auckland Region,Teritorial Authority,Auckland,Polygon,Polygon,MultiPolygon,MultiPolygon,1,MultiPolygon,1
Auckland,"Robbery, blackmail, and extortion",Blackmail or other extortion,Otara West.,NZ,Auckland Region,Auckland.,1/05/2025,0698300,Auckland Region,Teritorial Authority,Auckland,Polygon,Polygon,MultiPolygon,MultiPolygon,1,MultiPolygon,1
Auckland,"Robbery, blackmail, and extortion",Blackmail or other extortion,Mangere East.,NZ,Auckland Region,Auckland.,1/05/2025,0749002,Auckland Region,Teritorial Authority,Auckland,Polygon,Polygon,MultiPolygon,MultiPolygon,1,MultiPolygon,1
Auckland,"Robbery, blackmail, and extortion",Aggravated robbery,Mangere Bridge.,NZ,Auckland Region,Auckland.,1/08/2024,0725400,Auckland Region,Teritorial Authority,Auckland,Polygon,Polygon,MultiPolygon,MultiPolygon,2,MultiPolygon,2
Auckland,"Robbery, blackmail, and extortion",Blackmail or other extortion,Lynfield South.,NZ,Auckland Region,Auckland.,1/12/2024,0587200,Auckland Region,Teritorial Authority,Auckland,Polygon,Polygon,MultiPolygon,MultiPolygon,1,MultiPolygon,1
Auckland,"Robbery, blackmail, and extortion",Aggravated robbery,Burbank.,NZ,Auckland Region,Auckland.,1/03/2024,0774900,Auckland Region,Teritorial Authority,Auckland,Polygon,Polygon,MultiPolygon,MultiPolygon,2,MultiPolygon,2
Auckland,"Robbery, blackmail, and extortion",Non-aggravated robbery,Manurewa Central.,NZ,Auckland Region,Auckland.,1/02/2025,0751500,Auckland Region,Teritorial Authority,Auckland,Polygon,Polygon,MultiPolygon,MultiPolygon,1,MultiPolygon,1
Auckland,"Robbery, blackmail, and extortion",Blackmail or other extortion,Kohuora.,NZ,Auckland Region,Auckland.,1/01/2024,0657200,Auckland Region,Teritorial Authority,Auckland,Polygon,Polygon,MultiPolygon,MultiPolygon,1,MultiPolygon,1
Auckland,"Robbery, blackmail, and extortion",Non-aggravated robbery,Balmoral.,NZ,Auckland Region,Auckland.,1/12/2023,0553400,Auckland Region,Teritorial Authority,Auckland,Polygon,Polygon,MultiPolygon,MultiPolygon,1,MultiPolygon,1
Auckland,"Robbery, blackmail, and extortion",Aggravated robbery,Waikowhai East.,NZ,Auckland Region,Auckland.,1/11/2023,0589802,Auckland Region,Teritorial Authority,Auckland,Polygon,Polygon,MultiPolygon,MultiPolygon,1,MultiPolygon,1
Auckland,"Robbery, blackmail, and extortion",Blackmail or other extortion,Homai West.,NZ,Auckland Region,Auckland.,1/05/2025,0779300,Auckland Region,Teritorial Authority,Auckland,Polygon,Polygon,MultiPolygon,MultiPolygon,1,MultiPolygon,1
Auckland,"Robbery, blackmail, and extortion",Non-aggravated robbery,Manurewa Central.,NZ,Auckland Region,Auckland.,1/02/2025,0752100,Auckland Region,Teritorial Authority,Auckland,Polygon,Polygon,MultiPolygon,MultiPolygon,1,MultiPolygon,1
Auckland,"Robbery, blackmail, and extortion",Blackmail or other extortion,One Tree Hill East.,NZ,Auckland Region,Auckland.,1/01/2024,0619300,Auckland Region,Teritorial Authority,Auckland,Polygon,Polygon,MultiPolygon,MultiPolygon,1,MultiPolygon,1
Auckland,"Robbery, blackmail, and extortion",Aggravated robbery,Point Chevalier West.,NZ,Auckland Region,Auckland.,1/12/2023,0393200,Auckland Region,Teritorial Authority,Auckland,Polygon,Polygon,MultiPolygon,MultiPolygon,1,MultiPolygon,1
Auckland,"Robbery, blackmail, and extortion",Non-aggravated robbery,One Tree Hill Central.,NZ,Auckland Region,Auckland.,1/05/2025,0624000,Auckland Region,Teritorial Authority,Auckland,Polygon,Polygon,MultiPolygon,MultiPolygon,1,MultiPolygon,1
Auckland,"Robbery, blackmail, and extortion",Aggravated robbery,Newmarket.,NZ,Auckland Region,Auckland.,1/06/2024,0451300,Auckland Region,Teritorial Authority,Auckland,Polygon,Polygon,MultiPolygon,MultiPolygon,2,MultiPolygon,2
Auckland,"Robbery, blackmail, and extortion",Blackmail or other extortion,Waitaramoa.,NZ,Auckland Region,Auckland.,1/12/2024,0484800,Auckland Region,Teritorial Authority,Auckland,Polygon,Polygon,MultiPolygon,MultiPolygon,1,MultiPolygon,1
Auckland,"Robbery, blackmail, and extortion",Aggravated robbery,Glen Eden East.,NZ,Auckland Region,Auckland.,1/10/2023,0286200,Auckland Region,Teritorial Authority,Auckland,Polygon,Polygon,MultiPolygon,MultiPolygon,3,MultiPolygon,3
Auckland,"Robbery, blackmail, and extortion",Blackmail or other extortion,Roberton.,NZ,Auckland Region,Auckland.,1/05/2025,0382700,Auckland Region,Teritorial Authority,Auckland,Polygon,Polygon,MultiPolygon,MultiPolygon,1,MultiPolygon,1
Auckland,"Robbery, blackmail, and extortion",Non-aggravated robbery,Viscount.,NZ,Auckland Region,Auckland.,1/02/2025,0738700,Auckland Region,Teritorial Authority,Auckland,Polygon,Polygon,MultiPolygon,MultiPolygon,1,MultiPolygon,1
Auckland,"Robbery, blackmail, and extortion",Blackmail or other extortion,St Heliers.,NZ,Auckland Region,Auckland.,1/01/2024,0511900,Auckland Region,Teritorial Authority,Auckland,Polygon,Polygon,MultiPolygon,MultiPolygon,1,MultiPolygon,1
Auckland,"Robbery, blackmail, and extortion",Non-aggravated robbery,Onehunga South East.,NZ,Auckland Region,Auckland.,1/07/2024,0601700,Auckland Region,Teritorial Authority,Auckland,Polygon,Polygon,MultiPolygon,MultiPolygon,1,MultiPolygon,1
Auckland,"Robbery, blackmail, and extortion",Aggravated robbery,Otara North.,NZ,Auckland Region,Auckland.,1/06/2025,0700602,Auckland Region,Teritorial Authority,Auckland,Polygon,Polygon,MultiPolygon,MultiPolygon,1,MultiPolygon,1
Auckland,"Robbery, blackmail, and extortion",Blackmail or other extortion,Dairy Flat-Redvale.,NZ,Auckland Region,Auckland.,1/01/2025,0175909,Auckland Region,Teritorial Authority,Auckland,Polygon,Polygon,MultiPolygon,MultiPolygon,1,MultiPolygon,1
Auckland,"Robbery, blackmail, and extortion",Blackmail or other extortion,Matakana.,NZ,Auckland Region,Auckland.,1/03/2024,0138203,Auckland Region,Teritorial Authority,Auckland,Polygon,Polygon,MultiPolygon,MultiPolygon,1,MultiPolygon,1
Auckland,"Robbery, blackmail, and extortion",Blackmail or other extortion,Harania East.,NZ,Auckland Region,Auckland.,1/12/2024,0732601,Auckland Region,Teritorial Authority,Auckland,Polygon,Polygon,MultiPolygon,MultiPolygon,1,MultiPolygon,1
Auckland,"Robbery, blackmail, and extortion",Blackmail or other extortion,Parnell West.,NZ,Auckland Region,Auckland.,1/12/2024,0453700,Auckland Region,Teritorial Authority,Auckland,Polygon,Polygon,MultiPolygon,MultiPolygon,1,MultiPolygon,1
Auckland,"Robbery, blackmail, and extortion",Blackmail or other extortion,Fairdene.,NZ,Auckland Region,Auckland.,1/03/2025,0232203,Auckland Region,Teritorial Authority,Auckland,Polygon,Polygon,MultiPolygon,MultiPolygon,1,MultiPolygon,1
Auckland,"Robbery, blackmail, and extortion",Blackmail or other extortion,Monarch Park.,NZ,Auckland Region,Auckland.,1/03/2024,0206500,Auckland Region,Teritorial Authority,Auckland,Polygon,Polygon,MultiPolygon,MultiPolygon,1,MultiPolygon,1
Auckland,"Robbery, blackmail, and extortion",Blackmail or other extortion,Grey Lynn East.,NZ,Auckland Region,Auckland.,1/05/2025,0410400,Auckland Region,Teritorial Authority,Auckland,Polygon,Polygon,MultiPolygon,MultiPolygon,1,MultiPolygon,1
Auckland,"Robbery, blackmail, and extortion",Aggravated robbery,Royal Oak.,NZ,Auckland Region,Auckland.,1/02/2025,0565500,Auckland Region,Teritorial Authority,Auckland,Polygon,Polygon,MultiPolygon,MultiPolygon,1,MultiPolygon,1
Auckland,"Robbery, blackmail, and extortion",Blackmail or other extortion,Three Kings.,NZ,Auckland Region,Auckland.,1/01/2024,0562400,Auckland Region,Teritorial Authority,Auckland,Polygon,Polygon,MultiPolygon,MultiPolygon,1,MultiPolygon,1
Auckland,"Robbery, blackmail, and extortion",Aggravated robbery,Glen Innes West.,NZ,Auckland Region,Auckland.,1/09/2024,0475400,Auckland Region,Teritorial Authority,Auckland,Polygon,Polygon,MultiPolygon,MultiPolygon,1,MultiPolygon,1
Auckland,"Robbery, blackmail, and extortion",Aggravated robbery,Auckland Central East.,NZ,Auckland Region,Auckland.,1/06/2025,0437600,Auckland Region,Teritorial Authority,Auckland,Polygon,Polygon,MultiPolygon,MultiPolygon,1,MultiPolygon,1
Auckland,"Robbery, blackmail, and extortion",Non-aggravated robbery,Auckland Central West.,NZ,Auckland Region,Auckland.,1/07/2025,0433401,Auckland Region,Teritorial Authority,Auckland,Polygon,Polygon,MultiPolygon,MultiPolygon,1,MultiPolygon,1
Auckland,"Robbery, blackmail, and extortion",Non-aggravated robbery,Papatoetoe North.,NZ,Auckland Region,Auckland.,1/03/2025,0660700,Auckland Region,Teritorial Authority,Auckland,Polygon,Polygon,MultiPolygon,MultiPolygon,1,MultiPolygon,1
Auckland,"Robbery, blackmail, and extortion",Blackmail or other extortion,Wattle Farm.,NZ,Auckland Region,Auckland.,1/01/2024,0768500,Auckland Region,Teritorial Authority,Auckland,Polygon,Polygon,MultiPolygon,MultiPolygon,1,MultiPolygon,1
Auckland,"Robbery, blackmail, and extortion",Aggravated robbery,Donegal Park.,NZ,Auckland Region,Auckland.,1/09/2024,0713016,Auckland Region,Teritorial Authority,Auckland,Polygon,Polygon,MultiPolygon,MultiPolygon,1,MultiPolygon,1
Auckland,"Robbery, blackmail, and extortion",Aggravated robbery,Glen Innes East.,NZ,Auckland Region,Auckland.,1/04/2025,0473300,Auckland Region,Teritorial Authority,Auckland,Polygon,Polygon,MultiPolygon,MultiPolygon,1,MultiPolygon,1
Auckland,"Robbery, blackmail, and extortion",Blackmail or other extortion,Glendene North.,NZ,Auckland Region,Auckland.,1/07/2024,0274800,Auckland Region,Teritorial Authority,Auckland,Polygon,Polygon,MultiPolygon,MultiPolygon,1,MultiPolygon,1
Auckland,"Robbery, blackmail, and extortion",Blackmail or other extortion,Matipo.,NZ,Auckland Region,Auckland.,1/02/2024,0245400,Auckland Region,Teritorial Authority,Auckland,Polygon,Polygon,MultiPolygon,MultiPolygon,1,MultiPolygon,1
Auckland,"Robbery, blackmail, and extortion",Aggravated robbery,Sandringham North.,NZ,Auckland Region,Auckland.,1/12/2024,0536100,Auckland Region,Teritorial Authority,Auckland,Polygon,Polygon,MultiPolygon,MultiPolygon,1,MultiPolygon,1
Auckland,"Robbery, blackmail, and extortion",Non-aggravated robbery,Dannemora.,NZ,Auckland Region,Auckland.,1/11/2024,0711709,Auckland Region,Teritorial Authority,Auckland,Polygon,Polygon,MultiPolygon,MultiPolygon,1,MultiPolygon,1
Auckland,"Robbery, blackmail, and extortion",Blackmail or other extortion,Murrays Bay.,NZ,Auckland Region,Auckland.,1/02/2024,0154300,Auckland Region,Teritorial Authority,Auckland,Polygon,Polygon,MultiPolygon,MultiPolygon,1,MultiPolygon,1
Auckland,"Robbery, blackmail, and extortion",Blackmail or other extortion,Albany.,NZ,Auckland Region,Auckland.,1/08/2024,0178708,Auckland Region,Teritorial Authority,Auckland,Polygon,Polygon,MultiPolygon,MultiPolygon,1,MultiPolygon,1
Auckland,"Robbery, blackmail, and extortion",Blackmail or other extortion,Kohimarama West.,NZ,Auckland Region,Auckland.,1/05/2025,0505900,Auckland Region,Teritorial Authority,Auckland,Polygon,Polygon,MultiPolygon,MultiPolygon,1,MultiPolygon,1
Auckland,"Robbery, blackmail, and extortion",Aggravated robbery,Burbank.,NZ,Auckland Region,Auckland.,1/11/2024,0775000,Auckland Region,Teritorial Authority,Auckland,Polygon,Polygon,MultiPolygon,MultiPolygon,1,MultiPolygon,1
Auckland,"Robbery, blackmail, and extortion",Aggravated robbery,Meadowland.,NZ,Auckland Region,Auckland.,1/01/2025,0711035,Auckland Region,Teritorial Authority,Auckland,Polygon,Polygon,MultiPolygon,MultiPolygon,2,MultiPolygon,2
Auckland,"Robbery, blackmail, and extortion",Blackmail or other extortion,Beachhaven North.,NZ,Auckland Region,Auckland.,1/11/2023,0341200,Auckland Region,Teritorial Authority,Auckland,Polygon,Polygon,MultiPolygon,MultiPolygon,1,MultiPolygon,1
Auckland,"Robbery, blackmail, and extortion",Non-aggravated robbery,Homai East.,NZ,Auckland Region,Auckland.,1/05/2025,0778200,Auckland Region,Teritorial Authority,Auckland,Polygon,Polygon,MultiPolygon,MultiPolygon,2,MultiPolygon,2
Auckland,"Robbery, blackmail, and extortion",Aggravated robbery,Sunnyvale.,NZ,Auckland Region,Auckland.,1/01/2024,0277902,Auckland Region,Teritorial Authority,Auckland,Polygon,Polygon,MultiPolygon,MultiPolygon,1,MultiPolygon,1
Auckland,"Robbery, blackmail, and extortion",Aggravated robbery,Mangere East.,NZ,Auckland Region,Auckland.,1/12/2024,0748000,Auckland Region,Teritorial Authority,Auckland,Polygon,Polygon,MultiPolygon,MultiPolygon,1,MultiPolygon,1
Auckland,"Robbery, blackmail, and extortion",Blackmail or other extortion,Grafton West.,NZ,Auckland Region,Auckland.,1/04/2025,0440903,Auckland Region,Teritorial Authority,Auckland,Polygon,Polygon,MultiPolygon,MultiPolygon,2,MultiPolygon,2
Auckland,"Robbery, blackmail, and extortion",Blackmail or other extortion,Mairangi Bay.,NZ,Auckland Region,Auckland.,1/02/2024,0149900,Auckland Region,Teritorial Authority,Auckland,Polygon,Polygon,MultiPolygon,MultiPolygon,1,MultiPolygon,1
Auckland,"Robbery, blackmail, and extortion",Blackmail or other extortion,Army Bay.,NZ,Auckland Region,Auckland.,1/08/2024,0175004,Auckland Region,Teritorial Authority,Auckland,MultiPolygon,Polygon,MultiPolygon,MultiPolygon,1,MultiPolygon,1
Auckland,"Robbery, blackmail, and extortion",Blackmail or other extortion,Tangutu.,NZ,Auckland Region,Auckland.,1/06/2025,0282701,Auckland Region,Teritorial Authority,Auckland,Polygon,Polygon,MultiPolygon,MultiPolygon,1,MultiPolygon,1
Auckland,"Robbery, blackmail, and extortion",Blackmail or other extortion,Glenfield North.,NZ,Auckland Region,Auckland.,1/11/2023,0199600,Auckland Region,Teritorial Authority,Auckland,Polygon,Polygon,MultiPolygon,MultiPolygon,1,MultiPolygon,1
Auckland,"Robbery, blackmail, and extortion",Non-aggravated robbery,Edmonton.,NZ,Auckland Region,Auckland.,1/05/2025,0256600,Auckland Region,Teritorial Authority,Auckland,Polygon,Polygon,MultiPolygon,MultiPolygon,1,MultiPolygon,1
Auckland,"Robbery, blackmail, and extortion",Aggravated robbery,Awaruku.,NZ,Auckland Region,Auckland.,1/01/2025,0166000,Auckland Region,Teritorial Authority,Auckland,Polygon,Polygon,MultiPolygon,MultiPolygon,1,MultiPolygon,1
Auckland,"Robbery, blackmail, and extortion",Aggravated robbery,Auckland Harbourside.,NZ,Auckland Region,Auckland.,1/05/2024,0438103,Auckland Region,Teritorial Authority,Auckland,Polygon,Polygon,MultiPolygon,MultiPolygon,1,MultiPolygon,1
Auckland,"Robbery, blackmail, and extortion",Aggravated robbery,Newmarket.,NZ,Auckland Region,Auckland.,1/04/2024,0451300,Auckland Region,Teritorial Authority,Auckland,Polygon,Polygon,MultiPolygon,MultiPolygon,2,MultiPolygon,2
Auckland,"Robbery, blackmail, and extortion",Blackmail or other extortion,North Harbour West.,NZ,Auckland Region,Auckland.,1/04/2024,0179902,Auckland Region,Teritorial Authority,Auckland,Polygon,Polygon,MultiPolygon,MultiPolygon,1,MultiPolygon,1
Auckland,"Robbery, blackmail, and extortion",Blackmail or other extortion,Kauri Park.,NZ,Auckland Region,Auckland.,1/08/2024,0354600,Auckland Region,Teritorial Authority,Auckland,Polygon,Polygon,MultiPolygon,MultiPolygon,1,MultiPolygon,1
Auckland,"Robbery, blackmail, and extortion",Blackmail or other extortion,Wattle Farm.,NZ,Auckland Region,Auckland.,1/06/2025,0769200,Auckland Region,Teritorial Authority,Auckland,Polygon,Polygon,MultiPolygon,MultiPolygon,1,MultiPolygon,1
Auckland,"Robbery, blackmail, and extortion",Blackmail or other extortion,Henderson South.,NZ,Auckland Region,Auckland.,1/11/2023,0242900,Auckland Region,Teritorial Authority,Auckland,Polygon,Polygon,MultiPolygon,MultiPolygon,1,MultiPolygon,1
Auckland,"Robbery, blackmail, and extortion",Aggravated robbery,Matipo.,NZ,Auckland Region,Auckland.,1/11/2024,0247400,Auckland Region,Teritorial Authority,Auckland,Polygon,Polygon,MultiPolygon,MultiPolygon,1,MultiPolygon,1
Auckland,"Robbery, blackmail, and extortion",Aggravated robbery,Henderson North.,NZ,Auckland Region,Auckland.,1/02/2025,0239200,Auckland Region,Teritorial Authority,Auckland,Polygon,Polygon,MultiPolygon,MultiPolygon,1,MultiPolygon,1
Auckland,"Robbery, blackmail, and extortion",Aggravated robbery,Favona North.,NZ,Auckland Region,Auckland.,1/08/2024,0730500,Auckland Region,Teritorial Authority,Auckland,MultiPolygon,Polygon,MultiPolygon,MultiPolygon,1,MultiPolygon,1
Auckland,"Robbery, blackmail, and extortion",Aggravated robbery,Ferguson.,NZ,Auckland Region,Auckland.,1/04/2025,0710100,Auckland Region,Teritorial Authority,Auckland,Polygon,Polygon,MultiPolygon,MultiPolygon,2,MultiPolygon,2
Auckland,"Robbery, blackmail, and extortion",Blackmail or other extortion,Torbay.,NZ,Auckland Region,Auckland.,1/08/2023,0170000,Auckland Region,Teritorial Authority,Auckland,Polygon,Polygon,MultiPolygon,MultiPolygon,1,MultiPolygon,1
Auckland,"Robbery, blackmail, and extortion",Blackmail or other extortion,Snells Beach.,NZ,Auckland Region,Auckland.,1/08/2024,0139507,Auckland Region,Teritorial Authority,Auckland,Polygon,Polygon,MultiPolygon,MultiPolygon,1,MultiPolygon,1
Auckland,"Robbery, blackmail, and extortion",Blackmail or other extortion,One Tree Hill East.,NZ,Auckland Region,Auckland.,1/07/2025,0616900,Auckland Region,Teritorial Authority,Auckland,Polygon,Polygon,MultiPolygon,MultiPolygon,1,MultiPolygon,1
Auckland,"Robbery, blackmail, and extortion",Blackmail or other extortion,Manly.,NZ,Auckland Region,Auckland.,1/11/2023,0174802,Auckland Region,Teritorial Authority,Auckland,Polygon,Polygon,MultiPolygon,MultiPolygon,1,MultiPolygon,1
Auckland,"Robbery, blackmail, and extortion",Aggravated robbery,Hillpark.,NZ,Auckland Region,Auckland.,1/10/2024,0757100,Auckland Region,Teritorial Authority,Auckland,Polygon,Polygon,MultiPolygon,MultiPolygon,1,MultiPolygon,1
Auckland,"Robbery, blackmail, and extortion",Aggravated robbery,Auckland Harbourside.,NZ,Auckland Region,Auckland.,1/01/2024,0438103,Auckland Region,Teritorial Authority,Auckland,Polygon,Polygon,MultiPolygon,MultiPolygon,1,MultiPolygon,1
Auckland,"Robbery, blackmail, and extortion",Aggravated robbery,Manukau Central.,NZ,Auckland Region,Auckland.,1/09/2024,0780403,Auckland Region,Teritorial Authority,Auckland,Polygon,Polygon,MultiPolygon,MultiPolygon,1,MultiPolygon,1
Auckland,"Robbery, blackmail, and extortion",Aggravated robbery,Manukau Central.,NZ,Auckland Region,Auckland.,1/12/2024,0780204,Auckland Region,Teritorial Authority,Auckland,Polygon,Polygon,MultiPolygon,MultiPolygon,2,MultiPolygon,2
Auckland,"Robbery, blackmail, and extortion",Blackmail or other extortion,Paremoremo East.,NZ,Auckland Region,Auckland.,1/08/2023,0179502,Auckland Region,Teritorial Authority,Auckland,Polygon,Polygon,MultiPolygon,MultiPolygon,1,MultiPolygon,1
Auckland,"Robbery, blackmail, and extortion",Non-aggravated robbery,Kaipatiki.,NZ,Auckland Region,Auckland.,1/02/2025,0187200,Auckland Region,Teritorial Authority,Auckland,Polygon,Polygon,MultiPolygon,MultiPolygon,1,MultiPolygon,1
Auckland,"Robbery, blackmail, and extortion",Blackmail or other extortion,Elsmore Park.,NZ,Auckland Region,Auckland.,1/07/2025,0682000,Auckland Region,Teritorial Authority,Auckland,Polygon,Polygon,MultiPolygon,MultiPolygon,2,MultiPolygon,2
Auckland,"Robbery, blackmail, and extortion",Blackmail or other extortion,Rothesay Bay.,NZ,Auckland Region,Auckland.,1/12/2023,0157400,Auckland Region,Teritorial Authority,Auckland,Polygon,Polygon,MultiPolygon,MultiPolygon,1,MultiPolygon,1
Auckland,"Robbery, blackmail, and extortion",Non-aggravated robbery,Favona South.,NZ,Auckland Region,Auckland.,1/11/2023,0730713,Auckland Region,Teritorial Authority,Auckland,Polygon,Polygon,MultiPolygon,MultiPolygon,1,MultiPolygon,1
Auckland,"Robbery, blackmail, and extortion",Non-aggravated robbery,Manukau Central.,NZ,Auckland Region,Auckland.,1/01/2024,0780209,Auckland Region,Teritorial Authority,Auckland,Polygon,Polygon,MultiPolygon,MultiPolygon,1,MultiPolygon,1
Auckland,"Robbery, blackmail, and extortion",Blackmail or other extortion,Roberton.,NZ,Auckland Region,Auckland.,1/06/2024,0382200,Auckland Region,Teritorial Authority,Auckland,Polygon,Polygon,MultiPolygon,MultiPolygon,1,MultiPolygon,1
Auckland,"Robbery, blackmail, and extortion",Blackmail or other extortion,Hobsonville East.,NZ,Auckland Region,Auckland.,1/04/2024,0222200,Auckland Region,Teritorial Authority,Auckland,Polygon,Polygon,MultiPolygon,MultiPolygon,1,MultiPolygon,1
Auckland,"Robbery, blackmail, and extortion",Blackmail or other extortion,Windy Ridge.,NZ,Auckland Region,Auckland.,1/08/2023,0189200,Auckland Region,Teritorial Authority,Auckland,Polygon,Polygon,MultiPolygon,MultiPolygon,1,MultiPolygon,1
Auckland,"Robbery, blackmail, and extortion",Aggravated robbery,Urlich.,NZ,Auckland Region,Auckland.,1/03/2025,0235009,Auckland Region,Teritorial Authority,Auckland,Polygon,Polygon,MultiPolygon,MultiPolygon,1,MultiPolygon,1
Auckland,"Robbery, blackmail, and extortion",Blackmail or other extortion,Lynfield South.,NZ,Auckland Region,Auckland.,1/07/2025,0588401,Auckland Region,Teritorial Authority,Auckland,Polygon,Polygon,MultiPolygon,MultiPolygon,2,MultiPolygon,2
Auckland,"Robbery, blackmail, and extortion",Blackmail or other extortion,Beachhaven South.,NZ,Auckland Region,Auckland.,1/01/2024,0345900,Auckland Region,Teritorial Authority,Auckland,Polygon,Polygon,MultiPolygon,MultiPolygon,1,MultiPolygon,1
Auckland,"Robbery, blackmail, and extortion",Aggravated robbery,Auckland Central West.,NZ,Auckland Region,Auckland.,1/11/2023,0435201,Auckland Region,Teritorial Authority,Auckland,Polygon,Polygon,MultiPolygon,MultiPolygon,1,MultiPolygon,1
Auckland,"Robbery, blackmail, and extortion",Aggravated robbery,Avondale South.,NZ,Auckland Region,Auckland.,1/01/2025,0371502,Auckland Region,Teritorial Authority,Auckland,Polygon,Polygon,MultiPolygon,MultiPolygon,1,MultiPolygon,1
Auckland,"Robbery, blackmail, and extortion",Non-aggravated robbery,Mangere East.,NZ,Auckland Region,Auckland.,1/08/2023,0749100,Auckland Region,Teritorial Authority,Auckland,Polygon,Polygon,MultiPolygon,MultiPolygon,1,MultiPolygon,1
Auckland,"Robbery, blackmail, and extortion",Blackmail or other extortion,Matakana.,NZ,Auckland Region,Auckland.,1/12/2024,0138003,Auckland Region,Teritorial Authority,Auckland,Polygon,Polygon,MultiPolygon,MultiPolygon,1,MultiPolygon,1
Auckland,"Robbery, blackmail, and extortion",Blackmail or other extortion,Albany.,NZ,Auckland Region,Auckland.,1/06/2025,0178501,Auckland Region,Teritorial Authority,Auckland,Polygon,Polygon,MultiPolygon,MultiPolygon,1,MultiPolygon,1
Auckland,"Robbery, blackmail, and extortion",Blackmail or other extortion,Hauraki.,NZ,Auckland Region,Auckland.,1/12/2024,0322500,Auckland Region,Teritorial Authority,Auckland,Polygon,Polygon,MultiPolygon,MultiPolygon,1,MultiPolygon,1
Auckland,"Robbery, blackmail, and extortion",Blackmail or other extortion,Unsworth Heights.,NZ,Auckland Region,Auckland.,1/01/2024,0180846,Auckland Region,Teritorial Authority,Auckland,Polygon,Polygon,MultiPolygon,MultiPolygon,1,MultiPolygon,1
Auckland,"Robbery, blackmail, and extortion",Aggravated robbery,Waterview.,NZ,Auckland Region,Auckland.,1/11/2023,0384701,Auckland Region,Teritorial Authority,Auckland,Polygon,Polygon,MultiPolygon,MultiPolygon,1,MultiPolygon,1
Auckland,"Robbery, blackmail, and extortion",Non-aggravated robbery,Mangere South.,NZ,Auckland Region,Auckland.,1/01/2025,0727700,Auckland Region,Teritorial Authority,Auckland,MultiPolygon,Polygon,MultiPolygon,MultiPolygon,1,MultiPolygon,1
Auckland,"Robbery, blackmail, and extortion",Non-aggravated robbery,Papatoetoe Central.,NZ,Auckland Region,Auckland.,1/08/2023,0665300,Auckland Region,Teritorial Authority,Auckland,Polygon,Polygon,MultiPolygon,MultiPolygon,1,MultiPolygon,1
Auckland,"Robbery, blackmail, and extortion",Blackmail or other extortion,McLaren Park.,NZ,Auckland Region,Auckland.,1/09/2023,0281403,Auckland Region,Teritorial Authority,Auckland,Polygon,Polygon,MultiPolygon,MultiPolygon,1,MultiPolygon,1
Auckland,"Robbery, blackmail, and extortion",Non-aggravated robbery,Henderson West.,NZ,Auckland Region,Auckland.,1/09/2024,0280500,Auckland Region,Teritorial Authority,Auckland,Polygon,Polygon,MultiPolygon,MultiPolygon,1,MultiPolygon,1
Auckland,"Robbery, blackmail, and extortion",Blackmail or other extortion,Manly.,NZ,Auckland Region,Auckland.,1/07/2025,0174510,Auckland Region,Teritorial Authority,Auckland,Polygon,Polygon,MultiPolygon,MultiPolygon,1,MultiPolygon,1
Auckland,"Robbery, blackmail, and extortion",Blackmail or other extortion,Royal Heights.,NZ,Auckland Region,Auckland.,1/12/2024,0226108,Auckland Region,Teritorial Authority,Auckland,Polygon,Polygon,MultiPolygon,MultiPolygon,1,MultiPolygon,1
Auckland,"Robbery, blackmail, and extortion",Blackmail or other extortion,Sunnybrae.,NZ,Auckland Region,Auckland.,1/12/2023,0202600,Auckland Region,Teritorial Authority,Auckland,Polygon,Polygon,MultiPolygon,MultiPolygon,2,MultiPolygon,2
Auckland,"Robbery, blackmail, and extortion",Aggravated robbery,Otahuhu West.,NZ,Auckland Region,Auckland.,1/11/2023,0784100,Auckland Region,Teritorial Authority,Auckland,Polygon,Polygon,MultiPolygon,MultiPolygon,1,MultiPolygon,1
Auckland,"Robbery, blackmail, and extortion",Non-aggravated robbery,Roberton.,NZ,Auckland Region,Auckland.,1/01/2025,0382700,Auckland Region,Teritorial Authority,Auckland,Polygon,Polygon,MultiPolygon,MultiPolygon,1,MultiPolygon,1
Auckland,"Robbery, blackmail, and extortion",Aggravated robbery,Mangere Bridge.,NZ,Auckland Region,Auckland.,1/10/2023,0722400,Auckland Region,Teritorial Authority,Auckland,Polygon,Polygon,MultiPolygon,MultiPolygon,1,MultiPolygon,1
Auckland,"Robbery, blackmail, and extortion",Blackmail or other extortion,Vipond.,NZ,Auckland Region,Auckland.,1/10/2023,0173202,Auckland Region,Teritorial Authority,Auckland,Polygon,Polygon,MultiPolygon,MultiPolygon,1,MultiPolygon,1
Auckland,"Robbery, blackmail, and extortion",Non-aggravated robbery,Henderson South.,NZ,Auckland Region,Auckland.,1/10/2024,0244600,Auckland Region,Teritorial Authority,Auckland,Polygon,Polygon,MultiPolygon,MultiPolygon,1,MultiPolygon,1
Auckland,"Robbery, blackmail, and extortion",Blackmail or other extortion,Pukekohe West.,NZ,Auckland Region,Auckland.,1/04/2025,0822419,Auckland Region,Teritorial Authority,Auckland,Polygon,Polygon,MultiPolygon,MultiPolygon,1,MultiPolygon,1
Auckland,"Robbery, blackmail, and extortion",Blackmail or other extortion,Takanini West.,NZ,Auckland Region,Auckland.,1/04/2024,0768005,Auckland Region,Teritorial Authority,Auckland,Polygon,Polygon,MultiPolygon,MultiPolygon,1,MultiPolygon,1
Auckland,"Robbery, blackmail, and extortion",Blackmail or other extortion,Papakura North East.,NZ,Auckland Region,Auckland.,1/11/2023,0795500,Auckland Region,Teritorial Authority,Auckland,Polygon,Polygon,MultiPolygon,MultiPolygon,1,MultiPolygon,1
Auckland,"Robbery, blackmail, and extortion",Aggravated robbery,Auckland Central West.,NZ,Auckland Region,Auckland.,1/07/2025,0433403,Auckland Region,Teritorial Authority,Auckland,Polygon,Polygon,MultiPolygon,MultiPolygon,1,MultiPolygon,1
Auckland,"Robbery, blackmail, and extortion",Aggravated robbery,Three Kings.,NZ,Auckland Region,Auckland.,1/01/2025,0560700,Auckland Region,Teritorial Authority,Auckland,Polygon,Polygon,MultiPolygon,MultiPolygon,1,MultiPolygon,1
Auckland,"Robbery, blackmail, and extortion",Aggravated robbery,Point England.,NZ,Auckland Region,Auckland.,1/06/2024,0477700,Auckland Region,Teritorial Authority,Auckland,Polygon,Polygon,MultiPolygon,MultiPolygon,1,MultiPolygon,1
Auckland,"Robbery, blackmail, and extortion",Aggravated robbery,Browns Bay.,NZ,Auckland Region,Auckland.,1/08/2023,0160800,Auckland Region,Teritorial Authority,Auckland,Polygon,Polygon,MultiPolygon,MultiPolygon,2,MultiPolygon,2
Auckland,"Robbery, blackmail, and extortion",Aggravated robbery,Henderson South.,NZ,Auckland Region,Auckland.,1/05/2024,0242700,Auckland Region,Teritorial Authority,Auckland,Polygon,Polygon,MultiPolygon,MultiPolygon,1,MultiPolygon,1
Auckland,"Robbery, blackmail, and extortion",Blackmail or other extortion,Hyperion.,NZ,Auckland Region,Auckland.,1/07/2025,0759723,Auckland Region,Teritorial Authority,Auckland,Polygon,Polygon,MultiPolygon,MultiPolygon,1,MultiPolygon,1
Auckland,"Robbery, blackmail, and extortion",Blackmail or other extortion,Takanini South.,NZ,Auckland Region,Auckland.,1/04/2025,0765401,Auckland Region,Teritorial Authority,Auckland,Polygon,Polygon,MultiPolygon,MultiPolygon,1,MultiPolygon,1
Auckland,"Robbery, blackmail, and extortion",Blackmail or other extortion,Ormiston.,NZ,Auckland Region,Auckland.,1/12/2023,0713400,Auckland Region,Teritorial Authority,Auckland,Polygon,Polygon,MultiPolygon,MultiPolygon,1,MultiPolygon,1
Auckland,"Robbery, blackmail, and extortion",Non-aggravated robbery,Lynfield South.,NZ,Auckland Region,Auckland.,1/07/2025,0587500,Auckland Region,Teritorial Authority,Auckland,Polygon,Polygon,MultiPolygon,MultiPolygon,1,MultiPolygon,1
Auckland,"Robbery, blackmail, and extortion",Non-aggravated robbery,Owairaka West.,NZ,Auckland Region,Auckland.,1/01/2025,0518900,Auckland Region,Teritorial Authority,Auckland,Polygon,Polygon,MultiPolygon,MultiPolygon,1,MultiPolygon,1
Auckland,"Robbery, blackmail, and extortion",Non-aggravated robbery,St Marys.,NZ,Auckland Region,Auckland.,1/12/2023,0425100,Auckland Region,Teritorial Authority,Auckland,Polygon,Polygon,MultiPolygon,MultiPolygon,1,MultiPolygon,1
Auckland,"Robbery, blackmail, and extortion",Blackmail or other extortion,Ormiston.,NZ,Auckland Region,Auckland.,1/10/2023,0713100,Auckland Region,Teritorial Authority,Auckland,Polygon,Polygon,MultiPolygon,MultiPolygon,1,MultiPolygon,1
Auckland,"Robbery, blackmail, and extortion",Non-aggravated robbery,Henderson South.,NZ,Auckland Region,Auckland.,1/02/2025,0244600,Auckland Region,Teritorial Authority,Auckland,Polygon,Polygon,MultiPolygon,MultiPolygon,2,MultiPolygon,2
Auckland,"Robbery, blackmail, and extortion",Aggravated robbery,Massey Park.,NZ,Auckland Region,Auckland.,1/04/2025,0797700,Auckland Region,Teritorial Authority,Auckland,Polygon,Polygon,MultiPolygon,MultiPolygon,2,MultiPolygon,2
Auckland,"Robbery, blackmail, and extortion",Blackmail or other extortion,Takanini North.,NZ,Auckland Region,Auckland.,1/11/2024,0766700,Auckland Region,Teritorial Authority,Auckland,Polygon,Polygon,MultiPolygon,MultiPolygon,1,MultiPolygon,1
Auckland,"Robbery, blackmail, and extortion",Aggravated robbery,Ormiston.,NZ,Auckland Region,Auckland.,1/11/2023,0712401,Auckland Region,Teritorial Authority,Auckland,Polygon,Polygon,MultiPolygon,MultiPolygon,1,MultiPolygon,1
Auckland,"Robbery, blackmail, and extortion",Non-aggravated robbery,Mangere South.,NZ,Auckland Region,Auckland.,1/11/2024,0728900,Auckland Region,Teritorial Authority,Auckland,MultiPolygon,Polygon,MultiPolygon,MultiPolygon,1,MultiPolygon,1
Auckland,"Robbery, blackmail, and extortion",Non-aggravated robbery,St Lukes.,NZ,Auckland Region,Auckland.,1/03/2025,0533900,Auckland Region,Teritorial Authority,Auckland,Polygon,Polygon,MultiPolygon,MultiPolygon,1,MultiPolygon,1
Auckland,"Robbery, blackmail, and extortion",Non-aggravated robbery,Auckland Central West.,NZ,Auckland Region,Auckland.,1/07/2024,0434000,Auckland Region,Teritorial Authority,Auckland,Polygon,Polygon,MultiPolygon,MultiPolygon,1,MultiPolygon,1
Auckland,"Robbery, blackmail, and extortion",Blackmail or other extortion,Grey Lynn East.,NZ,Auckland Region,Auckland.,1/03/2024,0409600,Auckland Region,Teritorial Authority,Auckland,Polygon,Polygon,MultiPolygon,MultiPolygon,1,MultiPolygon,1
Auckland,"Robbery, blackmail, and extortion",Aggravated robbery,Westgate.,NZ,Auckland Region,Auckland.,1/05/2024,0224306,Auckland Region,Teritorial Authority,Auckland,Polygon,Polygon,MultiPolygon,MultiPolygon,2,MultiPolygon,2
Auckland,"Robbery, blackmail, and extortion",Blackmail or other extortion,Auckland Central East.,NZ,Auckland Region,Auckland.,1/04/2025,0436300,Auckland Region,Teritorial Authority,Auckland,Polygon,Polygon,MultiPolygon,MultiPolygon,1,MultiPolygon,1
Auckland,"Robbery, blackmail, and extortion",Blackmail or other extortion,Takanini South.,NZ,Auckland Region,Auckland.,1/10/2024,0765600,Auckland Region,Teritorial Authority,Auckland,Polygon,Polygon,MultiPolygon,MultiPolygon,1,MultiPolygon,1
Auckland,"Robbery, blackmail, and extortion",Aggravated robbery,Takanini South.,NZ,Auckland Region,Auckland.,1/11/2023,0765600,Auckland Region,Teritorial Authority,Auckland,Polygon,Polygon,MultiPolygon,MultiPolygon,1,MultiPolygon,1
Auckland,"Robbery, blackmail, and extortion",Non-aggravated robbery,Hillpark.,NZ,Auckland Region,Auckland.,1/11/2024,0757100,Auckland Region,Teritorial Authority,Auckland,Polygon,Polygon,MultiPolygon,MultiPolygon,1,MultiPolygon,1
Auckland,"Robbery, blackmail, and extortion",Non-aggravated robbery,Auckland Central West.,NZ,Auckland Region,Auckland.,1/02/2025,0435100,Auckland Region,Teritorial Authority,Auckland,Polygon,Polygon,MultiPolygon,MultiPolygon,2,MultiPolygon,2
Auckland,"Robbery, blackmail, and extortion",Non-aggravated robbery,Balmoral.,NZ,Auckland Region,Auckland.,1/09/2024,0549000,Auckland Region,Teritorial Authority,Auckland,Polygon,Polygon,MultiPolygon,MultiPolygon,1,MultiPolygon,1
Auckland,"Robbery, blackmail, and extortion",Blackmail or other extortion,Cockle Bay.,NZ,Auckland Region,Auckland.,1/02/2024,0654000,Auckland Region,Teritorial Authority,Auckland,Polygon,Polygon,MultiPolygon,MultiPolygon,1,MultiPolygon,1
Auckland,"Robbery, blackmail, and extortion",Blackmail or other extortion,Awhitu.,NZ,Auckland Region,Auckland.,1/03/2025,0829900,Auckland Region,Teritorial Authority,Auckland,Polygon,Polygon,MultiPolygon,MultiPolygon,1,MultiPolygon,1
Auckland,"Robbery, blackmail, and extortion",Blackmail or other extortion,Sandringham East.,NZ,Auckland Region,Auckland.,1/04/2025,0538600,Auckland Region,Teritorial Authority,Auckland,Polygon,Polygon,MultiPolygon,MultiPolygon,1,MultiPolygon,1
Auckland,"Robbery, blackmail, and extortion",Blackmail or other extortion,Mangere South.,NZ,Auckland Region,Auckland.,1/04/2024,0728615,Auckland Region,Teritorial Authority,Auckland,MultiPolygon,Polygon,MultiPolygon,MultiPolygon,1,MultiPolygon,1
Auckland,"Robbery, blackmail, and extortion",Blackmail or other extortion,Parnell West.,NZ,Auckland Region,Auckland.,1/11/2023,0455100,Auckland Region,Teritorial Authority,Auckland,Polygon,Polygon,MultiPolygon,MultiPolygon,1,MultiPolygon,1
Auckland,"Robbery, blackmail, and extortion",Non-aggravated robbery,New Windsor.,NZ,Auckland Region,Auckland.,1/11/2024,0375400,Auckland Region,Teritorial Authority,Auckland,Polygon,Polygon,MultiPolygon,MultiPolygon,1,MultiPolygon,1
Auckland,"Robbery, blackmail, and extortion",Blackmail or other extortion,Windsor Park.,NZ,Auckland Region,Auckland.,1/03/2025,0180813,Auckland Region,Teritorial Authority,Auckland,Polygon,Polygon,MultiPolygon,MultiPolygon,2,MultiPolygon,2
Auckland,"Robbery, blackmail, and extortion",Aggravated robbery,Manukau Central.,NZ,Auckland Region,Auckland.,1/12/2024,0780209,Auckland Region,Teritorial Authority,Auckland,Polygon,Polygon,MultiPolygon,MultiPolygon,1,MultiPolygon,1
Auckland,"Robbery, blackmail, and extortion",Blackmail or other extortion,Three Kings.,NZ,Auckland Region,Auckland.,1/04/2024,0562200,Auckland Region,Teritorial Authority,Auckland,Polygon,Polygon,MultiPolygon,MultiPolygon,1,MultiPolygon,1
Auckland,"Robbery, blackmail, and extortion",Blackmail or other extortion,Kingseat.,NZ,Auckland Region,Auckland.,1/08/2024,0809701,Auckland Region,Teritorial Authority,Auckland,Polygon,Polygon,MultiPolygon,MultiPolygon,1,MultiPolygon,1
Auckland,"Robbery, blackmail, and extortion",Blackmail or other extortion,Auckland Central East.,NZ,Auckland Region,Auckland.,1/04/2025,0436300,Auckland Region,Teritorial Authority,Auckland,Polygon,Polygon,MultiPolygon,MultiPolygon,1,MultiPolygon,1
Auckland,"Robbery, blackmail, and extortion",Blackmail or other extortion,Howick Central.,NZ,Auckland Region,Auckland.,1/04/2025,0648300,Auckland Region,Teritorial Authority,Auckland,Polygon,Polygon,MultiPolygon,MultiPolygon,1,MultiPolygon,1
Auckland,"Robbery, blackmail, and extortion",Aggravated robbery,Westgate.,NZ,Auckland Region,Auckland.,1/01/2025,0224307,Auckland Region,Teritorial Authority,Auckland,Polygon,Polygon,MultiPolygon,MultiPolygon,2,MultiPolygon,2
Auckland,"Robbery, blackmail, and extortion",Blackmail or other extortion,Freemans Bay.,NZ,Auckland Region,Auckland.,1/10/2023,0413900,Auckland Region,Teritorial Authority,Auckland,Polygon,Polygon,MultiPolygon,MultiPolygon,2,MultiPolygon,2
Auckland,"Robbery, blackmail, and extortion",Blackmail or other extortion,Auckland Central West.,NZ,Auckland Region,Auckland.,1/08/2023,0432700,Auckland Region,Teritorial Authority,Auckland,Polygon,Polygon,MultiPolygon,MultiPolygon,1,MultiPolygon,1
Auckland,"Robbery, blackmail, and extortion",Blackmail or other extortion,St Johns.,NZ,Auckland Region,Auckland.,1/04/2025,0465202,Auckland Region,Teritorial Authority,Auckland,Polygon,Polygon,MultiPolygon,MultiPolygon,1,MultiPolygon,1
Auckland,"Robbery, blackmail, and extortion",Blackmail or other extortion,Ormiston.,NZ,Auckland Region,Auckland.,1/05/2024,0712401,Auckland Region,Teritorial Authority,Auckland,Polygon,Polygon,MultiPolygon,MultiPolygon,1,MultiPolygon,1
Auckland,"Robbery, blackmail, and extortion",Blackmail or other extortion,Newmarket.,NZ,Auckland Region,Auckland.,1/04/2025,0450300,Auckland Region,Teritorial Authority,Auckland,Polygon,Polygon,MultiPolygon,MultiPolygon,1,MultiPolygon,1
Auckland,"Robbery, blackmail, and extortion",Blackmail or other extortion,Abbotts Park.,NZ,Auckland Region,Auckland.,1/12/2023,0496202,Auckland Region,Teritorial Authority,Auckland,Polygon,Polygon,MultiPolygon,MultiPolygon,1,MultiPolygon,1
Auckland,"Robbery, blackmail, and extortion",Non-aggravated robbery,Onehunga South East.,NZ,Auckland Region,Auckland.,1/07/2025,0602504,Auckland Region,Teritorial Authority,Auckland,Polygon,Polygon,MultiPolygon,MultiPolygon,1,MultiPolygon,1
Auckland,"Robbery, blackmail, and extortion",Blackmail or other extortion,Lynfield South.,NZ,Auckland Region,Auckland.,1/01/2024,0586901,Auckland Region,Teritorial Authority,Auckland,Polygon,Polygon,MultiPolygon,MultiPolygon,1,MultiPolygon,1
Auckland,"Robbery, blackmail, and extortion",Blackmail or other extortion,Albany.,NZ,Auckland Region,Auckland.,1/08/2023,0179000,Auckland Region,Teritorial Authority,Auckland,Polygon,Polygon,MultiPolygon,MultiPolygon,1,MultiPolygon,1
Auckland,"Robbery, blackmail, and extortion",Blackmail or other extortion,Orakei South.,NZ,Auckland Region,Auckland.,1/08/2023,0487400,Auckland Region,Teritorial Authority,Auckland,Polygon,Polygon,MultiPolygon,MultiPolygon,1,MultiPolygon,1
Auckland,"Robbery, blackmail, and extortion",Blackmail or other extortion,Oranga.,NZ,Auckland Region,Auckland.,1/11/2024,0604600,Auckland Region,Teritorial Authority,Auckland,Polygon,Polygon,MultiPolygon,MultiPolygon,1,MultiPolygon,1
Auckland,"Robbery, blackmail, and extortion",Blackmail or other extortion,Baverstock Oaks.,NZ,Auckland Region,Auckland.,1/05/2024,0712121,Auckland Region,Teritorial Authority,Auckland,Polygon,Polygon,MultiPolygon,MultiPolygon,1,MultiPolygon,1
Auckland,"Robbery, blackmail, and extortion",Blackmail or other extortion,Auckland Central West.,NZ,Auckland Region,Auckland.,1/05/2025,0436002,Auckland Region,Teritorial Authority,Auckland,Polygon,Polygon,MultiPolygon,MultiPolygon,1,MultiPolygon,1
Auckland,"Robbery, blackmail, and extortion",Blackmail or other extortion,Crum Park.,NZ,Auckland Region,Auckland.,1/12/2023,0291203,Auckland Region,Teritorial Authority,Auckland,Polygon,Polygon,MultiPolygon,MultiPolygon,1,MultiPolygon,1
Auckland,"Robbery, blackmail, and extortion",Non-aggravated robbery,Mt Wellington North.,NZ,Auckland Region,Auckland.,1/07/2025,0627206,Auckland Region,Teritorial Authority,Auckland,Polygon,Polygon,MultiPolygon,MultiPolygon,1,MultiPolygon,1
Auckland,"Robbery, blackmail, and extortion",Blackmail or other extortion,Howick West.,NZ,Auckland Region,Auckland.,1/01/2025,0645900,Auckland Region,Teritorial Authority,Auckland,Polygon,Polygon,MultiPolygon,MultiPolygon,1,MultiPolygon,1
Auckland,"Robbery, blackmail, and extortion",Aggravated robbery,Lucken Point.,NZ,Auckland Region,Auckland.,1/06/2024,0224106,Auckland Region,Teritorial Authority,Auckland,Polygon,Polygon,MultiPolygon,MultiPolygon,1,MultiPolygon,1
Auckland,"Robbery, blackmail, and extortion",Blackmail or other extortion,Grey Lynn West.,NZ,Auckland Region,Auckland.,1/08/2023,0402400,Auckland Region,Teritorial Authority,Auckland,Polygon,Polygon,MultiPolygon,MultiPolygon,1,MultiPolygon,1
Auckland,"Robbery, blackmail, and extortion",Blackmail or other extortion,Dingwall.,NZ,Auckland Region,Auckland.,1/11/2024,0666200,Auckland Region,Teritorial Authority,Auckland,Polygon,Polygon,MultiPolygon,MultiPolygon,1,MultiPolygon,1
Auckland,"Robbery, blackmail, and extortion",Non-aggravated robbery,Takanini North.,NZ,Auckland Region,Auckland.,1/08/2024,0768100,Auckland Region,Teritorial Authority,Auckland,Polygon,Polygon,MultiPolygon,MultiPolygon,1,MultiPolygon,1
Auckland,"Robbery, blackmail, and extortion",Blackmail or other extortion,Green Bay.,NZ,Auckland Region,Auckland.,1/05/2025,0290401,Auckland Region,Teritorial Authority,Auckland,Polygon,Polygon,MultiPolygon,MultiPolygon,1,MultiPolygon,1
Auckland,"Robbery, blackmail, and extortion",Blackmail or other extortion,Clendon North.,NZ,Auckland Region,Auckland.,1/01/2024,0774443,Auckland Region,Teritorial Authority,Auckland,Polygon,Polygon,MultiPolygon,MultiPolygon,1,MultiPolygon,1
Auckland,"Robbery, blackmail, and extortion",Non-aggravated robbery,Favona South.,NZ,Auckland Region,Auckland.,1/07/2025,0730711,Auckland Region,Teritorial Authority,Auckland,Polygon,Polygon,MultiPolygon,MultiPolygon,1,MultiPolygon,1
Auckland,"Robbery, blackmail, and extortion",Aggravated robbery,Onehunga South East.,NZ,Auckland Region,Auckland.,1/01/2025,0601901,Auckland Region,Teritorial Authority,Auckland,Polygon,Polygon,MultiPolygon,MultiPolygon,1,MultiPolygon,1
Auckland,"Robbery, blackmail, and extortion",Blackmail or other extortion,Walmsley.,NZ,Auckland Region,Auckland.,1/06/2025,0575500,Auckland Region,Teritorial Authority,Auckland,Polygon,Polygon,MultiPolygon,MultiPolygon,1,MultiPolygon,1
Auckland,"Robbery, blackmail, and extortion",Aggravated robbery,Narrow Neck.,NZ,Auckland Region,Auckland.,1/06/2024,0339002,Auckland Region,Teritorial Authority,Auckland,Polygon,Polygon,MultiPolygon,MultiPolygon,1,MultiPolygon,1
Auckland,"Robbery, blackmail, and extortion",Blackmail or other extortion,Mangere Central.,NZ,Auckland Region,Auckland.,1/10/2023,0740100,Auckland Region,Teritorial Authority,Auckland,Polygon,Polygon,MultiPolygon,MultiPolygon,1,MultiPolygon,1
Auckland,"Robbery, blackmail, and extortion",Blackmail or other extortion,Weymouth East.,NZ,Auckland Region,Auckland.,1/11/2024,0773100,Auckland Region,Teritorial Authority,Auckland,Polygon,Polygon,MultiPolygon,MultiPolygon,1,MultiPolygon,1
Auckland,"Robbery, blackmail, and extortion",Aggravated robbery,Pukekohe West.,NZ,Auckland Region,Auckland.,1/06/2024,0820504,Auckland Region,Teritorial Authority,Auckland,Polygon,Polygon,MultiPolygon,MultiPolygon,1,MultiPolygon,1
Auckland,"Robbery, blackmail, and extortion",Blackmail or other extortion,Akarana.,NZ,Auckland Region,Auckland.,1/01/2024,0583300,Auckland Region,Teritorial Authority,Auckland,Polygon,Polygon,MultiPolygon,MultiPolygon,1,MultiPolygon,1
Auckland,"Robbery, blackmail, and extortion",Blackmail or other extortion,Point Chevalier West.,NZ,Auckland Region,Auckland.,1/06/2025,0392700,Auckland Region,Teritorial Authority,Auckland,Polygon,Polygon,MultiPolygon,MultiPolygon,1,MultiPolygon,1
Auckland,"Robbery, blackmail, and extortion",Aggravated robbery,Sturges North.,NZ,Auckland Region,Auckland.,1/08/2024,0236103,Auckland Region,Teritorial Authority,Auckland,Polygon,Polygon,MultiPolygon,MultiPolygon,1,MultiPolygon,1
Auckland,"Robbery, blackmail, and extortion",Blackmail or other extortion,Auckland Central West.,NZ,Auckland Region,Auckland.,1/10/2023,0434901,Auckland Region,Teritorial Authority,Auckland,Polygon,Polygon,MultiPolygon,MultiPolygon,1,MultiPolygon,1
Auckland,"Robbery, blackmail, and extortion",Blackmail or other extortion,Meadowland.,NZ,Auckland Region,Auckland.,1/10/2024,0711032,Auckland Region,Teritorial Authority,Auckland,Polygon,Polygon,MultiPolygon,MultiPolygon,1,MultiPolygon,1
Auckland,"Robbery, blackmail, and extortion",Blackmail or other extortion,Golfland.,NZ,Auckland Region,Auckland.,1/01/2025,0711192,Auckland Region,Teritorial Authority,Auckland,Polygon,Polygon,MultiPolygon,MultiPolygon,1,MultiPolygon,1
Auckland,"Robbery, blackmail, and extortion",Non-aggravated robbery,Kingdale.,NZ,Auckland Region,Auckland.,1/05/2025,0231700,Auckland Region,Teritorial Authority,Auckland,Polygon,Polygon,MultiPolygon,MultiPolygon,1,MultiPolygon,1
Auckland,"Robbery, blackmail, and extortion",Non-aggravated robbery,Wiri.,NZ,Auckland Region,Auckland.,1/01/2025,0780416,Auckland Region,Teritorial Authority,Auckland,Polygon,Polygon,MultiPolygon,MultiPolygon,1,MultiPolygon,1
Auckland,"Robbery, blackmail, and extortion",Aggravated robbery,St Marys.,NZ,Auckland Region,Auckland.,1/11/2023,0423600,Auckland Region,Teritorial Authority,Auckland,Polygon,Polygon,MultiPolygon,MultiPolygon,1,MultiPolygon,1
Auckland,"Robbery, blackmail, and extortion",Blackmail or other extortion,Westlake.,NZ,Auckland Region,Auckland.,1/02/2025,0307000,Auckland Region,Teritorial Authority,Auckland,Polygon,Polygon,MultiPolygon,MultiPolygon,1,MultiPolygon,1
Auckland,"Robbery, blackmail, and extortion",Blackmail or other extortion,Auckland Central West.,NZ,Auckland Region,Auckland.,1/07/2025,0434200,Auckland Region,Teritorial Authority,Auckland,Polygon,Polygon,MultiPolygon,MultiPolygon,1,MultiPolygon,1
Auckland,"Robbery, blackmail, and extortion",Aggravated robbery,Papatoetoe West.,NZ,Auckland Region,Auckland.,1/12/2023,0659400,Auckland Region,Teritorial Authority,Auckland,Polygon,Polygon,MultiPolygon,MultiPolygon,1,MultiPolygon,1
Auckland,"Robbery, blackmail, and extortion",Aggravated robbery,Henderson South.,NZ,Auckland Region,Auckland.,1/12/2024,0243300,Auckland Region,Teritorial Authority,Auckland,Polygon,Polygon,MultiPolygon,MultiPolygon,1,MultiPolygon,1
Auckland,"Robbery, blackmail, and extortion",Blackmail or other extortion,Otahuhu West.,NZ,Auckland Region,Auckland.,1/10/2023,0785700,Auckland Region,Teritorial Authority,Auckland,Polygon,Polygon,MultiPolygon,MultiPolygon,1,MultiPolygon,1
Auckland,"Robbery, blackmail, and extortion",Blackmail or other extortion,Owairaka West.,NZ,Auckland Region,Auckland.,1/10/2024,0519500,Auckland Region,Teritorial Authority,Auckland,Polygon,Polygon,MultiPolygon,MultiPolygon,1,MultiPolygon,1
Auckland,"Robbery, blackmail, and extortion",Blackmail or other extortion,Glen Eden East.,NZ,Auckland Region,Auckland.,1/02/2025,0285702,Auckland Region,Teritorial Authority,Auckland,Polygon,Polygon,MultiPolygon,MultiPolygon,1,MultiPolygon,1
Auckland,"Robbery, blackmail, and extortion",Aggravated robbery,Tuff Crater.,NZ,Auckland Region,Auckland.,1/06/2025,0364500,Auckland Region,Teritorial Authority,Auckland,Polygon,Polygon,MultiPolygon,MultiPolygon,1,MultiPolygon,1
Auckland,"Robbery, blackmail, and extortion",Aggravated robbery,Papakura North.,NZ,Auckland Region,Auckland.,1/01/2025,0792800,Auckland Region,Teritorial Authority,Auckland,Polygon,Polygon,MultiPolygon,MultiPolygon,1,MultiPolygon,1
Auckland,"Robbery, blackmail, and extortion",Aggravated robbery,Manurewa Central.,NZ,Auckland Region,Auckland.,1/12/2023,0751600,Auckland Region,Teritorial Authority,Auckland,Polygon,Polygon,MultiPolygon,MultiPolygon,1,MultiPolygon,1
Auckland,"Robbery, blackmail, and extortion",Aggravated robbery,Takanini North.,NZ,Auckland Region,Auckland.,1/02/2025,0768100,Auckland Region,Teritorial Authority,Auckland,Polygon,Polygon,MultiPolygon,MultiPolygon,1,MultiPolygon,1
Auckland,"Robbery, blackmail, and extortion",Aggravated robbery,Matipo.,NZ,Auckland Region,Auckland.,1/12/2024,0247500,Auckland Region,Teritorial Authority,Auckland,Polygon,Polygon,MultiPolygon,MultiPolygon,1,MultiPolygon,1
Auckland,"Robbery, blackmail, and extortion",Aggravated robbery,Mt Hobson.,NZ,Auckland Region,Auckland.,1/03/2024,0490703,Auckland Region,Teritorial Authority,Auckland,Polygon,Polygon,MultiPolygon,MultiPolygon,1,MultiPolygon,1
Auckland,"Robbery, blackmail, and extortion",Blackmail or other extortion,Auckland Central West.,NZ,Auckland Region,Auckland.,1/10/2024,0433303,Auckland Region,Teritorial Authority,Auckland,Polygon,Polygon,MultiPolygon,MultiPolygon,1,MultiPolygon,1
Auckland,"Robbery, blackmail, and extortion",Blackmail or other extortion,Harania East.,NZ,Auckland Region,Auckland.,1/03/2025,0732400,Auckland Region,Teritorial Authority,Auckland,Polygon,Polygon,MultiPolygon,MultiPolygon,1,MultiPolygon,1
Auckland,"Robbery, blackmail, and extortion",Aggravated robbery,Birkenhead East.,NZ,Auckland Region,Auckland.,1/06/2025,0355605,Auckland Region,Teritorial Authority,Auckland,Polygon,Polygon,MultiPolygon,MultiPolygon,1,MultiPolygon,1
Auckland,"Robbery, blackmail, and extortion",Blackmail or other extortion,Mangere South.,NZ,Auckland Region,Auckland.,1/07/2025,0728803,Auckland Region,Teritorial Authority,Auckland,MultiPolygon,Polygon,MultiPolygon,MultiPolygon,1,MultiPolygon,1
Auckland,"Robbery, blackmail, and extortion",Aggravated robbery,Lynfield North.,NZ,Auckland Region,Auckland.,1/03/2024,0584300,Auckland Region,Teritorial Authority,Auckland,Polygon,Polygon,MultiPolygon,MultiPolygon,1,MultiPolygon,1
Auckland,"Robbery, blackmail, and extortion",Non-aggravated robbery,Favona West.,NZ,Auckland Region,Auckland.,1/04/2025,0729902,Auckland Region,Teritorial Authority,Auckland,Polygon,Polygon,MultiPolygon,MultiPolygon,1,MultiPolygon,1
Auckland,"Robbery, blackmail, and extortion",Blackmail or other extortion,Favona North.,NZ,Auckland Region,Auckland.,1/12/2024,0730002,Auckland Region,Teritorial Authority,Auckland,MultiPolygon,Polygon,MultiPolygon,MultiPolygon,1,MultiPolygon,1
Auckland,"Robbery, blackmail, and extortion",Blackmail or other extortion,Ponsonby East.,NZ,Auckland Region,Auckland.,1/03/2025,0429300,Auckland Region,Teritorial Authority,Auckland,Polygon,Polygon,MultiPolygon,MultiPolygon,1,MultiPolygon,1
Auckland,"Robbery, blackmail, and extortion",Aggravated robbery,Henderson South.,NZ,Auckland Region,Auckland.,1/11/2024,0244600,Auckland Region,Teritorial Authority,Auckland,Polygon,Polygon,MultiPolygon,MultiPolygon,1,MultiPolygon,1
Auckland,"Robbery, blackmail, and extortion",Blackmail or other extortion,Hauraki.,NZ,Auckland Region,Auckland.,1/11/2023,0322101,Auckland Region,Teritorial Authority,Auckland,Polygon,Polygon,MultiPolygon,MultiPolygon,1,MultiPolygon,1
Auckland,"Robbery, blackmail, and extortion",Non-aggravated robbery,Freemans Bay.,NZ,Auckland Region,Auckland.,1/01/2024,0413900,Auckland Region,Teritorial Authority,Auckland,Polygon,Polygon,MultiPolygon,MultiPolygon,1,MultiPolygon,1
Auckland,"Robbery, blackmail, and extortion",Non-aggravated robbery,Parrs Park.,NZ,Auckland Region,Auckland.,1/12/2024,0278104,Auckland Region,Teritorial Authority,Auckland,Polygon,Polygon,MultiPolygon,MultiPolygon,1,MultiPolygon,1
Auckland,"Robbery, blackmail, and extortion",Aggravated robbery,Lynnmall.,NZ,Auckland Region,Auckland.,1/02/2024,0265002,Auckland Region,Teritorial Authority,Auckland,Polygon,Polygon,MultiPolygon,MultiPolygon,1,MultiPolygon,1
Auckland,"Robbery, blackmail, and extortion",Aggravated robbery,Wiri.,NZ,Auckland Region,Auckland.,1/02/2024,0780700,Auckland Region,Teritorial Authority,Auckland,Polygon,Polygon,MultiPolygon,MultiPolygon,1,MultiPolygon,1
Auckland,"Robbery, blackmail, and extortion",Non-aggravated robbery,Beachhaven North.,NZ,Auckland Region,Auckland.,1/11/2024,0341900,Auckland Region,Teritorial Authority,Auckland,Polygon,Polygon,MultiPolygon,MultiPolygon,1,MultiPolygon,1
Auckland,"Robbery, blackmail, and extortion",Aggravated robbery,Kingdale.,NZ,Auckland Region,Auckland.,1/11/2023,0230602,Auckland Region,Teritorial Authority,Auckland,Polygon,Polygon,MultiPolygon,MultiPolygon,1,MultiPolygon,1
Auckland,"Robbery, blackmail, and extortion",Aggravated robbery,Dingwall.,NZ,Auckland Region,Auckland.,1/01/2024,0667500,Auckland Region,Teritorial Authority,Auckland,Polygon,Polygon,MultiPolygon,MultiPolygon,1,MultiPolygon,1
Auckland,"Robbery, blackmail, and extortion",Aggravated robbery,Westlake.,NZ,Auckland Region,Auckland.,1/04/2025,0304000,Auckland Region,Teritorial Authority,Auckland,Polygon,Polygon,MultiPolygon,MultiPolygon,1,MultiPolygon,1
Auckland,"Robbery, blackmail, and extortion",Aggravated robbery,Lynnmall.,NZ,Auckland Region,Auckland.,1/05/2025,0266000,Auckland Region,Teritorial Authority,Auckland,Polygon,Polygon,MultiPolygon,MultiPolygon,1,MultiPolygon,1
Auckland,"Robbery, blackmail, and extortion",Blackmail or other extortion,Favona North.,NZ,Auckland Region,Auckland.,1/12/2024,0730500,Auckland Region,Teritorial Authority,Auckland,MultiPolygon,Polygon,MultiPolygon,MultiPolygon,1,MultiPolygon,1
Auckland,"Robbery, blackmail, and extortion",Blackmail or other extortion,New Lynn North.,NZ,Auckland Region,Auckland.,1/03/2025,0267602,Auckland Region,Teritorial Authority,Auckland,Polygon,Polygon,MultiPolygon,MultiPolygon,1,MultiPolygon,1
Auckland,"Robbery, blackmail, and extortion",Aggravated robbery,Manurewa Central.,NZ,Auckland Region,Auckland.,1/02/2024,0751600,Auckland Region,Teritorial Authority,Auckland,Polygon,Polygon,MultiPolygon,MultiPolygon,1,MultiPolygon,1
Auckland,"Robbery, blackmail, and extortion",Non-aggravated robbery,New Lynn South.,NZ,Auckland Region,Auckland.,1/01/2024,0269200,Auckland Region,Teritorial Authority,Auckland,Polygon,Polygon,MultiPolygon,MultiPolygon,1,MultiPolygon,1
Auckland,"Robbery, blackmail, and extortion",Blackmail or other extortion,Kingdale.,NZ,Auckland Region,Auckland.,1/08/2023,0231700,Auckland Region,Teritorial Authority,Auckland,Polygon,Polygon,MultiPolygon,MultiPolygon,1,MultiPolygon,1
Auckland,"Robbery, blackmail, and extortion",Aggravated robbery,Kohuora.,NZ,Auckland Region,Auckland.,1/06/2025,0657300,Auckland Region,Teritorial Authority,Auckland,Polygon,Polygon,MultiPolygon,MultiPolygon,1,MultiPolygon,1
Auckland,"Robbery, blackmail, and extortion",Aggravated robbery,Lynnmall.,NZ,Auckland Region,Auckland.,1/02/2024,0265002,Auckland Region,Teritorial Authority,Auckland,Polygon,Polygon,MultiPolygon,MultiPolygon,1,MultiPolygon,1
Auckland,"Robbery, blackmail, and extortion",Blackmail or other extortion,Owairaka East.,NZ,Auckland Region,Auckland.,1/12/2024,0521800,Auckland Region,Teritorial Authority,Auckland,Polygon,Polygon,MultiPolygon,MultiPolygon,1,MultiPolygon,1
Auckland,"Robbery, blackmail, and extortion",Blackmail or other extortion,Eden Terrace.,NZ,Auckland Region,Auckland.,1/07/2024,0419703,Auckland Region,Teritorial Authority,Auckland,Polygon,Polygon,MultiPolygon,MultiPolygon,1,MultiPolygon,1
Auckland,"Robbery, blackmail, and extortion",Blackmail or other extortion,Lynnmall.,NZ,Auckland Region,Auckland.,1/11/2023,0266600,Auckland Region,Teritorial Authority,Auckland,Polygon,Polygon,MultiPolygon,MultiPolygon,1,MultiPolygon,1
Auckland,"Robbery, blackmail, and extortion",Aggravated robbery,Mt Wellington North.,NZ,Auckland Region,Auckland.,1/12/2023,0627400,Auckland Region,Teritorial Authority,Auckland,Polygon,Polygon,MultiPolygon,MultiPolygon,1,MultiPolygon,1
Auckland,"Robbery, blackmail, and extortion",Blackmail or other extortion,Otahuhu West.,NZ,Auckland Region,Auckland.,1/07/2024,0785700,Auckland Region,Teritorial Authority,Auckland,Polygon,Polygon,MultiPolygon,MultiPolygon,1,MultiPolygon,1
Auckland,"Robbery, blackmail, and extortion",Blackmail or other extortion,Rongomai.,NZ,Auckland Region,Auckland.,1/11/2023,0712303,Auckland Region,Teritorial Authority,Auckland,Polygon,Polygon,MultiPolygon,MultiPolygon,1,MultiPolygon,1
Auckland,"Robbery, blackmail, and extortion",Non-aggravated robbery,Royal Oak.,NZ,Auckland Region,Auckland.,1/01/2025,0564501,Auckland Region,Teritorial Authority,Auckland,Polygon,Polygon,MultiPolygon,MultiPolygon,1,MultiPolygon,1
Auckland,"Robbery, blackmail, and extortion",Aggravated robbery,One Tree Hill East.,NZ,Auckland Region,Auckland.,1/12/2023,0619100,Auckland Region,Teritorial Authority,Auckland,Polygon,Polygon,MultiPolygon,MultiPolygon,1,MultiPolygon,1
Auckland,"Robbery, blackmail, and extortion",Blackmail or other extortion,Windsor Park.,NZ,Auckland Region,Auckland.,1/07/2024,0180871,Auckland Region,Teritorial Authority,Auckland,Polygon,Polygon,MultiPolygon,MultiPolygon,1,MultiPolygon,1
Auckland,"Robbery, blackmail, and extortion",Aggravated robbery,Grey Lynn East.,NZ,Auckland Region,Auckland.,1/04/2025,0410000,Auckland Region,Teritorial Authority,Auckland,Polygon,Polygon,MultiPolygon,MultiPolygon,2,MultiPolygon,2
Auckland,"Robbery, blackmail, and extortion",Aggravated robbery,Mascot.,NZ,Auckland Region,Auckland.,1/02/2024,0742500,Auckland Region,Teritorial Authority,Auckland,Polygon,Polygon,MultiPolygon,MultiPolygon,1,MultiPolygon,1
Auckland,"Robbery, blackmail, and extortion",Blackmail or other extortion,Grafton West.,NZ,Auckland Region,Auckland.,1/12/2024,0440901,Auckland Region,Teritorial Authority,Auckland,Polygon,Polygon,MultiPolygon,MultiPolygon,1,MultiPolygon,1
Auckland,"Robbery, blackmail, and extortion",Blackmail or other extortion,Remuera West.,NZ,Auckland Region,Auckland.,1/08/2024,0481301,Auckland Region,Teritorial Authority,Auckland,Polygon,Polygon,MultiPolygon,MultiPolygon,1,MultiPolygon,1
Auckland,"Robbery, blackmail, and extortion",Aggravated robbery,Auckland Central West.,NZ,Auckland Region,Auckland.,1/11/2023,0434200,Auckland Region,Teritorial Authority,Auckland,Polygon,Polygon,MultiPolygon,MultiPolygon,1,MultiPolygon,1
Auckland,"Robbery, blackmail, and extortion",Aggravated robbery,Otahuhu West.,NZ,Auckland Region,Auckland.,1/02/2025,0783900,Auckland Region,Teritorial Authority,Auckland,Polygon,Polygon,MultiPolygon,MultiPolygon,1,MultiPolygon,1
Auckland,"Robbery, blackmail, and extortion",Blackmail or other extortion,Mt Wellington South.,NZ,Auckland Region,Auckland.,1/08/2024,0636400,Auckland Region,Teritorial Authority,Auckland,Polygon,Polygon,MultiPolygon,MultiPolygon,1,MultiPolygon,1
Auckland,"Robbery, blackmail, and extortion",Aggravated robbery,Green Bay.,NZ,Auckland Region,Auckland.,1/01/2024,0290300,Auckland Region,Teritorial Authority,Auckland,Polygon,Polygon,MultiPolygon,MultiPolygon,2,MultiPolygon,2
Auckland,"Robbery, blackmail, and extortion",Blackmail or other extortion,Fairdene.,NZ,Auckland Region,Auckland.,1/07/2024,0230701,Auckland Region,Teritorial Authority,Auckland,Polygon,Polygon,MultiPolygon,MultiPolygon,1,MultiPolygon,1
Auckland,"Robbery, blackmail, and extortion",Blackmail or other extortion,Birdwood East.,NZ,Auckland Region,Auckland.,1/04/2025,0226800,Auckland Region,Teritorial Authority,Auckland,Polygon,Polygon,MultiPolygon,MultiPolygon,1,MultiPolygon,1
Auckland,"Robbery, blackmail, and extortion",Aggravated robbery,Burswood.,NZ,Auckland Region,Auckland.,1/04/2024,0711408,Auckland Region,Teritorial Authority,Auckland,Polygon,Polygon,MultiPolygon,MultiPolygon,1,MultiPolygon,1
Auckland,"Robbery, blackmail, and extortion",Aggravated robbery,Avondale South.,NZ,Auckland Region,Auckland.,1/04/2025,0371900,Auckland Region,Teritorial Authority,Auckland,Polygon,Polygon,MultiPolygon,MultiPolygon,1,MultiPolygon,1
Auckland,"Robbery, blackmail, and extortion",Aggravated robbery,Woodglen.,NZ,Auckland Region,Auckland.,1/01/2024,0283400,Auckland Region,Teritorial Authority,Auckland,Polygon,Polygon,MultiPolygon,MultiPolygon,1,MultiPolygon,1
Auckland,"Robbery, blackmail, and extortion",Aggravated robbery,Hunua.,NZ,Auckland Region,Auckland.,1/11/2023,0816100,Auckland Region,Teritorial Authority,Auckland,Polygon,Polygon,MultiPolygon,MultiPolygon,1,MultiPolygon,1
Auckland,"Robbery, blackmail, and extortion",Aggravated robbery,Blockhouse Bay.,NZ,Auckland Region,Auckland.,1/04/2025,0370300,Auckland Region,Teritorial Authority,Auckland,Polygon,Polygon,MultiPolygon,MultiPolygon,2,MultiPolygon,2
Auckland,"Robbery, blackmail, and extortion",Non-aggravated robbery,Hauraki.,NZ,Auckland Region,Auckland.,1/09/2023,0324600,Auckland Region,Teritorial Authority,Auckland,Polygon,Polygon,MultiPolygon,MultiPolygon,1,MultiPolygon,1
Auckland,"Robbery, blackmail, and extortion",Blackmail or other extortion,Henderson South.,NZ,Auckland Region,Auckland.,1/04/2025,0241800,Auckland Region,Teritorial Authority,Auckland,Polygon,Polygon,MultiPolygon,MultiPolygon,1,MultiPolygon,1
Auckland,"Robbery, blackmail, and extortion",Aggravated robbery,Papatoetoe East.,NZ,Auckland Region,Auckland.,1/08/2023,0669300,Auckland Region,Teritorial Authority,Auckland,Polygon,Polygon,MultiPolygon,MultiPolygon,1,MultiPolygon,1
Auckland,"Robbery, blackmail, and extortion",Aggravated robbery,Mangere Central.,NZ,Auckland Region,Auckland.,1/05/2025,0740500,Auckland Region,Teritorial Authority,Auckland,Polygon,Polygon,MultiPolygon,MultiPolygon,1,MultiPolygon,1
Auckland,"Robbery, blackmail, and extortion",Blackmail or other extortion,Auckland Central West.,NZ,Auckland Region,Auckland.,1/09/2024,0433200,Auckland Region,Teritorial Authority,Auckland,Polygon,Polygon,MultiPolygon,MultiPolygon,1,MultiPolygon,1
Auckland,"Robbery, blackmail, and extortion",Blackmail or other extortion,Glenavon.,NZ,Auckland Region,Auckland.,1/01/2025,0379200,Auckland Region,Teritorial Authority,Auckland,Polygon,Polygon,MultiPolygon,MultiPolygon,1,MultiPolygon,1
Auckland,"Robbery, blackmail, and extortion",Non-aggravated robbery,Otahuhu West.,NZ,Auckland Region,Auckland.,1/11/2023,0781800,Auckland Region,Teritorial Authority,Auckland,Polygon,Polygon,MultiPolygon,MultiPolygon,2,MultiPolygon,2
Auckland,"Robbery, blackmail, and extortion",Aggravated robbery,Lynnmall.,NZ,Auckland Region,Auckland.,1/12/2023,0266000,Auckland Region,Teritorial Authority,Auckland,Polygon,Polygon,MultiPolygon,MultiPolygon,1,MultiPolygon,1
Auckland,"Robbery, blackmail, and extortion",Aggravated robbery,Hillsborough West.,NZ,Auckland Region,Auckland.,1/04/2025,0569600,Auckland Region,Teritorial Authority,Auckland,Polygon,Polygon,MultiPolygon,MultiPolygon,2,MultiPolygon,2
Auckland,"Robbery, blackmail, and extortion",Aggravated robbery,Whenuapai West.,NZ,Auckland Region,Auckland.,1/10/2023,0221700,Auckland Region,Teritorial Authority,Auckland,Polygon,Polygon,MultiPolygon,MultiPolygon,1,MultiPolygon,1
Auckland,"Robbery, blackmail, and extortion",Blackmail or other extortion,Sunnynook.,NZ,Auckland Region,Auckland.,1/07/2025,0191801,Auckland Region,Teritorial Authority,Auckland,Polygon,Polygon,MultiPolygon,MultiPolygon,1,MultiPolygon,1
Auckland,"Robbery, blackmail, and extortion",Aggravated robbery,Clendon North.,NZ,Auckland Region,Auckland.,1/09/2023,0774406,Auckland Region,Teritorial Authority,Auckland,Polygon,Polygon,MultiPolygon,MultiPolygon,1,MultiPolygon,1
Auckland,"Robbery, blackmail, and extortion",Aggravated robbery,Glenavon.,NZ,Auckland Region,Auckland.,1/02/2025,0378303,Auckland Region,Teritorial Authority,Auckland,Polygon,Polygon,MultiPolygon,MultiPolygon,1,MultiPolygon,1
Auckland,"Robbery, blackmail, and extortion",Aggravated robbery,Te Atatu Central.,NZ,Auckland Region,Auckland.,1/06/2025,0250101,Auckland Region,Teritorial Authority,Auckland,Polygon,Polygon,MultiPolygon,MultiPolygon,1,MultiPolygon,1
Auckland,"Robbery, blackmail, and extortion",Aggravated robbery,Rongomai.,NZ,Auckland Region,Auckland.,1/12/2023,0713005,Auckland Region,Teritorial Authority,Auckland,Polygon,Polygon,MultiPolygon,MultiPolygon,1,MultiPolygon,1
Auckland,"Robbery, blackmail, and extortion",Aggravated robbery,Leabank.,NZ,Auckland Region,Auckland.,1/11/2024,0771500,Auckland Region,Teritorial Authority,Auckland,Polygon,Polygon,MultiPolygon,MultiPolygon,2,MultiPolygon,2
Auckland,"Robbery, blackmail, and extortion",Aggravated robbery,Kingdale.,NZ,Auckland Region,Auckland.,1/07/2024,0231700,Auckland Region,Teritorial Authority,Auckland,Polygon,Polygon,MultiPolygon,MultiPolygon,1,MultiPolygon,1
Auckland,"Robbery, blackmail, and extortion",Aggravated robbery,Rongomai.,NZ,Auckland Region,Auckland.,1/09/2023,0712305,Auckland Region,Teritorial Authority,Auckland,Polygon,Polygon,MultiPolygon,MultiPolygon,1,MultiPolygon,1
Auckland,"Robbery, blackmail, and extortion",Aggravated robbery,Pukekohe North.,NZ,Auckland Region,Auckland.,1/06/2025,0819100,Auckland Region,Teritorial Authority,Auckland,Polygon,Polygon,MultiPolygon,MultiPolygon,3,MultiPolygon,3
Auckland,"Robbery, blackmail, and extortion",Blackmail or other extortion,Mission Bay.,NZ,Auckland Region,Auckland.,1/10/2024,0502700,Auckland Region,Teritorial Authority,Auckland,Polygon,Polygon,MultiPolygon,MultiPolygon,1,MultiPolygon,1
Auckland,"Robbery, blackmail, and extortion",Non-aggravated robbery,Albany.,NZ,Auckland Region,Auckland.,1/07/2024,0179000,Auckland Region,Teritorial Authority,Auckland,Polygon,Polygon,MultiPolygon,MultiPolygon,1,MultiPolygon,1
Auckland,"Robbery, blackmail, and extortion",Blackmail or other extortion,Papatoetoe Central.,NZ,Auckland Region,Auckland.,1/05/2024,0665300,Auckland Region,Teritorial Authority,Auckland,Polygon,Polygon,MultiPolygon,MultiPolygon,1,MultiPolygon,1
Auckland,"Robbery, blackmail, and extortion",Aggravated robbery,Highland Park.,NZ,Auckland Region,Auckland.,1/06/2025,0681324,Auckland Region,Teritorial Authority,Auckland,Polygon,Polygon,MultiPolygon,MultiPolygon,1,MultiPolygon,1
Auckland,"Robbery, blackmail, and extortion",Blackmail or other extortion,Epsom North.,NZ,Auckland Region,Auckland.,1/03/2025,0458200,Auckland Region,Teritorial Authority,Auckland,Polygon,Polygon,MultiPolygon,MultiPolygon,1,MultiPolygon,1
Auckland,"Robbery, blackmail, and extortion",Aggravated robbery,Papakura Central.,NZ,Auckland Region,Auckland.,1/04/2025,0793301,Auckland Region,Teritorial Authority,Auckland,Polygon,Polygon,MultiPolygon,MultiPolygon,1,MultiPolygon,1
Auckland,"Robbery, blackmail, and extortion",Aggravated robbery,Sherbourne.,NZ,Auckland Region,Auckland.,1/11/2023,0545300,Auckland Region,Teritorial Authority,Auckland,Polygon,Polygon,MultiPolygon,MultiPolygon,2,MultiPolygon,2
Auckland,"Robbery, blackmail, and extortion",Blackmail or other extortion,Matipo.,NZ,Auckland Region,Auckland.,1/04/2025,0245400,Auckland Region,Teritorial Authority,Auckland,Polygon,Polygon,MultiPolygon,MultiPolygon,1,MultiPolygon,1
Auckland,"Robbery, blackmail, and extortion",Blackmail or other extortion,Oaktree.,NZ,Auckland Region,Auckland.,1/12/2024,0160600,Auckland Region,Teritorial Authority,Auckland,Polygon,Polygon,MultiPolygon,MultiPolygon,1,MultiPolygon,1
Auckland,"Robbery, blackmail, and extortion",Non-aggravated robbery,Springleigh.,NZ,Auckland Region,Auckland.,1/10/2023,0524800,Auckland Region,Teritorial Authority,Auckland,Polygon,Polygon,MultiPolygon,MultiPolygon,1,MultiPolygon,1
Auckland,"Robbery, blackmail, and extortion",Aggravated robbery,Ranui Domain.,NZ,Auckland Region,Auckland.,1/08/2023,0235903,Auckland Region,Teritorial Authority,Auckland,Polygon,Polygon,MultiPolygon,MultiPolygon,1,MultiPolygon,1
Auckland,"Robbery, blackmail, and extortion",Blackmail or other extortion,Eden Terrace.,NZ,Auckland Region,Auckland.,1/06/2024,0421200,Auckland Region,Teritorial Authority,Auckland,Polygon,Polygon,MultiPolygon,MultiPolygon,1,MultiPolygon,1
Auckland,"Robbery, blackmail, and extortion",Aggravated robbery,Wiri.,NZ,Auckland Region,Auckland.,1/06/2025,0780410,Auckland Region,Teritorial Authority,Auckland,Polygon,Polygon,MultiPolygon,MultiPolygon,2,MultiPolygon,2
Auckland,"Robbery, blackmail, and extortion",Aggravated robbery,Otara West.,NZ,Auckland Region,Auckland.,1/02/2025,0697300,Auckland Region,Teritorial Authority,Auckland,Polygon,Polygon,MultiPolygon,MultiPolygon,1,MultiPolygon,1
Auckland,"Robbery, blackmail, and extortion",Non-aggravated robbery,Pukekohe North.,NZ,Auckland Region,Auckland.,1/11/2023,0818500,Auckland Region,Teritorial Authority,Auckland,Polygon,Polygon,MultiPolygon,MultiPolygon,1,MultiPolygon,1
Auckland,"Robbery, blackmail, and extortion",Aggravated robbery,Lynnmall.,NZ,Auckland Region,Auckland.,1/11/2023,0266000,Auckland Region,Teritorial Authority,Auckland,Polygon,Polygon,MultiPolygon,MultiPolygon,3,MultiPolygon,3
Auckland,"Robbery, blackmail, and extortion",Aggravated robbery,Maungawhau.,NZ,Auckland Region,Auckland.,1/02/2025,0553700,Auckland Region,Teritorial Authority,Auckland,Polygon,Polygon,MultiPolygon,MultiPolygon,1,MultiPolygon,1
Auckland,"Robbery, blackmail, and extortion",Aggravated robbery,Papakura East.,NZ,Auckland Region,Auckland.,1/06/2025,0796600,Auckland Region,Teritorial Authority,Auckland,Polygon,Polygon,MultiPolygon,MultiPolygon,1,MultiPolygon,1
Auckland,"Robbery, blackmail, and extortion",Aggravated robbery,Henderson South.,NZ,Auckland Region,Auckland.,1/10/2024,0244600,Auckland Region,Teritorial Authority,Auckland,Polygon,Polygon,MultiPolygon,MultiPolygon,1,MultiPolygon,1
Auckland,"Robbery, blackmail, and extortion",Aggravated robbery,Dingwall.,NZ,Auckland Region,Auckland.,1/02/2024,0666800,Auckland Region,Teritorial Authority,Auckland,Polygon,Polygon,MultiPolygon,MultiPolygon,6,MultiPolygon,6
Auckland,"Robbery, blackmail, and extortion",Aggravated robbery,Mcleod.,NZ,Auckland Region,Auckland.,1/06/2024,0257601,Auckland Region,Teritorial Authority,Auckland,Polygon,Polygon,MultiPolygon,MultiPolygon,1,MultiPolygon,1
Auckland,"Robbery, blackmail, and extortion",Blackmail or other extortion,Grafton West.,NZ,Auckland Region,Auckland.,1/06/2024,0440901,Auckland Region,Teritorial Authority,Auckland,Polygon,Polygon,MultiPolygon,MultiPolygon,1,MultiPolygon,1
Auckland,"Robbery, blackmail, and extortion",Aggravated robbery,Pakuranga East.,NZ,Auckland Region,Auckland.,1/07/2025,0691000,Auckland Region,Teritorial Authority,Auckland,Polygon,Polygon,MultiPolygon,MultiPolygon,2,MultiPolygon,2
Auckland,"Robbery, blackmail, and extortion",Aggravated robbery,Glenavon.,NZ,Auckland Region,Auckland.,1/03/2025,0378800,Auckland Region,Teritorial Authority,Auckland,Polygon,Polygon,MultiPolygon,MultiPolygon,1,MultiPolygon,1
Auckland,"Robbery, blackmail, and extortion",Aggravated robbery,Onehunga South East.,NZ,Auckland Region,Auckland.,1/04/2025,0602402,Auckland Region,Teritorial Authority,Auckland,Polygon,Polygon,MultiPolygon,MultiPolygon,1,MultiPolygon,1
Auckland,"Robbery, blackmail, and extortion",Blackmail or other extortion,Ormiston.,NZ,Auckland Region,Auckland.,1/04/2025,0713501,Auckland Region,Teritorial Authority,Auckland,Polygon,Polygon,MultiPolygon,MultiPolygon,1,MultiPolygon,1
Auckland,"Robbery, blackmail, and extortion",Blackmail or other extortion,Tauhoa-Puhoi.,NZ,Auckland Region,Auckland.,1/04/2024,0146702,Auckland Region,Teritorial Authority,Auckland,MultiPolygon,Polygon,MultiPolygon,MultiPolygon,1,MultiPolygon,1
Auckland,"Robbery, blackmail, and extortion",Aggravated robbery,Windsor Park.,NZ,Auckland Region,Auckland.,1/10/2024,0180826,Auckland Region,Teritorial Authority,Auckland,Polygon,Polygon,MultiPolygon,MultiPolygon,1,MultiPolygon,1
Auckland,"Robbery, blackmail, and extortion",Aggravated robbery,Oranga.,NZ,Auckland Region,Auckland.,1/03/2025,0603800,Auckland Region,Teritorial Authority,Auckland,Polygon,Polygon,MultiPolygon,MultiPolygon,1,MultiPolygon,1
Auckland,"Robbery, blackmail, and extortion",Blackmail or other extortion,Parrs Park West.,NZ,Auckland Region,Auckland.,1/12/2023,0278001,Auckland Region,Teritorial Authority,Auckland,Polygon,Polygon,MultiPolygon,MultiPolygon,1,MultiPolygon,1
Auckland,"Robbery, blackmail, and extortion",Aggravated robbery,Massey Park.,NZ,Auckland Region,Auckland.,1/01/2024,0797700,Auckland Region,Teritorial Authority,Auckland,Polygon,Polygon,MultiPolygon,MultiPolygon,1,MultiPolygon,1
Auckland,"Robbery, blackmail, and extortion",Aggravated robbery,Pakuranga East.,NZ,Auckland Region,Auckland.,1/04/2025,0690200,Auckland Region,Teritorial Authority,Auckland,Polygon,Polygon,MultiPolygon,MultiPolygon,1,MultiPolygon,1
Auckland,"Robbery, blackmail, and extortion",Blackmail or other extortion,Paerata-Cape Hill.,NZ,Auckland Region,Auckland.,1/04/2025,0826907,Auckland Region,Teritorial Authority,Auckland,Polygon,Polygon,MultiPolygon,MultiPolygon,1,MultiPolygon,1
Auckland,"Robbery, blackmail, and extortion",Aggravated robbery,Kelston Central.,NZ,Auckland Region,Auckland.,1/11/2023,0270202,Auckland Region,Teritorial Authority,Auckland,Polygon,Polygon,MultiPolygon,MultiPolygon,1,MultiPolygon,1
Auckland,"Robbery, blackmail, and extortion",Blackmail or other extortion,Glamorgan.,NZ,Auckland Region,Auckland.,1/08/2023,0166600,Auckland Region,Teritorial Authority,Auckland,Polygon,Polygon,MultiPolygon,MultiPolygon,1,MultiPolygon,1
Auckland,"Robbery, blackmail, and extortion",Aggravated robbery,Henderson South.,NZ,Auckland Region,Auckland.,1/06/2024,0244600,Auckland Region,Teritorial Authority,Auckland,Polygon,Polygon,MultiPolygon,MultiPolygon,2,MultiPolygon,2
Auckland,"Robbery, blackmail, and extortion",Non-aggravated robbery,Mt Wellington South.,NZ,Auckland Region,Auckland.,1/07/2024,0637500,Auckland Region,Teritorial Authority,Auckland,Polygon,Polygon,MultiPolygon,MultiPolygon,1,MultiPolygon,1
Auckland,"Robbery, blackmail, and extortion",Aggravated robbery,Glen Eden East.,NZ,Auckland Region,Auckland.,1/05/2025,0285800,Auckland Region,Teritorial Authority,Auckland,Polygon,Polygon,MultiPolygon,MultiPolygon,3,MultiPolygon,3
Auckland,"Robbery, blackmail, and extortion",Aggravated robbery,Otahuhu West.,NZ,Auckland Region,Auckland.,1/10/2024,0781700,Auckland Region,Teritorial Authority,Auckland,Polygon,Polygon,MultiPolygon,MultiPolygon,1,MultiPolygon,1
Auckland,"Robbery, blackmail, and extortion",Blackmail or other extortion,Ormiston.,NZ,Auckland Region,Auckland.,1/11/2024,0713501,Auckland Region,Teritorial Authority,Auckland,Polygon,Polygon,MultiPolygon,MultiPolygon,1,MultiPolygon,1
Auckland,"Robbery, blackmail, and extortion",Blackmail or other extortion,Fairview.,NZ,Auckland Region,Auckland.,1/09/2023,0179205,Auckland Region,Teritorial Authority,Auckland,Polygon,Polygon,MultiPolygon,MultiPolygon,1,MultiPolygon,1
Auckland,"Robbery, blackmail, and extortion",Blackmail or other extortion,Huapai.,NZ,Auckland Region,Auckland.,1/12/2024,0215000,Auckland Region,Teritorial Authority,Auckland,Polygon,Polygon,MultiPolygon,MultiPolygon,3,MultiPolygon,3
Auckland,"Robbery, blackmail, and extortion",Aggravated robbery,Mt Wellington South.,NZ,Auckland Region,Auckland.,1/07/2024,0637500,Auckland Region,Teritorial Authority,Auckland,Polygon,Polygon,MultiPolygon,MultiPolygon,1,MultiPolygon,1
Auckland,"Robbery, blackmail, and extortion",Aggravated robbery,Lynnmall.,NZ,Auckland Region,Auckland.,1/02/2025,0266100,Auckland Region,Teritorial Authority,Auckland,Polygon,Polygon,MultiPolygon,MultiPolygon,1,MultiPolygon,1
Auckland,"Robbery, blackmail, and extortion",Aggravated robbery,Tangutu.,NZ,Auckland Region,Auckland.,1/10/2024,0282813,Auckland Region,Teritorial Authority,Auckland,Polygon,Polygon,MultiPolygon,MultiPolygon,1,MultiPolygon,1
Auckland,"Robbery, blackmail, and extortion",Aggravated robbery,Wesley.,NZ,Auckland Region,Auckland.,1/11/2023,0578000,Auckland Region,Teritorial Authority,Auckland,Polygon,Polygon,MultiPolygon,MultiPolygon,1,MultiPolygon,1
Auckland,"Robbery, blackmail, and extortion",Aggravated robbery,Pahurehure.,NZ,Auckland Region,Auckland.,1/07/2025,0805601,Auckland Region,Teritorial Authority,Auckland,Polygon,Polygon,MultiPolygon,MultiPolygon,1,MultiPolygon,1
Auckland,"Robbery, blackmail, and extortion",Non-aggravated robbery,Glen Innes West.,NZ,Auckland Region,Auckland.,1/07/2024,0470100,Auckland Region,Teritorial Authority,Auckland,Polygon,Polygon,MultiPolygon,MultiPolygon,1,MultiPolygon,1
Auckland,"Robbery, blackmail, and extortion",Aggravated robbery,Point Chevalier East.,NZ,Auckland Region,Auckland.,1/02/2025,0396600,Auckland Region,Teritorial Authority,Auckland,Polygon,Polygon,MultiPolygon,MultiPolygon,1,MultiPolygon,1
Auckland,"Robbery, blackmail, and extortion",Aggravated robbery,Leabank.,NZ,Auckland Region,Auckland.,1/11/2023,0772903,Auckland Region,Teritorial Authority,Auckland,Polygon,Polygon,MultiPolygon,MultiPolygon,1,MultiPolygon,1
Auckland,"Robbery, blackmail, and extortion",Aggravated robbery,Mangere Central.,NZ,Auckland Region,Auckland.,1/11/2023,0740500,Auckland Region,Teritorial Authority,Auckland,Polygon,Polygon,MultiPolygon,MultiPolygon,1,MultiPolygon,1
Auckland,"Robbery, blackmail, and extortion",Aggravated robbery,Papakura North East.,NZ,Auckland Region,Auckland.,1/04/2025,0793900,Auckland Region,Teritorial Authority,Auckland,Polygon,Polygon,MultiPolygon,MultiPolygon,1,MultiPolygon,1
Auckland,"Robbery, blackmail, and extortion",Blackmail or other extortion,Kaukapakapa Rural.,NZ,Auckland Region,Auckland.,1/10/2023,0212404,Auckland Region,Teritorial Authority,Auckland,MultiPolygon,Polygon,MultiPolygon,MultiPolygon,1,MultiPolygon,1
Auckland,"Robbery, blackmail, and extortion",Aggravated robbery,Papakura Central.,NZ,Auckland Region,Auckland.,1/05/2025,0793000,Auckland Region,Teritorial Authority,Auckland,Polygon,Polygon,MultiPolygon,MultiPolygon,1,MultiPolygon,1
Auckland,"Robbery, blackmail, and extortion",Blackmail or other extortion,Henderson South.,NZ,Auckland Region,Auckland.,1/08/2024,0244600,Auckland Region,Teritorial Authority,Auckland,Polygon,Polygon,MultiPolygon,MultiPolygon,1,MultiPolygon,1
Auckland,"Robbery, blackmail, and extortion",Aggravated robbery,Sandringham West.,NZ,Auckland Region,Auckland.,1/08/2024,0540002,Auckland Region,Teritorial Authority,Auckland,Polygon,Polygon,MultiPolygon,MultiPolygon,1,MultiPolygon,1
Auckland,"Robbery, blackmail, and extortion",Aggravated robbery,Auckland Central West.,NZ,Auckland Region,Auckland.,1/01/2025,0432700,Auckland Region,Teritorial Authority,Auckland,Polygon,Polygon,MultiPolygon,MultiPolygon,2,MultiPolygon,2
Auckland,"Robbery, blackmail, and extortion",Aggravated robbery,Wesley.,NZ,Auckland Region,Auckland.,1/11/2023,0578000,Auckland Region,Teritorial Authority,Auckland,Polygon,Polygon,MultiPolygon,MultiPolygon,1,MultiPolygon,1
Auckland,"Robbery, blackmail, and extortion",Aggravated robbery,Papatoetoe North.,NZ,Auckland Region,Auckland.,1/01/2024,0661300,Auckland Region,Teritorial Authority,Auckland,Polygon,Polygon,MultiPolygon,MultiPolygon,2,MultiPolygon,2
Auckland,"Robbery, blackmail, and extortion",Blackmail or other extortion,Tangutu.,NZ,Auckland Region,Auckland.,1/04/2024,0282821,Auckland Region,Teritorial Authority,Auckland,Polygon,Polygon,MultiPolygon,MultiPolygon,1,MultiPolygon,1
Auckland,"Robbery, blackmail, and extortion",Blackmail or other extortion,Snells Beach.,NZ,Auckland Region,Auckland.,1/10/2023,0141507,Auckland Region,Teritorial Authority,Auckland,Polygon,Polygon,MultiPolygon,MultiPolygon,1,MultiPolygon,1
Auckland,"Robbery, blackmail, and extortion",Aggravated robbery,Puhinui South.,NZ,Auckland Region,Auckland.,1/05/2025,0780202,Auckland Region,Teritorial Authority,Auckland,Polygon,Polygon,MultiPolygon,MultiPolygon,1,MultiPolygon,1
Auckland,"Robbery, blackmail, and extortion",Aggravated robbery,Ranui Domain.,NZ,Auckland Region,Auckland.,1/12/2023,0235103,Auckland Region,Teritorial Authority,Auckland,Polygon,Polygon,MultiPolygon,MultiPolygon,1,MultiPolygon,1
Auckland,"Robbery, blackmail, and extortion",Aggravated robbery,Otara South.,NZ,Auckland Region,Auckland.,1/08/2024,0706900,Auckland Region,Teritorial Authority,Auckland,Polygon,Polygon,MultiPolygon,MultiPolygon,1,MultiPolygon,1
Auckland,"Robbery, blackmail, and extortion",Aggravated robbery,Northcote South.,NZ,Auckland Region,Auckland.,1/01/2025,0359600,Auckland Region,Teritorial Authority,Auckland,Polygon,Polygon,MultiPolygon,MultiPolygon,1,MultiPolygon,1
Auckland,"Robbery, blackmail, and extortion",Aggravated robbery,Manurewa East.,NZ,Auckland Region,Auckland.,1/05/2025,0758200,Auckland Region,Teritorial Authority,Auckland,Polygon,Polygon,MultiPolygon,MultiPolygon,1,MultiPolygon,1
Auckland,"Robbery, blackmail, and extortion",Aggravated robbery,Glenfield Central.,NZ,Auckland Region,Auckland.,1/03/2024,0200100,Auckland Region,Teritorial Authority,Auckland,Polygon,Polygon,MultiPolygon,MultiPolygon,1,MultiPolygon,1
Auckland,"Robbery, blackmail, and extortion",Aggravated robbery,Woodglen.,NZ,Auckland Region,Auckland.,1/06/2025,0284701,Auckland Region,Teritorial Authority,Auckland,Polygon,Polygon,MultiPolygon,MultiPolygon,2,MultiPolygon,2
Auckland,"Robbery, blackmail, and extortion",Non-aggravated robbery,Sunnyvale.,NZ,Auckland Region,Auckland.,1/07/2024,0277902,Auckland Region,Teritorial Authority,Auckland,Polygon,Polygon,MultiPolygon,MultiPolygon,1,MultiPolygon,1
Auckland,"Robbery, blackmail, and extortion",Non-aggravated robbery,Point Chevalier East.,NZ,Auckland Region,Auckland.,1/09/2024,0396500,Auckland Region,Teritorial Authority,Auckland,Polygon,Polygon,MultiPolygon,MultiPolygon,1,MultiPolygon,1
Auckland,"Robbery, blackmail, and extortion",Aggravated robbery,Papatoetoe East.,NZ,Auckland Region,Auckland.,1/03/2025,0668600,Auckland Region,Teritorial Authority,Auckland,Polygon,Polygon,MultiPolygon,MultiPolygon,1,MultiPolygon,1
Auckland,"Robbery, blackmail, and extortion",Aggravated robbery,Glen Eden East.,NZ,Auckland Region,Auckland.,1/01/2024,0286200,Auckland Region,Teritorial Authority,Auckland,Polygon,Polygon,MultiPolygon,MultiPolygon,3,MultiPolygon,3
Auckland,"Robbery, blackmail, and extortion",Non-aggravated robbery,Roberton.,NZ,Auckland Region,Auckland.,1/06/2025,0382700,Auckland Region,Teritorial Authority,Auckland,Polygon,Polygon,MultiPolygon,MultiPolygon,1,MultiPolygon,1
Auckland,"Robbery, blackmail, and extortion",Blackmail or other extortion,Glen Innes East.,NZ,Auckland Region,Auckland.,1/03/2025,0473800,Auckland Region,Teritorial Authority,Auckland,Polygon,Polygon,MultiPolygon,MultiPolygon,1,MultiPolygon,1
Auckland,"Robbery, blackmail, and extortion",Aggravated robbery,Albany.,NZ,Auckland Region,Auckland.,1/10/2024,0178900,Auckland Region,Teritorial Authority,Auckland,Polygon,Polygon,MultiPolygon,MultiPolygon,1,MultiPolygon,1
Auckland,"Robbery, blackmail, and extortion",Blackmail or other extortion,Onehunga South East.,NZ,Auckland Region,Auckland.,1/10/2024,0600100,Auckland Region,Teritorial Authority,Auckland,Polygon,Polygon,MultiPolygon,MultiPolygon,2,MultiPolygon,2
Auckland,"Robbery, blackmail, and extortion",Aggravated robbery,Waimumu North.,NZ,Auckland Region,Auckland.,1/03/2025,0227701,Auckland Region,Teritorial Authority,Auckland,Polygon,Polygon,MultiPolygon,MultiPolygon,2,MultiPolygon,2
Auckland,"Robbery, blackmail, and extortion",Aggravated robbery,Manukau Central.,NZ,Auckland Region,Auckland.,1/01/2024,0780209,Auckland Region,Teritorial Authority,Auckland,Polygon,Polygon,MultiPolygon,MultiPolygon,1,MultiPolygon,1
Auckland,"Robbery, blackmail, and extortion",Aggravated robbery,Lynnmall.,NZ,Auckland Region,Auckland.,1/06/2025,0266000,Auckland Region,Teritorial Authority,Auckland,Polygon,Polygon,MultiPolygon,MultiPolygon,1,MultiPolygon,1
Auckland,"Robbery, blackmail, and extortion",Blackmail or other extortion,Ormiston.,NZ,Auckland Region,Auckland.,1/10/2023,0712600,Auckland Region,Teritorial Authority,Auckland,Polygon,Polygon,MultiPolygon,MultiPolygon,1,MultiPolygon,1
Auckland,"Robbery, blackmail, and extortion",Aggravated robbery,Titirangi South.,NZ,Auckland Region,Auckland.,1/05/2025,0295300,Auckland Region,Teritorial Authority,Auckland,Polygon,Polygon,MultiPolygon,MultiPolygon,1,MultiPolygon,1
Auckland,"Robbery, blackmail, and extortion",Aggravated robbery,Mt Wellington West.,NZ,Auckland Region,Auckland.,1/06/2025,0626500,Auckland Region,Teritorial Authority,Auckland,Polygon,Polygon,MultiPolygon,MultiPolygon,1,MultiPolygon,1
Auckland,"Robbery, blackmail, and extortion",Non-aggravated robbery,Glen Eden East.,NZ,Auckland Region,Auckland.,1/06/2025,0286200,Auckland Region,Teritorial Authority,Auckland,Polygon,Polygon,MultiPolygon,MultiPolygon,1,MultiPolygon,1
Auckland,"Robbery, blackmail, and extortion",Aggravated robbery,Papakura Central.,NZ,Auckland Region,Auckland.,1/09/2023,0792302,Auckland Region,Teritorial Authority,Auckland,Polygon,Polygon,MultiPolygon,MultiPolygon,1,MultiPolygon,1
Auckland,"Robbery, blackmail, and extortion",Blackmail or other extortion,Weymouth East.,NZ,Auckland Region,Auckland.,1/04/2025,0774207,Auckland Region,Teritorial Authority,Auckland,Polygon,Polygon,MultiPolygon,MultiPolygon,1,MultiPolygon,1
Auckland,"Robbery, blackmail, and extortion",Non-aggravated robbery,Northcross.,NZ,Auckland Region,Auckland.,1/06/2024,0179113,Auckland Region,Teritorial Authority,Auckland,Polygon,Polygon,MultiPolygon,MultiPolygon,1,MultiPolygon,1
Auckland,"Robbery, blackmail, and extortion",Non-aggravated robbery,Otahuhu West.,NZ,Auckland Region,Auckland.,1/01/2025,0784200,Auckland Region,Teritorial Authority,Auckland,Polygon,Polygon,MultiPolygon,MultiPolygon,2,MultiPolygon,2
Auckland,"Robbery, blackmail, and extortion",Blackmail or other extortion,Papatoetoe Central.,NZ,Auckland Region,Auckland.,1/01/2024,0663500,Auckland Region,Teritorial Authority,Auckland,Polygon,Polygon,MultiPolygon,MultiPolygon,1,MultiPolygon,1
Auckland,"Robbery, blackmail, and extortion",Aggravated robbery,Puhinui South.,NZ,Auckland Region,Auckland.,1/03/2025,0780205,Auckland Region,Teritorial Authority,Auckland,Polygon,Polygon,MultiPolygon,MultiPolygon,2,MultiPolygon,2
Auckland,"Robbery, blackmail, and extortion",Aggravated robbery,Manurewa East.,NZ,Auckland Region,Auckland.,1/02/2025,0759400,Auckland Region,Teritorial Authority,Auckland,Polygon,Polygon,MultiPolygon,MultiPolygon,1,MultiPolygon,1
Auckland,"Robbery, blackmail, and extortion",Aggravated robbery,Lynnmall.,NZ,Auckland Region,Auckland.,1/11/2023,0264913,Auckland Region,Teritorial Authority,Auckland,Polygon,Polygon,MultiPolygon,MultiPolygon,2,MultiPolygon,2
Auckland,"Robbery, blackmail, and extortion",Aggravated robbery,Mt Wellington West.,NZ,Auckland Region,Auckland.,1/06/2025,0625704,Auckland Region,Teritorial Authority,Auckland,Polygon,Polygon,MultiPolygon,MultiPolygon,3,MultiPolygon,3
Auckland,"Robbery, blackmail, and extortion",Non-aggravated robbery,Otahuhu West.,NZ,Auckland Region,Auckland.,1/11/2024,0784500,Auckland Region,Teritorial Authority,Auckland,Polygon,Polygon,MultiPolygon,MultiPolygon,1,MultiPolygon,1
Auckland,"Robbery, blackmail, and extortion",Aggravated robbery,Papakura East.,NZ,Auckland Region,Auckland.,1/09/2023,0799111,Auckland Region,Teritorial Authority,Auckland,Polygon,Polygon,MultiPolygon,MultiPolygon,1,MultiPolygon,1
Auckland,"Robbery, blackmail, and extortion",Blackmail or other extortion,Oratia.,NZ,Auckland Region,Auckland.,1/04/2025,0278514,Auckland Region,Teritorial Authority,Auckland,Polygon,Polygon,MultiPolygon,MultiPolygon,1,MultiPolygon,1
Auckland,"Robbery, blackmail, and extortion",Non-aggravated robbery,Sunnybrae.,NZ,Auckland Region,Auckland.,1/10/2024,0204500,Auckland Region,Teritorial Authority,Auckland,Polygon,Polygon,MultiPolygon,MultiPolygon,1,MultiPolygon,1
Auckland,"Robbery, blackmail, and extortion",Aggravated robbery,Springleigh.,NZ,Auckland Region,Auckland.,1/08/2024,0524800,Auckland Region,Teritorial Authority,Auckland,Polygon,Polygon,MultiPolygon,MultiPolygon,2,MultiPolygon,2
Auckland,"Robbery, blackmail, and extortion",Aggravated robbery,Rongomai.,NZ,Auckland Region,Auckland.,1/08/2024,0713005,Auckland Region,Teritorial Authority,Auckland,Polygon,Polygon,MultiPolygon,MultiPolygon,2,MultiPolygon,2
Auckland,"Robbery, blackmail, and extortion",Aggravated robbery,Otahuhu West.,NZ,Auckland Region,Auckland.,1/11/2023,0784801,Auckland Region,Teritorial Authority,Auckland,Polygon,Polygon,MultiPolygon,MultiPolygon,1,MultiPolygon,1
Auckland,"Robbery, blackmail, and extortion",Blackmail or other extortion,Westgate.,NZ,Auckland Region,Auckland.,1/07/2025,0224306,Auckland Region,Teritorial Authority,Auckland,Polygon,Polygon,MultiPolygon,MultiPolygon,1,MultiPolygon,1
Auckland,"Robbery, blackmail, and extortion",Aggravated robbery,Otahuhu West.,NZ,Auckland Region,Auckland.,1/11/2024,0784500,Auckland Region,Teritorial Authority,Auckland,Polygon,Polygon,MultiPolygon,MultiPolygon,1,MultiPolygon,1
Auckland,"Robbery, blackmail, and extortion",Blackmail or other extortion,Favona North.,NZ,Auckland Region,Auckland.,1/03/2024,0730001,Auckland Region,Teritorial Authority,Auckland,MultiPolygon,Polygon,MultiPolygon,MultiPolygon,1,MultiPolygon,1
Auckland,"Robbery, blackmail, and extortion",Blackmail or other extortion,Highland Park.,NZ,Auckland Region,Auckland.,1/11/2024,0681303,Auckland Region,Teritorial Authority,Auckland,Polygon,Polygon,MultiPolygon,MultiPolygon,1,MultiPolygon,1
Auckland,"Robbery, blackmail, and extortion",Aggravated robbery,Whenuapai West.,NZ,Auckland Region,Auckland.,1/04/2025,0224000,Auckland Region,Teritorial Authority,Auckland,Polygon,Polygon,MultiPolygon,MultiPolygon,1,MultiPolygon,1
Auckland,"Robbery, blackmail, and extortion",Aggravated robbery,Puhinui South.,NZ,Auckland Region,Auckland.,1/03/2025,0780205,Auckland Region,Teritorial Authority,Auckland,Polygon,Polygon,MultiPolygon,MultiPolygon,1,MultiPolygon,1
Auckland,"Robbery, blackmail, and extortion",Aggravated robbery,Mt Wellington South.,NZ,Auckland Region,Auckland.,1/08/2024,0639400,Auckland Region,Teritorial Authority,Auckland,Polygon,Polygon,MultiPolygon,MultiPolygon,2,MultiPolygon,2
Auckland,"Robbery, blackmail, and extortion",Aggravated robbery,Auckland Central West.,NZ,Auckland Region,Auckland.,1/01/2024,0435202,Auckland Region,Teritorial Authority,Auckland,Polygon,Polygon,MultiPolygon,MultiPolygon,1,MultiPolygon,1
Auckland,"Robbery, blackmail, and extortion",Blackmail or other extortion,Glen Innes West.,NZ,Auckland Region,Auckland.,1/05/2025,0476000,Auckland Region,Teritorial Authority,Auckland,Polygon,Polygon,MultiPolygon,MultiPolygon,1,MultiPolygon,1
Auckland,"Robbery, blackmail, and extortion",Non-aggravated robbery,Sandringham North.,NZ,Auckland Region,Auckland.,1/11/2024,0536200,Auckland Region,Teritorial Authority,Auckland,Polygon,Polygon,MultiPolygon,MultiPolygon,1,MultiPolygon,1
Auckland,"Robbery, blackmail, and extortion",Blackmail or other extortion,Papatoetoe North.,NZ,Auckland Region,Auckland.,1/03/2024,0662200,Auckland Region,Teritorial Authority,Auckland,Polygon,Polygon,MultiPolygon,MultiPolygon,1,MultiPolygon,1
Auckland,"Robbery, blackmail, and extortion",Blackmail or other extortion,Wiri.,NZ,Auckland Region,Auckland.,1/10/2024,0780416,Auckland Region,Teritorial Authority,Auckland,Polygon,Polygon,MultiPolygon,MultiPolygon,1,MultiPolygon,1
Auckland,"Robbery, blackmail, and extortion",Aggravated robbery,Parrs Park West.,NZ,Auckland Region,Auckland.,1/10/2023,0278105,Auckland Region,Teritorial Authority,Auckland,Polygon,Polygon,MultiPolygon,MultiPolygon,1,MultiPolygon,1
Auckland,"Robbery, blackmail, and extortion",Aggravated robbery,Glen Innes North.,NZ,Auckland Region,Auckland.,1/03/2025,0468300,Auckland Region,Teritorial Authority,Auckland,Polygon,Polygon,MultiPolygon,MultiPolygon,2,MultiPolygon,2
Auckland,"Robbery, blackmail, and extortion",Aggravated robbery,Mangere Bridge.,NZ,Auckland Region,Auckland.,1/05/2024,0722502,Auckland Region,Teritorial Authority,Auckland,Polygon,Polygon,MultiPolygon,MultiPolygon,2,MultiPolygon,2
Auckland,"Robbery, blackmail, and extortion",Aggravated robbery,Three Kings.,NZ,Auckland Region,Auckland.,1/02/2025,0561000,Auckland Region,Teritorial Authority,Auckland,Polygon,Polygon,MultiPolygon,MultiPolygon,4,MultiPolygon,4
Auckland,"Robbery, blackmail, and extortion",Aggravated robbery,Auckland Central West.,NZ,Auckland Region,Auckland.,1/11/2024,0434200,Auckland Region,Teritorial Authority,Auckland,Polygon,Polygon,MultiPolygon,MultiPolygon,1,MultiPolygon,1
Auckland,"Robbery, blackmail, and extortion",Blackmail or other extortion,Karekare.,NZ,Auckland Region,Auckland.,1/08/2023,0303101,Auckland Region,Teritorial Authority,Auckland,MultiPolygon,Polygon,MultiPolygon,MultiPolygon,1,MultiPolygon,1
Auckland,"Robbery, blackmail, and extortion",Blackmail or other extortion,Hillpark.,NZ,Auckland Region,Auckland.,1/10/2024,0755100,Auckland Region,Teritorial Authority,Auckland,Polygon,Polygon,MultiPolygon,MultiPolygon,1,MultiPolygon,1
Auckland,"Robbery, blackmail, and extortion",Non-aggravated robbery,Mt Victoria.,NZ,Auckland Region,Auckland.,1/12/2024,0329300,Auckland Region,Teritorial Authority,Auckland,Polygon,Polygon,MultiPolygon,MultiPolygon,1,MultiPolygon,1
Auckland,"Robbery, blackmail, and extortion",Aggravated robbery,Henderson North.,NZ,Auckland Region,Auckland.,1/03/2025,0239501,Auckland Region,Teritorial Authority,Auckland,Polygon,Polygon,MultiPolygon,MultiPolygon,1,MultiPolygon,1
Auckland,"Robbery, blackmail, and extortion",Aggravated robbery,Opaheke.,NZ,Auckland Region,Auckland.,1/01/2024,0801800,Auckland Region,Teritorial Authority,Auckland,Polygon,Polygon,MultiPolygon,MultiPolygon,1,MultiPolygon,1
Auckland,"Robbery, blackmail, and extortion",Aggravated robbery,Harania West.,NZ,Auckland Region,Auckland.,1/01/2024,0734603,Auckland Region,Teritorial Authority,Auckland,Polygon,Polygon,MultiPolygon,MultiPolygon,2,MultiPolygon,2
Auckland,"Robbery, blackmail, and extortion",Aggravated robbery,Newmarket.,NZ,Auckland Region,Auckland.,1/02/2025,0451300,Auckland Region,Teritorial Authority,Auckland,Polygon,Polygon,MultiPolygon,MultiPolygon,1,MultiPolygon,1
Auckland,"Robbery, blackmail, and extortion",Aggravated robbery,Glen Eden East.,NZ,Auckland Region,Auckland.,1/07/2025,0286200,Auckland Region,Teritorial Authority,Auckland,Polygon,Polygon,MultiPolygon,MultiPolygon,2,MultiPolygon,2
Auckland,"Robbery, blackmail, and extortion",Aggravated robbery,Glenavon.,NZ,Auckland Region,Auckland.,1/06/2024,0380800,Auckland Region,Teritorial Authority,Auckland,Polygon,Polygon,MultiPolygon,MultiPolygon,4,MultiPolygon,4
Auckland,"Robbery, blackmail, and extortion",Aggravated robbery,Otahuhu West.,NZ,Auckland Region,Auckland.,1/07/2025,0782200,Auckland Region,Teritorial Authority,Auckland,Polygon,Polygon,MultiPolygon,MultiPolygon,1,MultiPolygon,1
Auckland,"Robbery, blackmail, and extortion",Blackmail or other extortion,Greenmount.,NZ,Auckland Region,Auckland.,1/08/2023,0711812,Auckland Region,Teritorial Authority,Auckland,Polygon,Polygon,MultiPolygon,MultiPolygon,1,MultiPolygon,1
Auckland,"Robbery, blackmail, and extortion",Blackmail or other extortion,Clover Park.,NZ,Auckland Region,Auckland.,1/12/2024,0715400,Auckland Region,Teritorial Authority,Auckland,Polygon,Polygon,MultiPolygon,MultiPolygon,1,MultiPolygon,1
Auckland,"Robbery, blackmail, and extortion",Aggravated robbery,Millhouse.,NZ,Auckland Region,Auckland.,1/04/2024,0711174,Auckland Region,Teritorial Authority,Auckland,Polygon,Polygon,MultiPolygon,MultiPolygon,1,MultiPolygon,1
Auckland,"Robbery, blackmail, and extortion",Aggravated robbery,Beachhaven North.,NZ,Auckland Region,Auckland.,1/03/2025,0343000,Auckland Region,Teritorial Authority,Auckland,Polygon,Polygon,MultiPolygon,MultiPolygon,1,MultiPolygon,1
Auckland,"Robbery, blackmail, and extortion",Aggravated robbery,Glen Innes West.,NZ,Auckland Region,Auckland.,1/07/2025,0475000,Auckland Region,Teritorial Authority,Auckland,Polygon,Polygon,MultiPolygon,MultiPolygon,1,MultiPolygon,1
Auckland,"Robbery, blackmail, and extortion",Blackmail or other extortion,Waiake.,NZ,Auckland Region,Auckland.,1/01/2025,0163300,Auckland Region,Teritorial Authority,Auckland,Polygon,Polygon,MultiPolygon,MultiPolygon,1,MultiPolygon,1
Auckland,"Robbery, blackmail, and extortion",Non-aggravated robbery,Favona North.,NZ,Auckland Region,Auckland.,1/07/2025,0730200,Auckland Region,Teritorial Authority,Auckland,MultiPolygon,Polygon,MultiPolygon,MultiPolygon,1,MultiPolygon,1
Auckland,"Robbery, blackmail, and extortion",Blackmail or other extortion,Auckland Central West.,NZ,Auckland Region,Auckland.,1/09/2023,0434902,Auckland Region,Teritorial Authority,Auckland,Polygon,Polygon,MultiPolygon,MultiPolygon,1,MultiPolygon,1
Auckland,"Robbery, blackmail, and extortion",Non-aggravated robbery,Herald.,NZ,Auckland Region,Auckland.,1/05/2024,0220700,Auckland Region,Teritorial Authority,Auckland,Polygon,Polygon,MultiPolygon,MultiPolygon,2,MultiPolygon,2
Auckland,"Robbery, blackmail, and extortion",Aggravated robbery,Lynnmall.,NZ,Auckland Region,Auckland.,1/11/2023,0266200,Auckland Region,Teritorial Authority,Auckland,Polygon,Polygon,MultiPolygon,MultiPolygon,1,MultiPolygon,1
Auckland,"Robbery, blackmail, and extortion",Aggravated robbery,Papatoetoe North.,NZ,Auckland Region,Auckland.,1/05/2025,0663100,Auckland Region,Teritorial Authority,Auckland,Polygon,Polygon,MultiPolygon,MultiPolygon,1,MultiPolygon,1
Auckland,"Robbery, blackmail, and extortion",Aggravated robbery,Avondale South.,NZ,Auckland Region,Auckland.,1/12/2023,0372104,Auckland Region,Teritorial Authority,Auckland,Polygon,Polygon,MultiPolygon,MultiPolygon,1,MultiPolygon,1
Auckland,"Robbery, blackmail, and extortion",Blackmail or other extortion,Northcote South.,NZ,Auckland Region,Auckland.,1/02/2025,0360300,Auckland Region,Teritorial Authority,Auckland,Polygon,Polygon,MultiPolygon,MultiPolygon,1,MultiPolygon,1
Auckland,"Robbery, blackmail, and extortion",Aggravated robbery,Highbrook.,NZ,Auckland Region,Auckland.,1/10/2024,0711405,Auckland Region,Teritorial Authority,Auckland,Polygon,Polygon,MultiPolygon,MultiPolygon,2,MultiPolygon,2
Auckland,"Robbery, blackmail, and extortion",Blackmail or other extortion,Auckland Central West.,NZ,Auckland Region,Auckland.,1/09/2023,0434103,Auckland Region,Teritorial Authority,Auckland,Polygon,Polygon,MultiPolygon,MultiPolygon,1,MultiPolygon,1
Auckland,"Robbery, blackmail, and extortion",Aggravated robbery,Durham Green.,NZ,Auckland Region,Auckland.,1/08/2024,0248700,Auckland Region,Teritorial Authority,Auckland,Polygon,Polygon,MultiPolygon,MultiPolygon,1,MultiPolygon,1
Auckland,"Robbery, blackmail, and extortion",Aggravated robbery,Otara South.,NZ,Auckland Region,Auckland.,1/04/2024,0706900,Auckland Region,Teritorial Authority,Auckland,Polygon,Polygon,MultiPolygon,MultiPolygon,1,MultiPolygon,1
Auckland,"Robbery, blackmail, and extortion",Aggravated robbery,Ormiston.,NZ,Auckland Region,Auckland.,1/03/2025,0712401,Auckland Region,Teritorial Authority,Auckland,Polygon,Polygon,MultiPolygon,MultiPolygon,1,MultiPolygon,1
Auckland,"Robbery, blackmail, and extortion",Aggravated robbery,Tuff Crater.,NZ,Auckland Region,Auckland.,1/05/2025,0365600,Auckland Region,Teritorial Authority,Auckland,Polygon,Polygon,MultiPolygon,MultiPolygon,1,MultiPolygon,1
Auckland,"Robbery, blackmail, and extortion",Aggravated robbery,Blockhouse Bay.,NZ,Auckland Region,Auckland.,1/01/2024,0370200,Auckland Region,Teritorial Authority,Auckland,Polygon,Polygon,MultiPolygon,MultiPolygon,1,MultiPolygon,1
Auckland,"Robbery, blackmail, and extortion",Aggravated robbery,Hillsborough West.,NZ,Auckland Region,Auckland.,1/04/2025,0568200,Auckland Region,Teritorial Authority,Auckland,Polygon,Polygon,MultiPolygon,MultiPolygon,1,MultiPolygon,1
Auckland,"Robbery, blackmail, and extortion",Blackmail or other extortion,Takanini South.,NZ,Auckland Region,Auckland.,1/03/2025,0767400,Auckland Region,Teritorial Authority,Auckland,Polygon,Polygon,MultiPolygon,MultiPolygon,2,MultiPolygon,2
Auckland,"Robbery, blackmail, and extortion",Aggravated robbery,Hauraki.,NZ,Auckland Region,Auckland.,1/06/2025,0323900,Auckland Region,Teritorial Authority,Auckland,Polygon,Polygon,MultiPolygon,MultiPolygon,2,MultiPolygon,2
Auckland,"Robbery, blackmail, and extortion",Blackmail or other extortion,Glendhu.,NZ,Auckland Region,Auckland.,1/03/2025,0185003,Auckland Region,Teritorial Authority,Auckland,Polygon,Polygon,MultiPolygon,MultiPolygon,1,MultiPolygon,1
Auckland,"Robbery, blackmail, and extortion",Aggravated robbery,Auckland Harbourside.,NZ,Auckland Region,Auckland.,1/07/2025,0432900,Auckland Region,Teritorial Authority,Auckland,Polygon,Polygon,MultiPolygon,MultiPolygon,3,MultiPolygon,3
Auckland,"Robbery, blackmail, and extortion",Blackmail or other extortion,Springleigh.,NZ,Auckland Region,Auckland.,1/09/2023,0524800,Auckland Region,Teritorial Authority,Auckland,Polygon,Polygon,MultiPolygon,MultiPolygon,1,MultiPolygon,1
Auckland,"Robbery, blackmail, and extortion",Aggravated robbery,North Harbour East.,NZ,Auckland Region,Auckland.,1/08/2024,0180302,Auckland Region,Teritorial Authority,Auckland,Polygon,Polygon,MultiPolygon,MultiPolygon,1,MultiPolygon,1
Auckland,"Robbery, blackmail, and extortion",Aggravated robbery,Takanini North.,NZ,Auckland Region,Auckland.,1/07/2025,0766902,Auckland Region,Teritorial Authority,Auckland,Polygon,Polygon,MultiPolygon,MultiPolygon,2,MultiPolygon,2
Auckland,"Robbery, blackmail, and extortion",Blackmail or other extortion,Durham Green.,NZ,Auckland Region,Auckland.,1/03/2025,0246108,Auckland Region,Teritorial Authority,Auckland,Polygon,Polygon,MultiPolygon,MultiPolygon,1,MultiPolygon,1
Auckland,"Robbery, blackmail, and extortion",Blackmail or other extortion,Waiake.,NZ,Auckland Region,Auckland.,1/07/2024,0164300,Auckland Region,Teritorial Authority,Auckland,Polygon,Polygon,MultiPolygon,MultiPolygon,1,MultiPolygon,1
Auckland,"Robbery, blackmail, and extortion",Blackmail or other extortion,North Harbour West.,NZ,Auckland Region,Auckland.,1/11/2023,0180101,Auckland Region,Teritorial Authority,Auckland,Polygon,Polygon,MultiPolygon,MultiPolygon,1,MultiPolygon,1
Auckland,"Robbery, blackmail, and extortion",Blackmail or other extortion,Hamlin.,NZ,Auckland Region,Auckland.,1/09/2023,0641300,Auckland Region,Teritorial Authority,Auckland,Polygon,Polygon,MultiPolygon,MultiPolygon,1,MultiPolygon,1
Auckland,"Robbery, blackmail, and extortion",Aggravated robbery,Burbank.,NZ,Auckland Region,Auckland.,1/04/2025,0774802,Auckland Region,Teritorial Authority,Auckland,Polygon,Polygon,MultiPolygon,MultiPolygon,1,MultiPolygon,1
Auckland,"Robbery, blackmail, and extortion",Aggravated robbery,Roberton.,NZ,Auckland Region,Auckland.,1/01/2024,0380200,Auckland Region,Teritorial Authority,Auckland,Polygon,Polygon,MultiPolygon,MultiPolygon,1,MultiPolygon,1
Auckland,"Robbery, blackmail, and extortion",Aggravated robbery,Auckland Harbourside.,NZ,Auckland Region,Auckland.,1/01/2025,0432900,Auckland Region,Teritorial Authority,Auckland,Polygon,Polygon,MultiPolygon,MultiPolygon,1,MultiPolygon,1
Auckland,"Robbery, blackmail, and extortion",Non-aggravated robbery,Albany.,NZ,Auckland Region,Auckland.,1/08/2023,0178402,Auckland Region,Teritorial Authority,Auckland,Polygon,Polygon,MultiPolygon,MultiPolygon,1,MultiPolygon,1
Auckland,"Robbery, blackmail, and extortion",Aggravated robbery,North Harbour West.,NZ,Auckland Region,Auckland.,1/11/2024,0180101,Auckland Region,Teritorial Authority,Auckland,Polygon,Polygon,MultiPolygon,MultiPolygon,1,MultiPolygon,1
Auckland,"Robbery, blackmail, and extortion",Blackmail or other extortion,Auckland Central East.,NZ,Auckland Region,Auckland.,1/09/2023,0436100,Auckland Region,Teritorial Authority,Auckland,Polygon,Polygon,MultiPolygon,MultiPolygon,1,MultiPolygon,1
Auckland,"Robbery, blackmail, and extortion",Non-aggravated robbery,Wattle Farm.,NZ,Auckland Region,Auckland.,1/10/2024,0769700,Auckland Region,Teritorial Authority,Auckland,Polygon,Polygon,MultiPolygon,MultiPolygon,1,MultiPolygon,1
Auckland,"Robbery, blackmail, and extortion",Aggravated robbery,Manurewa Central.,NZ,Auckland Region,Auckland.,1/06/2025,0751400,Auckland Region,Teritorial Authority,Auckland,Polygon,Polygon,MultiPolygon,MultiPolygon,2,MultiPolygon,2
Auckland,"Robbery, blackmail, and extortion",Blackmail or other extortion,Hatfields Beach.,NZ,Auckland Region,Auckland.,1/04/2024,0170803,Auckland Region,Teritorial Authority,Auckland,Polygon,Polygon,MultiPolygon,MultiPolygon,1,MultiPolygon,1
Auckland,"Robbery, blackmail, and extortion",Blackmail or other extortion,Sunnynook.,NZ,Auckland Region,Auckland.,1/03/2025,0192600,Auckland Region,Teritorial Authority,Auckland,Polygon,Polygon,MultiPolygon,MultiPolygon,1,MultiPolygon,1
Auckland,"Robbery, blackmail, and extortion",Aggravated robbery,Papatoetoe North.,NZ,Auckland Region,Auckland.,1/01/2025,0662000,Auckland Region,Teritorial Authority,Auckland,Polygon,Polygon,MultiPolygon,MultiPolygon,1,MultiPolygon,1
Auckland,"Robbery, blackmail, and extortion",Blackmail or other extortion,Browns Bay.,NZ,Auckland Region,Auckland.,1/09/2024,0159300,Auckland Region,Teritorial Authority,Auckland,Polygon,Polygon,MultiPolygon,MultiPolygon,1,MultiPolygon,1
Auckland,"Robbery, blackmail, and extortion",Aggravated robbery,Henderson South.,NZ,Auckland Region,Auckland.,1/11/2024,0243300,Auckland Region,Teritorial Authority,Auckland,Polygon,Polygon,MultiPolygon,MultiPolygon,1,MultiPolygon,1
Auckland,"Robbery, blackmail, and extortion",Aggravated robbery,Dingwall.,NZ,Auckland Region,Auckland.,1/06/2025,0666900,Auckland Region,Teritorial Authority,Auckland,Polygon,Polygon,MultiPolygon,MultiPolygon,2,MultiPolygon,2
Auckland,"Robbery, blackmail, and extortion",Blackmail or other extortion,Otahuhu West.,NZ,Auckland Region,Auckland.,1/10/2023,0784400,Auckland Region,Teritorial Authority,Auckland,Polygon,Polygon,MultiPolygon,MultiPolygon,1,MultiPolygon,1
Auckland,"Robbery, blackmail, and extortion",Blackmail or other extortion,Swanson.,NZ,Auckland Region,Auckland.,1/04/2025,0238305,Auckland Region,Teritorial Authority,Auckland,Polygon,Polygon,MultiPolygon,MultiPolygon,1,MultiPolygon,1
Auckland,"Robbery, blackmail, and extortion",Aggravated robbery,Albany.,NZ,Auckland Region,Auckland.,1/12/2023,0179000,Auckland Region,Teritorial Authority,Auckland,Polygon,Polygon,MultiPolygon,MultiPolygon,1,MultiPolygon,1
Auckland,"Robbery, blackmail, and extortion",Aggravated robbery,Westgate.,NZ,Auckland Region,Auckland.,1/02/2025,0224306,Auckland Region,Teritorial Authority,Auckland,Polygon,Polygon,MultiPolygon,MultiPolygon,1,MultiPolygon,1
Auckland,"Robbery, blackmail, and extortion",Blackmail or other extortion,Sturges North.,NZ,Auckland Region,Auckland.,1/10/2024,0236803,Auckland Region,Teritorial Authority,Auckland,Polygon,Polygon,MultiPolygon,MultiPolygon,1,MultiPolygon,1
Auckland,"Robbery, blackmail, and extortion",Non-aggravated robbery,Henderson South.,NZ,Auckland Region,Auckland.,1/07/2025,0241900,Auckland Region,Teritorial Authority,Auckland,Polygon,Polygon,MultiPolygon,MultiPolygon,1,MultiPolygon,1
Auckland,"Robbery, blackmail, and extortion",Aggravated robbery,Papakura Central.,NZ,Auckland Region,Auckland.,1/05/2025,0792100,Auckland Region,Teritorial Authority,Auckland,Polygon,Polygon,MultiPolygon,MultiPolygon,1,MultiPolygon,1
Auckland,"Robbery, blackmail, and extortion",Blackmail or other extortion,Riverhead.,NZ,Auckland Region,Auckland.,1/11/2024,0217201,Auckland Region,Teritorial Authority,Auckland,Polygon,Polygon,MultiPolygon,MultiPolygon,1,MultiPolygon,1
Auckland,"Robbery, blackmail, and extortion",Aggravated robbery,Ranui Domain.,NZ,Auckland Region,Auckland.,1/12/2024,0235104,Auckland Region,Teritorial Authority,Auckland,Polygon,Polygon,MultiPolygon,MultiPolygon,1,MultiPolygon,1
Auckland,"Robbery, blackmail, and extortion",Aggravated robbery,Viscount.,NZ,Auckland Region,Auckland.,1/06/2025,0739500,Auckland Region,Teritorial Authority,Auckland,Polygon,Polygon,MultiPolygon,MultiPolygon,1,MultiPolygon,1
Auckland,"Robbery, blackmail, and extortion",Aggravated robbery,Mt Albert Central.,NZ,Auckland Region,Auckland.,1/01/2024,0527800,Auckland Region,Teritorial Authority,Auckland,Polygon,Polygon,MultiPolygon,MultiPolygon,1,MultiPolygon,1
Auckland,"Robbery, blackmail, and extortion",Blackmail or other extortion,Westlake.,NZ,Auckland Region,Auckland.,1/10/2024,0303800,Auckland Region,Teritorial Authority,Auckland,Polygon,Polygon,MultiPolygon,MultiPolygon,1,MultiPolygon,1
Auckland,"Robbery, blackmail, and extortion",Aggravated robbery,Takanini South.,NZ,Auckland Region,Auckland.,1/11/2024,0767600,Auckland Region,Teritorial Authority,Auckland,Polygon,Polygon,MultiPolygon,MultiPolygon,1,MultiPolygon,1
Auckland,"Robbery, blackmail, and extortion",Blackmail or other extortion,Epsom North.,NZ,Auckland Region,Auckland.,1/10/2023,0443200,Auckland Region,Teritorial Authority,Auckland,Polygon,Polygon,MultiPolygon,MultiPolygon,1,MultiPolygon,1
Auckland,"Robbery, blackmail, and extortion",Blackmail or other extortion,Papakura East.,NZ,Auckland Region,Auckland.,1/04/2025,0796400,Auckland Region,Teritorial Authority,Auckland,Polygon,Polygon,MultiPolygon,MultiPolygon,1,MultiPolygon,1
Auckland,"Robbery, blackmail, and extortion",Aggravated robbery,Ellerslie North.,NZ,Auckland Region,Auckland.,1/03/2024,0611200,Auckland Region,Teritorial Authority,Auckland,Polygon,Polygon,MultiPolygon,MultiPolygon,1,MultiPolygon,1
Auckland,"Robbery, blackmail, and extortion",Aggravated robbery,Papatoetoe Central.,NZ,Auckland Region,Auckland.,1/01/2024,0664000,Auckland Region,Teritorial Authority,Auckland,Polygon,Polygon,MultiPolygon,MultiPolygon,1,MultiPolygon,1
Auckland,"Robbery, blackmail, and extortion",Blackmail or other extortion,Orewa West.,NZ,Auckland Region,Auckland.,1/05/2024,0176412,Auckland Region,Teritorial Authority,Auckland,Polygon,Polygon,MultiPolygon,MultiPolygon,1,MultiPolygon,1
Auckland,"Robbery, blackmail, and extortion",Aggravated robbery,Lynfield North.,NZ,Auckland Region,Auckland.,1/05/2025,0585402,Auckland Region,Teritorial Authority,Auckland,Polygon,Polygon,MultiPolygon,MultiPolygon,1,MultiPolygon,1
Auckland,"Robbery, blackmail, and extortion",Blackmail or other extortion,Kauri Park.,NZ,Auckland Region,Auckland.,1/10/2024,0353801,Auckland Region,Teritorial Authority,Auckland,Polygon,Polygon,MultiPolygon,MultiPolygon,1,MultiPolygon,1
Auckland,"Robbery, blackmail, and extortion",Aggravated robbery,Auckland Central East.,NZ,Auckland Region,Auckland.,1/05/2025,0436600,Auckland Region,Teritorial Authority,Auckland,Polygon,Polygon,MultiPolygon,MultiPolygon,1,MultiPolygon,1
Auckland,"Robbery, blackmail, and extortion",Aggravated robbery,Manurewa Central.,NZ,Auckland Region,Auckland.,1/07/2025,0751600,Auckland Region,Teritorial Authority,Auckland,Polygon,Polygon,MultiPolygon,MultiPolygon,1,MultiPolygon,1
Auckland,"Robbery, blackmail, and extortion",Aggravated robbery,Papakura Central.,NZ,Auckland Region,Auckland.,1/10/2023,0793000,Auckland Region,Teritorial Authority,Auckland,Polygon,Polygon,MultiPolygon,MultiPolygon,1,MultiPolygon,1
Auckland,"Robbery, blackmail, and extortion",Blackmail or other extortion,Gulf Harbour.,NZ,Auckland Region,Auckland.,1/12/2024,0175133,Auckland Region,Teritorial Authority,Auckland,MultiPolygon,Polygon,MultiPolygon,MultiPolygon,1,MultiPolygon,1
Auckland,"Robbery, blackmail, and extortion",Aggravated robbery,Otahuhu West.,NZ,Auckland Region,Auckland.,1/03/2024,0784400,Auckland Region,Teritorial Authority,Auckland,Polygon,Polygon,MultiPolygon,MultiPolygon,1,MultiPolygon,1
Auckland,"Robbery, blackmail, and extortion",Aggravated robbery,Aorere.,NZ,Auckland Region,Auckland.,1/01/2025,0743600,Auckland Region,Teritorial Authority,Auckland,Polygon,Polygon,MultiPolygon,MultiPolygon,1,MultiPolygon,1
Auckland,"Robbery, blackmail, and extortion",Blackmail or other extortion,Sturges North.,NZ,Auckland Region,Auckland.,1/06/2024,0236704,Auckland Region,Teritorial Authority,Auckland,Polygon,Polygon,MultiPolygon,MultiPolygon,1,MultiPolygon,1
Auckland,"Robbery, blackmail, and extortion",Aggravated robbery,Newmarket.,NZ,Auckland Region,Auckland.,1/11/2024,0451300,Auckland Region,Teritorial Authority,Auckland,Polygon,Polygon,MultiPolygon,MultiPolygon,1,MultiPolygon,1
Auckland,"Robbery, blackmail, and extortion",Aggravated robbery,Auckland Harbourside.,NZ,Auckland Region,Auckland.,1/01/2024,0432800,Auckland Region,Teritorial Authority,Auckland,Polygon,Polygon,MultiPolygon,MultiPolygon,2,MultiPolygon,2
Auckland,"Robbery, blackmail, and extortion",Aggravated robbery,Otahuhu West.,NZ,Auckland Region,Auckland.,1/11/2023,0782200,Auckland Region,Teritorial Authority,Auckland,Polygon,Polygon,MultiPolygon,MultiPolygon,1,MultiPolygon,1
Auckland,"Robbery, blackmail, and extortion",Blackmail or other extortion,Northcross.,NZ,Auckland Region,Auckland.,1/06/2024,0178605,Auckland Region,Teritorial Authority,Auckland,Polygon,Polygon,MultiPolygon,MultiPolygon,1,MultiPolygon,1
Auckland,"Robbery, blackmail, and extortion",Aggravated robbery,Bombay.,NZ,Auckland Region,Auckland.,1/06/2024,0827700,Auckland Region,Teritorial Authority,Auckland,Polygon,Polygon,MultiPolygon,MultiPolygon,1,MultiPolygon,1
Auckland,"Robbery, blackmail, and extortion",Aggravated robbery,Henderson South.,NZ,Auckland Region,Auckland.,1/04/2025,0242900,Auckland Region,Teritorial Authority,Auckland,Polygon,Polygon,MultiPolygon,MultiPolygon,1,MultiPolygon,1
Auckland,"Robbery, blackmail, and extortion",Non-aggravated robbery,Papatoetoe West.,NZ,Auckland Region,Auckland.,1/03/2024,0658600,Auckland Region,Teritorial Authority,Auckland,Polygon,Polygon,MultiPolygon,MultiPolygon,1,MultiPolygon,1
Auckland,"Robbery, blackmail, and extortion",Aggravated robbery,Leabank.,NZ,Auckland Region,Auckland.,1/03/2024,0771700,Auckland Region,Teritorial Authority,Auckland,Polygon,Polygon,MultiPolygon,MultiPolygon,1,MultiPolygon,1
Auckland,"Robbery, blackmail, and extortion",Aggravated robbery,Chelsea.,NZ,Auckland Region,Auckland.,1/05/2024,0351000,Auckland Region,Teritorial Authority,Auckland,Polygon,Polygon,MultiPolygon,MultiPolygon,1,MultiPolygon,1
Auckland,"Robbery, blackmail, and extortion",Aggravated robbery,Papakura Central.,NZ,Auckland Region,Auckland.,1/04/2025,0792202,Auckland Region,Teritorial Authority,Auckland,Polygon,Polygon,MultiPolygon,MultiPolygon,1,MultiPolygon,1
Auckland,"Robbery, blackmail, and extortion",Blackmail or other extortion,Papakura North East.,NZ,Auckland Region,Auckland.,1/03/2025,0796000,Auckland Region,Teritorial Authority,Auckland,Polygon,Polygon,MultiPolygon,MultiPolygon,1,MultiPolygon,1
Auckland,"Robbery, blackmail, and extortion",Aggravated robbery,Lynnmall.,NZ,Auckland Region,Auckland.,1/01/2025,0265100,Auckland Region,Teritorial Authority,Auckland,Polygon,Polygon,MultiPolygon,MultiPolygon,2,MultiPolygon,2
Auckland,"Robbery, blackmail, and extortion",Aggravated robbery,Leabank.,NZ,Auckland Region,Auckland.,1/06/2025,0772000,Auckland Region,Teritorial Authority,Auckland,Polygon,Polygon,MultiPolygon,MultiPolygon,1,MultiPolygon,1
Auckland,"Robbery, blackmail, and extortion",Aggravated robbery,Surrey Crescent.,NZ,Auckland Region,Auckland.,1/03/2024,0406300,Auckland Region,Teritorial Authority,Auckland,Polygon,Polygon,MultiPolygon,MultiPolygon,1,MultiPolygon,1
Auckland,"Robbery, blackmail, and extortion",Blackmail or other extortion,Ormiston.,NZ,Auckland Region,Auckland.,1/02/2025,0712500,Auckland Region,Teritorial Authority,Auckland,Polygon,Polygon,MultiPolygon,MultiPolygon,1,MultiPolygon,1
Auckland,"Robbery, blackmail, and extortion",Blackmail or other extortion,Point View.,NZ,Auckland Region,Auckland.,1/03/2025,0712105,Auckland Region,Teritorial Authority,Auckland,Polygon,Polygon,MultiPolygon,MultiPolygon,1,MultiPolygon,1
Auckland,"Robbery, blackmail, and extortion",Aggravated robbery,Sturges North.,NZ,Auckland Region,Auckland.,1/01/2025,0236103,Auckland Region,Teritorial Authority,Auckland,Polygon,Polygon,MultiPolygon,MultiPolygon,2,MultiPolygon,2
Auckland,"Robbery, blackmail, and extortion",Aggravated robbery,Wade Heads.,NZ,Auckland Region,Auckland.,1/11/2024,0174009,Auckland Region,Teritorial Authority,Auckland,Polygon,Polygon,MultiPolygon,MultiPolygon,3,MultiPolygon,3
Auckland,"Robbery, blackmail, and extortion",Non-aggravated robbery,Auckland Central West.,NZ,Auckland Region,Auckland.,1/03/2024,0433802,Auckland Region,Teritorial Authority,Auckland,Polygon,Polygon,MultiPolygon,MultiPolygon,1,MultiPolygon,1
Auckland,"Robbery, blackmail, and extortion",Aggravated robbery,Papakura Central.,NZ,Auckland Region,Auckland.,1/10/2024,0793000,Auckland Region,Teritorial Authority,Auckland,Polygon,Polygon,MultiPolygon,MultiPolygon,1,MultiPolygon,1
Auckland,"Robbery, blackmail, and extortion",Blackmail or other extortion,Totara Heights.,NZ,Auckland Region,Auckland.,1/11/2024,0760809,Auckland Region,Teritorial Authority,Auckland,Polygon,Polygon,MultiPolygon,MultiPolygon,1,MultiPolygon,1
Auckland,"Robbery, blackmail, and extortion",Blackmail or other extortion,Kingseat.,NZ,Auckland Region,Auckland.,1/10/2024,0812600,Auckland Region,Teritorial Authority,Auckland,Polygon,Polygon,MultiPolygon,MultiPolygon,1,MultiPolygon,1
Auckland,"Robbery, blackmail, and extortion",Aggravated robbery,Torbay.,NZ,Auckland Region,Auckland.,1/11/2024,0169000,Auckland Region,Teritorial Authority,Auckland,Polygon,Polygon,MultiPolygon,MultiPolygon,7,MultiPolygon,7
Auckland,"Robbery, blackmail, and extortion",Non-aggravated robbery,Surrey Crescent.,NZ,Auckland Region,Auckland.,1/02/2024,0406000,Auckland Region,Teritorial Authority,Auckland,Polygon,Polygon,MultiPolygon,MultiPolygon,1,MultiPolygon,1
Auckland,"Robbery, blackmail, and extortion",Aggravated robbery,Hunua.,NZ,Auckland Region,Auckland.,1/04/2025,0815604,Auckland Region,Teritorial Authority,Auckland,Polygon,Polygon,MultiPolygon,MultiPolygon,1,MultiPolygon,1
Auckland,"Robbery, blackmail, and extortion",Blackmail or other extortion,Massey Park.,NZ,Auckland Region,Auckland.,1/10/2024,0797800,Auckland Region,Teritorial Authority,Auckland,Polygon,Polygon,MultiPolygon,MultiPolygon,1,MultiPolygon,1
Auckland,"Robbery, blackmail, and extortion",Blackmail or other extortion,Auckland Central West.,NZ,Auckland Region,Auckland.,1/07/2025,0433200,Auckland Region,Teritorial Authority,Auckland,Polygon,Polygon,MultiPolygon,MultiPolygon,1,MultiPolygon,1
Auckland,"Robbery, blackmail, and extortion",Aggravated robbery,Oranga.,NZ,Auckland Region,Auckland.,1/08/2023,0603400,Auckland Region,Teritorial Authority,Auckland,Polygon,Polygon,MultiPolygon,MultiPolygon,1,MultiPolygon,1
Auckland,"Robbery, blackmail, and extortion",Non-aggravated robbery,Beachlands-Maraetai.,NZ,Auckland Region,Auckland.,1/08/2024,0718900,Auckland Region,Teritorial Authority,Auckland,MultiPolygon,MultiPolygon,MultiPolygon,MultiPolygon,1,MultiPolygon,1
Auckland,"Robbery, blackmail, and extortion",Aggravated robbery,Greenmount.,NZ,Auckland Region,Auckland.,1/02/2025,0711716,Auckland Region,Teritorial Authority,Auckland,Polygon,Polygon,MultiPolygon,MultiPolygon,1,MultiPolygon,1
Auckland,"Robbery, blackmail, and extortion",Blackmail or other extortion,Beachlands-Maraetai.,NZ,Auckland Region,Auckland.,1/10/2024,0719400,Auckland Region,Teritorial Authority,Auckland,MultiPolygon,Polygon,MultiPolygon,MultiPolygon,1,MultiPolygon,1
Auckland,"Robbery, blackmail, and extortion",Blackmail or other extortion,Meadowbank North.,NZ,Auckland Region,Auckland.,1/04/2024,0460200,Auckland Region,Teritorial Authority,Auckland,Polygon,Polygon,MultiPolygon,MultiPolygon,1,MultiPolygon,1
Auckland,"Robbery, blackmail, and extortion",Blackmail or other extortion,Titirangi South.,NZ,Auckland Region,Auckland.,1/04/2024,0295500,Auckland Region,Teritorial Authority,Auckland,Polygon,Polygon,MultiPolygon,MultiPolygon,1,MultiPolygon,1
Auckland,"Robbery, blackmail, and extortion",Aggravated robbery,Auckland Central West.,NZ,Auckland Region,Auckland.,1/02/2025,0433200,Auckland Region,Teritorial Authority,Auckland,Polygon,Polygon,MultiPolygon,MultiPolygon,1,MultiPolygon,1
Auckland,"Robbery, blackmail, and extortion",Blackmail or other extortion,Ormiston.,NZ,Auckland Region,Auckland.,1/06/2024,0712401,Auckland Region,Teritorial Authority,Auckland,Polygon,Polygon,MultiPolygon,MultiPolygon,1,MultiPolygon,1
Auckland,"Robbery, blackmail, and extortion",Aggravated robbery,Otara North.,NZ,Auckland Region,Auckland.,1/11/2023,0700602,Auckland Region,Teritorial Authority,Auckland,Polygon,Polygon,MultiPolygon,MultiPolygon,1,MultiPolygon,1
Auckland,"Robbery, blackmail, and extortion",Non-aggravated robbery,Auckland Central East.,NZ,Auckland Region,Auckland.,1/10/2023,0436100,Auckland Region,Teritorial Authority,Auckland,Polygon,Polygon,MultiPolygon,MultiPolygon,1,MultiPolygon,1
Auckland,"Robbery, blackmail, and extortion",Aggravated robbery,Papakura North.,NZ,Auckland Region,Auckland.,1/12/2024,0790900,Auckland Region,Teritorial Authority,Auckland,Polygon,Polygon,MultiPolygon,MultiPolygon,1,MultiPolygon,1
Auckland,"Robbery, blackmail, and extortion",Blackmail or other extortion,Hamlin.,NZ,Auckland Region,Auckland.,1/03/2025,0640600,Auckland Region,Teritorial Authority,Auckland,Polygon,Polygon,MultiPolygon,MultiPolygon,1,MultiPolygon,1
Auckland,"Robbery, blackmail, and extortion",Aggravated robbery,Glendowie.,NZ,Auckland Region,Auckland.,1/03/2025,0514000,Auckland Region,Teritorial Authority,Auckland,Polygon,Polygon,MultiPolygon,MultiPolygon,1,MultiPolygon,1
Auckland,"Robbery, blackmail, and extortion",Blackmail or other extortion,Takanini South.,NZ,Auckland Region,Auckland.,1/06/2024,0767400,Auckland Region,Teritorial Authority,Auckland,Polygon,Polygon,MultiPolygon,MultiPolygon,1,MultiPolygon,1
Auckland,"Robbery, blackmail, and extortion",Aggravated robbery,Greenmount.,NZ,Auckland Region,Auckland.,1/02/2024,0711801,Auckland Region,Teritorial Authority,Auckland,Polygon,Polygon,MultiPolygon,MultiPolygon,2,MultiPolygon,2
Auckland,"Robbery, blackmail, and extortion",Aggravated robbery,Manurewa Central.,NZ,Auckland Region,Auckland.,1/03/2025,0751200,Auckland Region,Teritorial Authority,Auckland,Polygon,Polygon,MultiPolygon,MultiPolygon,1,MultiPolygon,1
Auckland,"Robbery, blackmail, and extortion",Aggravated robbery,Pahurehure.,NZ,Auckland Region,Auckland.,1/10/2023,0805803,Auckland Region,Teritorial Authority,Auckland,Polygon,Polygon,MultiPolygon,MultiPolygon,1,MultiPolygon,1
Auckland,"Robbery, blackmail, and extortion",Blackmail or other extortion,Epsom North.,NZ,Auckland Region,Auckland.,1/04/2025,0443200,Auckland Region,Teritorial Authority,Auckland,Polygon,Polygon,MultiPolygon,MultiPolygon,1,MultiPolygon,1
Auckland,"Robbery, blackmail, and extortion",Blackmail or other extortion,Westmere.,NZ,Auckland Region,Auckland.,1/04/2025,0400600,Auckland Region,Teritorial Authority,Auckland,Polygon,Polygon,MultiPolygon,MultiPolygon,1,MultiPolygon,1
Auckland,"Robbery, blackmail, and extortion",Aggravated robbery,Ferguson.,NZ,Auckland Region,Auckland.,1/02/2024,0710100,Auckland Region,Teritorial Authority,Auckland,Polygon,Polygon,MultiPolygon,MultiPolygon,2,MultiPolygon,2
Auckland,"Robbery, blackmail, and extortion",Aggravated robbery,Avondale West.,NZ,Auckland Region,Auckland.,1/01/2024,0387003,Auckland Region,Teritorial Authority,Auckland,Polygon,Polygon,MultiPolygon,MultiPolygon,1,MultiPolygon,1
Auckland,"Robbery, blackmail, and extortion",Aggravated robbery,Takanini North.,NZ,Auckland Region,Auckland.,1/10/2023,0767002,Auckland Region,Teritorial Authority,Auckland,Polygon,Polygon,MultiPolygon,MultiPolygon,1,MultiPolygon,1
Auckland,"Robbery, blackmail, and extortion",Aggravated robbery,Point Chevalier East.,NZ,Auckland Region,Auckland.,1/11/2024,0390501,Auckland Region,Teritorial Authority,Auckland,Polygon,Polygon,MultiPolygon,MultiPolygon,1,MultiPolygon,1
Auckland,"Robbery, blackmail, and extortion",Blackmail or other extortion,Burbank.,NZ,Auckland Region,Auckland.,1/11/2024,0775100,Auckland Region,Teritorial Authority,Auckland,Polygon,Polygon,MultiPolygon,MultiPolygon,1,MultiPolygon,1
Auckland,"Robbery, blackmail, and extortion",Aggravated robbery,Newmarket.,NZ,Auckland Region,Auckland.,1/08/2023,0451300,Auckland Region,Teritorial Authority,Auckland,Polygon,Polygon,MultiPolygon,MultiPolygon,2,MultiPolygon,2
Auckland,"Robbery, blackmail, and extortion",Aggravated robbery,Fruitvale.,NZ,Auckland Region,Auckland.,1/01/2025,0263802,Auckland Region,Teritorial Authority,Auckland,Polygon,Polygon,MultiPolygon,MultiPolygon,1,MultiPolygon,1
Auckland,"Robbery, blackmail, and extortion",Aggravated robbery,Pukekohe West.,NZ,Auckland Region,Auckland.,1/06/2024,0820702,Auckland Region,Teritorial Authority,Auckland,Polygon,Polygon,MultiPolygon,MultiPolygon,1,MultiPolygon,1
Auckland,"Robbery, blackmail, and extortion",Non-aggravated robbery,Takanini South.,NZ,Auckland Region,Auckland.,1/09/2024,0765410,Auckland Region,Teritorial Authority,Auckland,Polygon,Polygon,MultiPolygon,MultiPolygon,1,MultiPolygon,1
Auckland,"Robbery, blackmail, and extortion",Non-aggravated robbery,Mangere Bridge.,NZ,Auckland Region,Auckland.,1/08/2023,0725400,Auckland Region,Teritorial Authority,Auckland,Polygon,Polygon,MultiPolygon,MultiPolygon,2,MultiPolygon,2
Auckland,"Robbery, blackmail, and extortion",Aggravated robbery,Pukekohe North.,NZ,Auckland Region,Auckland.,1/02/2025,0816704,Auckland Region,Teritorial Authority,Auckland,Polygon,Polygon,MultiPolygon,MultiPolygon,2,MultiPolygon,2
Auckland,"Robbery, blackmail, and extortion",Non-aggravated robbery,Totara Heights.,NZ,Auckland Region,Auckland.,1/07/2024,0760804,Auckland Region,Teritorial Authority,Auckland,Polygon,Polygon,MultiPolygon,MultiPolygon,1,MultiPolygon,1
Auckland,"Robbery, blackmail, and extortion",Aggravated robbery,Tangutu.,NZ,Auckland Region,Auckland.,1/10/2024,0282811,Auckland Region,Teritorial Authority,Auckland,Polygon,Polygon,MultiPolygon,MultiPolygon,1,MultiPolygon,1
Auckland,"Robbery, blackmail, and extortion",Blackmail or other extortion,Dingwall.,NZ,Auckland Region,Auckland.,1/11/2024,0666500,Auckland Region,Teritorial Authority,Auckland,Polygon,Polygon,MultiPolygon,MultiPolygon,1,MultiPolygon,1
Auckland,"Robbery, blackmail, and extortion",Aggravated robbery,Puhinui South.,NZ,Auckland Region,Auckland.,1/08/2023,0674100,Auckland Region,Teritorial Authority,Auckland,Polygon,Polygon,MultiPolygon,MultiPolygon,6,MultiPolygon,6
Auckland,"Robbery, blackmail, and extortion",Aggravated robbery,Takanini South.,NZ,Auckland Region,Auckland.,1/07/2024,0767705,Auckland Region,Teritorial Authority,Auckland,Polygon,Polygon,MultiPolygon,MultiPolygon,2,MultiPolygon,2
Auckland,"Robbery, blackmail, and extortion",Aggravated robbery,Papakura East.,NZ,Auckland Region,Auckland.,1/09/2024,0796600,Auckland Region,Teritorial Authority,Auckland,Polygon,Polygon,MultiPolygon,MultiPolygon,1,MultiPolygon,1
Auckland,"Robbery, blackmail, and extortion",Blackmail or other extortion,Papatoetoe West.,NZ,Auckland Region,Auckland.,1/11/2024,0659702,Auckland Region,Teritorial Authority,Auckland,Polygon,Polygon,MultiPolygon,MultiPolygon,1,MultiPolygon,1
Auckland,"Robbery, blackmail, and extortion",Aggravated robbery,Takanini North.,NZ,Auckland Region,Auckland.,1/07/2024,0766901,Auckland Region,Teritorial Authority,Auckland,Polygon,Polygon,MultiPolygon,MultiPolygon,2,MultiPolygon,2
Auckland,"Robbery, blackmail, and extortion",Blackmail or other extortion,Albany.,NZ,Auckland Region,Auckland.,1/03/2024,0178900,Auckland Region,Teritorial Authority,Auckland,Polygon,Polygon,MultiPolygon,MultiPolygon,1,MultiPolygon,1
Auckland,"Robbery, blackmail, and extortion",Aggravated robbery,Papakura Central.,NZ,Auckland Region,Auckland.,1/09/2024,0792100,Auckland Region,Teritorial Authority,Auckland,Polygon,Polygon,MultiPolygon,MultiPolygon,1,MultiPolygon,1
Auckland,"Robbery, blackmail, and extortion",Blackmail or other extortion,Redoubt South.,NZ,Auckland Region,Auckland.,1/11/2024,0760139,Auckland Region,Teritorial Authority,Auckland,Polygon,Polygon,MultiPolygon,MultiPolygon,1,MultiPolygon,1
Auckland,"Robbery, blackmail, and extortion",Non-aggravated robbery,Takanini South.,NZ,Auckland Region,Auckland.,1/05/2024,0767705,Auckland Region,Teritorial Authority,Auckland,Polygon,Polygon,MultiPolygon,MultiPolygon,2,MultiPolygon,2
Auckland,"Robbery, blackmail, and extortion",Aggravated robbery,Mt Eden East.,NZ,Auckland Region,Auckland.,1/05/2025,0550300,Auckland Region,Teritorial Authority,Auckland,Polygon,Polygon,MultiPolygon,MultiPolygon,1,MultiPolygon,1
Auckland,"Robbery, blackmail, and extortion",Blackmail or other extortion,Ranui South.,NZ,Auckland Region,Auckland.,1/03/2024,0238704,Auckland Region,Teritorial Authority,Auckland,Polygon,Polygon,MultiPolygon,MultiPolygon,1,MultiPolygon,1
Auckland,"Robbery, blackmail, and extortion",Blackmail or other extortion,Ardmore.,NZ,Auckland Region,Auckland.,1/12/2023,0761000,Auckland Region,Teritorial Authority,Auckland,Polygon,Polygon,MultiPolygon,MultiPolygon,1,MultiPolygon,1
Auckland,"Robbery, blackmail, and extortion",Blackmail or other extortion,Rosebank.,NZ,Auckland Region,Auckland.,1/11/2024,0388100,Auckland Region,Teritorial Authority,Auckland,MultiPolygon,Polygon,MultiPolygon,MultiPolygon,1,MultiPolygon,1
Auckland,"Robbery, blackmail, and extortion",Aggravated robbery,Takanini North.,NZ,Auckland Region,Auckland.,1/01/2025,0766901,Auckland Region,Teritorial Authority,Auckland,Polygon,Polygon,MultiPolygon,MultiPolygon,4,MultiPolygon,4
Auckland,"Robbery, blackmail, and extortion",Aggravated robbery,Redoubt North.,NZ,Auckland Region,Auckland.,1/07/2025,0715904,Auckland Region,Teritorial Authority,Auckland,Polygon,Polygon,MultiPolygon,MultiPolygon,1,MultiPolygon,1
Auckland,"Robbery, blackmail, and extortion",Blackmail or other extortion,Lynfield North.,NZ,Auckland Region,Auckland.,1/01/2025,0586600,Auckland Region,Teritorial Authority,Auckland,Polygon,Polygon,MultiPolygon,MultiPolygon,1,MultiPolygon,1
Auckland,"Robbery, blackmail, and extortion",Blackmail or other extortion,Birkdale South.,NZ,Auckland Region,Auckland.,1/03/2024,0348900,Auckland Region,Teritorial Authority,Auckland,Polygon,Polygon,MultiPolygon,MultiPolygon,1,MultiPolygon,1
Auckland,"Robbery, blackmail, and extortion",Aggravated robbery,Mission Heights.,NZ,Auckland Region,Auckland.,1/10/2023,0712225,Auckland Region,Teritorial Authority,Auckland,Polygon,Polygon,MultiPolygon,MultiPolygon,1,MultiPolygon,1
Auckland,"Robbery, blackmail, and extortion",Blackmail or other extortion,Wattle Farm.,NZ,Auckland Region,Auckland.,1/11/2024,0769019,Auckland Region,Teritorial Authority,Auckland,Polygon,Polygon,MultiPolygon,MultiPolygon,1,MultiPolygon,1
Auckland,"Robbery, blackmail, and extortion",Blackmail or other extortion,Clover Park.,NZ,Auckland Region,Auckland.,1/10/2024,0715512,Auckland Region,Teritorial Authority,Auckland,Polygon,Polygon,MultiPolygon,MultiPolygon,1,MultiPolygon,1
Auckland,"Robbery, blackmail, and extortion",Blackmail or other extortion,Auckland Harbourside.,NZ,Auckland Region,Auckland.,1/02/2025,0437902,Auckland Region,Teritorial Authority,Auckland,Polygon,Polygon,MultiPolygon,MultiPolygon,1,MultiPolygon,1
Auckland,"Robbery, blackmail, and extortion",Blackmail or other extortion,Kingdale.,NZ,Auckland Region,Auckland.,1/08/2023,0231800,Auckland Region,Teritorial Authority,Auckland,Polygon,Polygon,MultiPolygon,MultiPolygon,1,MultiPolygon,1
Auckland,"Robbery, blackmail, and extortion",Aggravated robbery,Pukekohe North.,NZ,Auckland Region,Auckland.,1/10/2023,0819200,Auckland Region,Teritorial Authority,Auckland,Polygon,Polygon,MultiPolygon,MultiPolygon,1,MultiPolygon,1
Auckland,"Robbery, blackmail, and extortion",Aggravated robbery,Glen Innes West.,NZ,Auckland Region,Auckland.,1/11/2024,0469600,Auckland Region,Teritorial Authority,Auckland,Polygon,Polygon,MultiPolygon,MultiPolygon,1,MultiPolygon,1
Auckland,"Robbery, blackmail, and extortion",Non-aggravated robbery,Papakura Central.,NZ,Auckland Region,Auckland.,1/06/2024,0793100,Auckland Region,Teritorial Authority,Auckland,Polygon,Polygon,MultiPolygon,MultiPolygon,1,MultiPolygon,1
Auckland,"Robbery, blackmail, and extortion",Blackmail or other extortion,Harania East.,NZ,Auckland Region,Auckland.,1/10/2024,0733000,Auckland Region,Teritorial Authority,Auckland,Polygon,Polygon,MultiPolygon,MultiPolygon,1,MultiPolygon,1
Auckland,"Robbery, blackmail, and extortion",Blackmail or other extortion,Orakei South.,NZ,Auckland Region,Auckland.,1/03/2025,0486200,Auckland Region,Teritorial Authority,Auckland,Polygon,Polygon,MultiPolygon,MultiPolygon,1,MultiPolygon,1
Auckland,"Robbery, blackmail, and extortion",Blackmail or other extortion,Sunnyvale.,NZ,Auckland Region,Auckland.,1/08/2023,0277901,Auckland Region,Teritorial Authority,Auckland,Polygon,Polygon,MultiPolygon,MultiPolygon,1,MultiPolygon,1
Auckland,"Robbery, blackmail, and extortion",Aggravated robbery,Auckland Central West.,NZ,Auckland Region,Auckland.,1/11/2024,0435201,Auckland Region,Teritorial Authority,Auckland,Polygon,Polygon,MultiPolygon,MultiPolygon,4,MultiPolygon,4
Auckland,"Robbery, blackmail, and extortion",Blackmail or other extortion,Howick Central.,NZ,Auckland Region,Auckland.,1/03/2025,0646900,Auckland Region,Teritorial Authority,Auckland,Polygon,Polygon,MultiPolygon,MultiPolygon,1,MultiPolygon,1
Auckland,"Robbery, blackmail, and extortion",Aggravated robbery,Auckland Harbourside.,NZ,Auckland Region,Auckland.,1/06/2025,0438103,Auckland Region,Teritorial Authority,Auckland,Polygon,Polygon,MultiPolygon,MultiPolygon,1,MultiPolygon,1
Auckland,"Robbery, blackmail, and extortion",Blackmail or other extortion,Royal Road West.,NZ,Auckland Region,Auckland.,1/09/2023,0225000,Auckland Region,Teritorial Authority,Auckland,Polygon,Polygon,MultiPolygon,MultiPolygon,1,MultiPolygon,1
Auckland,"Robbery, blackmail, and extortion",Aggravated robbery,Papakura Central.,NZ,Auckland Region,Auckland.,1/04/2024,0792100,Auckland Region,Teritorial Authority,Auckland,Polygon,Polygon,MultiPolygon,MultiPolygon,1,MultiPolygon,1
Auckland,"Robbery, blackmail, and extortion",Blackmail or other extortion,Edgewater.,NZ,Auckland Region,Auckland.,1/12/2024,0684300,Auckland Region,Teritorial Authority,Auckland,Polygon,Polygon,MultiPolygon,MultiPolygon,1,MultiPolygon,1
Auckland,"Robbery, blackmail, and extortion",Blackmail or other extortion,Puhinui North.,NZ,Auckland Region,Auckland.,1/12/2024,0673201,Auckland Region,Teritorial Authority,Auckland,Polygon,Polygon,MultiPolygon,MultiPolygon,1,MultiPolygon,1
Auckland,"Robbery, blackmail, and extortion",Blackmail or other extortion,Waitakere.,NZ,Auckland Region,Auckland.,1/10/2023,0237206,Auckland Region,Teritorial Authority,Auckland,Polygon,Polygon,MultiPolygon,MultiPolygon,1,MultiPolygon,1
Auckland,"Robbery, blackmail, and extortion",Blackmail or other extortion,Ormiston.,NZ,Auckland Region,Auckland.,1/05/2024,0713100,Auckland Region,Teritorial Authority,Auckland,Polygon,Polygon,MultiPolygon,MultiPolygon,1,MultiPolygon,1
Auckland,"Robbery, blackmail, and extortion",Blackmail or other extortion,Remuera South.,NZ,Auckland Region,Auckland.,1/03/2025,0492400,Auckland Region,Teritorial Authority,Auckland,Polygon,Polygon,MultiPolygon,MultiPolygon,1,MultiPolygon,1
Auckland,"Robbery, blackmail, and extortion",Aggravated robbery,Rowandale.,NZ,Auckland Region,Auckland.,1/11/2024,0775822,Auckland Region,Teritorial Authority,Auckland,Polygon,Polygon,MultiPolygon,MultiPolygon,1,MultiPolygon,1
Auckland,"Robbery, blackmail, and extortion",Blackmail or other extortion,St Johns.,NZ,Auckland Region,Auckland.,1/12/2024,0464200,Auckland Region,Teritorial Authority,Auckland,Polygon,Polygon,MultiPolygon,MultiPolygon,1,MultiPolygon,1
Auckland,"Robbery, blackmail, and extortion",Aggravated robbery,Manly.,NZ,Auckland Region,Auckland.,1/08/2023,0174703,Auckland Region,Teritorial Authority,Auckland,Polygon,Polygon,MultiPolygon,MultiPolygon,2,MultiPolygon,2
Auckland,"Robbery, blackmail, and extortion",Aggravated robbery,Baverstock Oaks.,NZ,Auckland Region,Auckland.,1/08/2023,0712124,Auckland Region,Teritorial Authority,Auckland,Polygon,Polygon,MultiPolygon,MultiPolygon,1,MultiPolygon,1
Auckland,"Robbery, blackmail, and extortion",Blackmail or other extortion,Balmoral.,NZ,Auckland Region,Auckland.,1/07/2024,0548200,Auckland Region,Teritorial Authority,Auckland,Polygon,Polygon,MultiPolygon,MultiPolygon,1,MultiPolygon,1
Auckland,"Robbery, blackmail, and extortion",Non-aggravated robbery,Papakura Central.,NZ,Auckland Region,Auckland.,1/08/2023,0793301,Auckland Region,Teritorial Authority,Auckland,Polygon,Polygon,MultiPolygon,MultiPolygon,1,MultiPolygon,1
Auckland,"Robbery, blackmail, and extortion",Blackmail or other extortion,Grafton East.,NZ,Auckland Region,Auckland.,1/07/2024,0442700,Auckland Region,Teritorial Authority,Auckland,Polygon,Polygon,MultiPolygon,MultiPolygon,1,MultiPolygon,1
Auckland,"Robbery, blackmail, and extortion",Aggravated robbery,Kohuora.,NZ,Auckland Region,Auckland.,1/05/2025,0657500,Auckland Region,Teritorial Authority,Auckland,Polygon,Polygon,MultiPolygon,MultiPolygon,1,MultiPolygon,1
Auckland,"Robbery, blackmail, and extortion",Blackmail or other extortion,Wattle Farm.,NZ,Auckland Region,Auckland.,1/12/2024,0769029,Auckland Region,Teritorial Authority,Auckland,Polygon,Polygon,MultiPolygon,MultiPolygon,1,MultiPolygon,1
Auckland,"Robbery, blackmail, and extortion",Blackmail or other extortion,Buckland.,NZ,Auckland Region,Auckland.,1/02/2024,0824406,Auckland Region,Teritorial Authority,Auckland,Polygon,Polygon,MultiPolygon,MultiPolygon,1,MultiPolygon,1
Auckland,"Robbery, blackmail, and extortion",Non-aggravated robbery,Papakura North East.,NZ,Auckland Region,Auckland.,1/08/2023,0796200,Auckland Region,Teritorial Authority,Auckland,Polygon,Polygon,MultiPolygon,MultiPolygon,1,MultiPolygon,1
Auckland,"Robbery, blackmail, and extortion",Aggravated robbery,Ormiston.,NZ,Auckland Region,Auckland.,1/04/2024,0712401,Auckland Region,Teritorial Authority,Auckland,Polygon,Polygon,MultiPolygon,MultiPolygon,1,MultiPolygon,1
Auckland,"Robbery, blackmail, and extortion",Aggravated robbery,Surrey Crescent.,NZ,Auckland Region,Auckland.,1/05/2025,0405800,Auckland Region,Teritorial Authority,Auckland,Polygon,Polygon,MultiPolygon,MultiPolygon,1,MultiPolygon,1
Auckland,"Robbery, blackmail, and extortion",Aggravated robbery,Glen Eden East.,NZ,Auckland Region,Auckland.,1/03/2025,0286701,Auckland Region,Teritorial Authority,Auckland,Polygon,Polygon,MultiPolygon,MultiPolygon,1,MultiPolygon,1
Auckland,"Robbery, blackmail, and extortion",Blackmail or other extortion,Takanini North.,NZ,Auckland Region,Auckland.,1/02/2024,0767100,Auckland Region,Teritorial Authority,Auckland,Polygon,Polygon,MultiPolygon,MultiPolygon,1,MultiPolygon,1
Auckland,"Robbery, blackmail, and extortion",Blackmail or other extortion,Dannemora.,NZ,Auckland Region,Auckland.,1/08/2024,0711709,Auckland Region,Teritorial Authority,Auckland,Polygon,Polygon,MultiPolygon,MultiPolygon,1,MultiPolygon,1
Auckland,"Robbery, blackmail, and extortion",Non-aggravated robbery,Ormiston.,NZ,Auckland Region,Auckland.,1/04/2025,0713400,Auckland Region,Teritorial Authority,Auckland,Polygon,Polygon,MultiPolygon,MultiPolygon,1,MultiPolygon,1
Auckland,"Robbery, blackmail, and extortion",Aggravated robbery,Lynfield North.,NZ,Auckland Region,Auckland.,1/05/2025,0585500,Auckland Region,Teritorial Authority,Auckland,Polygon,Polygon,MultiPolygon,MultiPolygon,1,MultiPolygon,1
Auckland,"Robbery, blackmail, and extortion",Blackmail or other extortion,Pakuranga Central.,NZ,Auckland Region,Auckland.,1/04/2024,0685700,Auckland Region,Teritorial Authority,Auckland,Polygon,Polygon,MultiPolygon,MultiPolygon,2,MultiPolygon,2
Auckland,"Robbery, blackmail, and extortion",Blackmail or other extortion,Remuera West.,NZ,Auckland Region,Auckland.,1/10/2024,0482400,Auckland Region,Teritorial Authority,Auckland,Polygon,Polygon,MultiPolygon,MultiPolygon,1,MultiPolygon,1
Auckland,"Robbery, blackmail, and extortion",Blackmail or other extortion,Clevedon.,NZ,Auckland Region,Auckland.,1/09/2023,0763100,Auckland Region,Teritorial Authority,Auckland,Polygon,Polygon,MultiPolygon,MultiPolygon,1,MultiPolygon,1
Auckland,"Robbery, blackmail, and extortion",Aggravated robbery,Hillpark.,NZ,Auckland Region,Auckland.,1/04/2024,0757300,Auckland Region,Teritorial Authority,Auckland,Polygon,Polygon,MultiPolygon,MultiPolygon,8,MultiPolygon,8
Auckland,"Robbery, blackmail, and extortion",Blackmail or other extortion,Point Chevalier East.,NZ,Auckland Region,Auckland.,1/10/2024,0392500,Auckland Region,Teritorial Authority,Auckland,Polygon,Polygon,MultiPolygon,MultiPolygon,1,MultiPolygon,1
Auckland,"Robbery, blackmail, and extortion",Aggravated robbery,Takanini South.,NZ,Auckland Region,Auckland.,1/10/2023,0767701,Auckland Region,Teritorial Authority,Auckland,Polygon,Polygon,MultiPolygon,MultiPolygon,2,MultiPolygon,2
Auckland,"Robbery, blackmail, and extortion",Aggravated robbery,McLaren Park.,NZ,Auckland Region,Auckland.,1/11/2024,0281513,Auckland Region,Teritorial Authority,Auckland,Polygon,Polygon,MultiPolygon,MultiPolygon,1,MultiPolygon,1
Auckland,"Robbery, blackmail, and extortion",Aggravated robbery,Takanini West.,NZ,Auckland Region,Auckland.,1/02/2024,0767921,Auckland Region,Teritorial Authority,Auckland,Polygon,Polygon,MultiPolygon,MultiPolygon,3,MultiPolygon,3
Auckland,"Robbery, blackmail, and extortion",Blackmail or other extortion,Greenhithe.,NZ,Auckland Region,Auckland.,1/04/2024,0181113,Auckland Region,Teritorial Authority,Auckland,Polygon,Polygon,MultiPolygon,MultiPolygon,1,MultiPolygon,1
Auckland,"Robbery, blackmail, and extortion",Blackmail or other extortion,Akarana.,NZ,Auckland Region,Auckland.,1/10/2024,0581000,Auckland Region,Teritorial Authority,Auckland,Polygon,Polygon,MultiPolygon,MultiPolygon,1,MultiPolygon,1
Auckland,"Robbery, blackmail, and extortion",Non-aggravated robbery,Papakura North.,NZ,Auckland Region,Auckland.,1/10/2023,0790800,Auckland Region,Teritorial Authority,Auckland,Polygon,Polygon,MultiPolygon,MultiPolygon,1,MultiPolygon,1
Auckland,"Robbery, blackmail, and extortion",Aggravated robbery,Takanini South.,NZ,Auckland Region,Auckland.,1/06/2025,0767400,Auckland Region,Teritorial Authority,Auckland,Polygon,Polygon,MultiPolygon,MultiPolygon,1,MultiPolygon,1
Auckland,"Robbery, blackmail, and extortion",Blackmail or other extortion,One Tree Hill East.,NZ,Auckland Region,Auckland.,1/03/2024,0616800,Auckland Region,Teritorial Authority,Auckland,Polygon,Polygon,MultiPolygon,MultiPolygon,1,MultiPolygon,1
Auckland,"Robbery, blackmail, and extortion",Aggravated robbery,Mangere East.,NZ,Auckland Region,Auckland.,1/05/2025,0749002,Auckland Region,Teritorial Authority,Auckland,Polygon,Polygon,MultiPolygon,MultiPolygon,1,MultiPolygon,1
Auckland,"Robbery, blackmail, and extortion",Blackmail or other extortion,Huapai.,NZ,Auckland Region,Auckland.,1/03/2025,0216001,Auckland Region,Teritorial Authority,Auckland,Polygon,Polygon,MultiPolygon,MultiPolygon,1,MultiPolygon,1
Auckland,"Robbery, blackmail, and extortion",Blackmail or other extortion,Fairburn.,NZ,Auckland Region,Auckland.,1/10/2024,0788101,Auckland Region,Teritorial Authority,Auckland,Polygon,Polygon,MultiPolygon,MultiPolygon,1,MultiPolygon,1
Auckland,"Robbery, blackmail, and extortion",Aggravated robbery,Drury.,NZ,Auckland Region,Auckland.,1/12/2023,0808608,Auckland Region,Teritorial Authority,Auckland,Polygon,Polygon,MultiPolygon,MultiPolygon,1,MultiPolygon,1
Auckland,"Robbery, blackmail, and extortion",Blackmail or other extortion,Papatoetoe West.,NZ,Auckland Region,Auckland.,1/03/2024,0659800,Auckland Region,Teritorial Authority,Auckland,Polygon,Polygon,MultiPolygon,MultiPolygon,1,MultiPolygon,1
Auckland,"Robbery, blackmail, and extortion",Aggravated robbery,Mangere South.,NZ,Auckland Region,Auckland.,1/05/2025,0727200,Auckland Region,Teritorial Authority,Auckland,MultiPolygon,Polygon,MultiPolygon,MultiPolygon,1,MultiPolygon,1
Auckland,"Robbery, blackmail, and extortion",Blackmail or other extortion,Kaipatiki.,NZ,Auckland Region,Auckland.,1/03/2025,0186600,Auckland Region,Teritorial Authority,Auckland,Polygon,Polygon,MultiPolygon,MultiPolygon,1,MultiPolygon,1
Auckland,"Robbery, blackmail, and extortion",Blackmail or other extortion,Otimai.,NZ,Auckland Region,Auckland.,1/05/2024,0278902,Auckland Region,Teritorial Authority,Auckland,Polygon,Polygon,MultiPolygon,MultiPolygon,1,MultiPolygon,1
Auckland,"Robbery, blackmail, and extortion",Aggravated robbery,Takanini North.,NZ,Auckland Region,Auckland.,1/12/2023,0767002,Auckland Region,Teritorial Authority,Auckland,Polygon,Polygon,MultiPolygon,MultiPolygon,1,MultiPolygon,1
Auckland,"Robbery, blackmail, and extortion",Blackmail or other extortion,Kingsland.,NZ,Auckland Region,Auckland.,1/03/2024,0532000,Auckland Region,Teritorial Authority,Auckland,Polygon,Polygon,MultiPolygon,MultiPolygon,1,MultiPolygon,1
Auckland,"Robbery, blackmail, and extortion",Aggravated robbery,Fairburn.,NZ,Auckland Region,Auckland.,1/11/2023,0789302,Auckland Region,Teritorial Authority,Auckland,Polygon,Polygon,MultiPolygon,MultiPolygon,1,MultiPolygon,1
Auckland,"Robbery, blackmail, and extortion",Blackmail or other extortion,Albany.,NZ,Auckland Region,Auckland.,1/04/2025,0178405,Auckland Region,Teritorial Authority,Auckland,Polygon,Polygon,MultiPolygon,MultiPolygon,1,MultiPolygon,1
Auckland,"Robbery, blackmail, and extortion",Blackmail or other extortion,Otahuhu West.,NZ,Auckland Region,Auckland.,1/05/2024,0783400,Auckland Region,Teritorial Authority,Auckland,Polygon,Polygon,MultiPolygon,MultiPolygon,1,MultiPolygon,1
Auckland,"Robbery, blackmail, and extortion",Blackmail or other extortion,Hobsonville East.,NZ,Auckland Region,Auckland.,1/04/2025,0221905,Auckland Region,Teritorial Authority,Auckland,Polygon,Polygon,MultiPolygon,MultiPolygon,1,MultiPolygon,1
Auckland,"Robbery, blackmail, and extortion",Non-aggravated robbery,Pukekohe North.,NZ,Auckland Region,Auckland.,1/09/2024,0819100,Auckland Region,Teritorial Authority,Auckland,Polygon,Polygon,MultiPolygon,MultiPolygon,1,MultiPolygon,1
Auckland,"Robbery, blackmail, and extortion",Blackmail or other extortion,Pakuranga East.,NZ,Auckland Region,Auckland.,1/05/2024,0690400,Auckland Region,Teritorial Authority,Auckland,Polygon,Polygon,MultiPolygon,MultiPolygon,1,MultiPolygon,1
Auckland,"Robbery, blackmail, and extortion",Blackmail or other extortion,Mellons Bay.,NZ,Auckland Region,Auckland.,1/03/2024,0650500,Auckland Region,Teritorial Authority,Auckland,Polygon,Polygon,MultiPolygon,MultiPolygon,1,MultiPolygon,1
Auckland,"Robbery, blackmail, and extortion",Aggravated robbery,Murvale.,NZ,Auckland Region,Auckland.,1/11/2023,0680300,Auckland Region,Teritorial Authority,Auckland,Polygon,Polygon,MultiPolygon,MultiPolygon,1,MultiPolygon,1
Auckland,"Robbery, blackmail, and extortion",Blackmail or other extortion,Kauri Park.,NZ,Auckland Region,Auckland.,1/04/2025,0354400,Auckland Region,Teritorial Authority,Auckland,Polygon,Polygon,MultiPolygon,MultiPolygon,1,MultiPolygon,1
Auckland,"Robbery, blackmail, and extortion",Blackmail or other extortion,Leabank.,NZ,Auckland Region,Auckland.,1/09/2024,0772100,Auckland Region,Teritorial Authority,Auckland,Polygon,Polygon,MultiPolygon,MultiPolygon,1,MultiPolygon,1
Auckland,"Robbery, blackmail, and extortion",Blackmail or other extortion,Onehunga South West.,NZ,Auckland Region,Auckland.,1/06/2024,0597700,Auckland Region,Teritorial Authority,Auckland,Polygon,Polygon,MultiPolygon,MultiPolygon,1,MultiPolygon,1
Auckland,"Robbery, blackmail, and extortion",Blackmail or other extortion,Ferndale.,NZ,Auckland Region,Auckland.,1/03/2024,0643401,Auckland Region,Teritorial Authority,Auckland,Polygon,Polygon,MultiPolygon,MultiPolygon,1,MultiPolygon,1
Auckland,"Robbery, blackmail, and extortion",Blackmail or other extortion,Lake Pupuke.,NZ,Auckland Region,Auckland.,1/04/2025,0307300,Auckland Region,Teritorial Authority,Auckland,Polygon,Polygon,MultiPolygon,MultiPolygon,1,MultiPolygon,1
Auckland,"Robbery, blackmail, and extortion",Blackmail or other extortion,Hillpark.,NZ,Auckland Region,Auckland.,1/12/2024,0756600,Auckland Region,Teritorial Authority,Auckland,Polygon,Polygon,MultiPolygon,MultiPolygon,1,MultiPolygon,1
Auckland,"Robbery, blackmail, and extortion",Blackmail or other extortion,Glen Innes East.,NZ,Auckland Region,Auckland.,1/03/2024,0473000,Auckland Region,Teritorial Authority,Auckland,Polygon,Polygon,MultiPolygon,MultiPolygon,1,MultiPolygon,1
Auckland,"Robbery, blackmail, and extortion",Blackmail or other extortion,Parnell West.,NZ,Auckland Region,Auckland.,1/06/2024,0453300,Auckland Region,Teritorial Authority,Auckland,Polygon,Polygon,MultiPolygon,MultiPolygon,1,MultiPolygon,1
Auckland,"Robbery, blackmail, and extortion",Aggravated robbery,Leabank.,NZ,Auckland Region,Auckland.,1/06/2025,0770700,Auckland Region,Teritorial Authority,Auckland,Polygon,Polygon,MultiPolygon,MultiPolygon,1,MultiPolygon,1
Auckland,"Robbery, blackmail, and extortion",Aggravated robbery,Grafton West.,NZ,Auckland Region,Auckland.,1/05/2025,0441200,Auckland Region,Teritorial Authority,Auckland,Polygon,Polygon,MultiPolygon,MultiPolygon,1,MultiPolygon,1
Auckland,"Robbery, blackmail, and extortion",Blackmail or other extortion,Sunnynook.,NZ,Auckland Region,Auckland.,1/04/2025,0191804,Auckland Region,Teritorial Authority,Auckland,Polygon,Polygon,MultiPolygon,MultiPolygon,1,MultiPolygon,1
Auckland,"Robbery, blackmail, and extortion",Non-aggravated robbery,Parnell West.,NZ,Auckland Region,Auckland.,1/08/2023,0453103,Auckland Region,Teritorial Authority,Auckland,Polygon,Polygon,MultiPolygon,MultiPolygon,1,MultiPolygon,1
Auckland,"Robbery, blackmail, and extortion",Blackmail or other extortion,Leabank.,NZ,Auckland Region,Auckland.,1/03/2024,0772602,Auckland Region,Teritorial Authority,Auckland,Polygon,Polygon,MultiPolygon,MultiPolygon,1,MultiPolygon,1
Auckland,"Robbery, blackmail, and extortion",Aggravated robbery,Lynnmall.,NZ,Auckland Region,Auckland.,1/01/2025,0266000,Auckland Region,Teritorial Authority,Auckland,Polygon,Polygon,MultiPolygon,MultiPolygon,1,MultiPolygon,1
Auckland,"Robbery, blackmail, and extortion",Blackmail or other extortion,Westlake.,NZ,Auckland Region,Auckland.,1/04/2025,0304100,Auckland Region,Teritorial Authority,Auckland,Polygon,Polygon,MultiPolygon,MultiPolygon,1,MultiPolygon,1
Auckland,"Robbery, blackmail, and extortion",Aggravated robbery,Auckland Central East.,NZ,Auckland Region,Auckland.,1/01/2025,0437000,Auckland Region,Teritorial Authority,Auckland,Polygon,Polygon,MultiPolygon,MultiPolygon,1,MultiPolygon,1
Auckland,"Robbery, blackmail, and extortion",Aggravated robbery,Sandringham East.,NZ,Auckland Region,Auckland.,1/08/2023,0538500,Auckland Region,Teritorial Authority,Auckland,Polygon,Polygon,MultiPolygon,MultiPolygon,1,MultiPolygon,1
Auckland,"Robbery, blackmail, and extortion",Blackmail or other extortion,Epsom North.,NZ,Auckland Region,Auckland.,1/08/2023,0443600,Auckland Region,Teritorial Authority,Auckland,Polygon,Polygon,MultiPolygon,MultiPolygon,1,MultiPolygon,1
Auckland,"Robbery, blackmail, and extortion",Aggravated robbery,Auckland Harbourside.,NZ,Auckland Region,Auckland.,1/06/2025,0432900,Auckland Region,Teritorial Authority,Auckland,Polygon,Polygon,MultiPolygon,MultiPolygon,1,MultiPolygon,1
Auckland,"Robbery, blackmail, and extortion",Aggravated robbery,Rongomai.,NZ,Auckland Region,Auckland.,1/02/2025,0713005,Auckland Region,Teritorial Authority,Auckland,Polygon,Polygon,MultiPolygon,MultiPolygon,1,MultiPolygon,1
Auckland,"Robbery, blackmail, and extortion",Aggravated robbery,Hillpark.,NZ,Auckland Region,Auckland.,1/08/2023,0757100,Auckland Region,Teritorial Authority,Auckland,Polygon,Polygon,MultiPolygon,MultiPolygon,1,MultiPolygon,1
Auckland,"Robbery, blackmail, and extortion",Blackmail or other extortion,Royal Oak.,NZ,Auckland Region,Auckland.,1/08/2023,0566300,Auckland Region,Teritorial Authority,Auckland,Polygon,Polygon,MultiPolygon,MultiPolygon,1,MultiPolygon,1
Auckland,"Robbery, blackmail, and extortion",Blackmail or other extortion,Glenfield Central.,NZ,Auckland Region,Auckland.,1/11/2024,0200600,Auckland Region,Teritorial Authority,Auckland,Polygon,Polygon,MultiPolygon,MultiPolygon,1,MultiPolygon,1
Auckland,"Robbery, blackmail, and extortion",Aggravated robbery,St Heliers.,NZ,Auckland Region,Auckland.,1/06/2025,0508400,Auckland Region,Teritorial Authority,Auckland,Polygon,Polygon,MultiPolygon,MultiPolygon,1,MultiPolygon,1
Auckland,"Robbery, blackmail, and extortion",Non-aggravated robbery,Glen Innes West.,NZ,Auckland Region,Auckland.,1/02/2025,0476100,Auckland Region,Teritorial Authority,Auckland,Polygon,Polygon,MultiPolygon,MultiPolygon,1,MultiPolygon,1
Auckland,"Robbery, blackmail, and extortion",Aggravated robbery,Mt Eden South.,NZ,Auckland Region,Auckland.,1/09/2023,0554400,Auckland Region,Teritorial Authority,Auckland,Polygon,Polygon,MultiPolygon,MultiPolygon,1,MultiPolygon,1
Auckland,"Robbery, blackmail, and extortion",Blackmail or other extortion,Owairaka East.,NZ,Auckland Region,Auckland.,1/08/2023,0521800,Auckland Region,Teritorial Authority,Auckland,Polygon,Polygon,MultiPolygon,MultiPolygon,1,MultiPolygon,1
Auckland,"Robbery, blackmail, and extortion",Aggravated robbery,Surrey Crescent.,NZ,Auckland Region,Auckland.,1/09/2023,0406300,Auckland Region,Teritorial Authority,Auckland,Polygon,Polygon,MultiPolygon,MultiPolygon,1,MultiPolygon,1
Auckland,"Robbery, blackmail, and extortion",Blackmail or other extortion,Tahekeroa.,NZ,Auckland Region,Auckland.,1/11/2024,0177801,Auckland Region,Teritorial Authority,Auckland,Polygon,Polygon,MultiPolygon,MultiPolygon,1,MultiPolygon,1
Auckland,"Robbery, blackmail, and extortion",Aggravated robbery,Sandringham East.,NZ,Auckland Region,Auckland.,1/06/2025,0538802,Auckland Region,Teritorial Authority,Auckland,Polygon,Polygon,MultiPolygon,MultiPolygon,1,MultiPolygon,1
Auckland,"Robbery, blackmail, and extortion",Blackmail or other extortion,Orakei North.,NZ,Auckland Region,Auckland.,1/08/2023,0500000,Auckland Region,Teritorial Authority,Auckland,Polygon,Polygon,MultiPolygon,MultiPolygon,1,MultiPolygon,1
Auckland,"Robbery, blackmail, and extortion",Aggravated robbery,Ambury.,NZ,Auckland Region,Auckland.,1/03/2025,0721200,Auckland Region,Teritorial Authority,Auckland,MultiPolygon,Polygon,MultiPolygon,MultiPolygon,1,MultiPolygon,1
Auckland,"Robbery, blackmail, and extortion",Aggravated robbery,Westmere.,NZ,Auckland Region,Auckland.,1/09/2023,0400200,Auckland Region,Teritorial Authority,Auckland,Polygon,Polygon,MultiPolygon,MultiPolygon,1,MultiPolygon,1
Auckland,"Robbery, blackmail, and extortion",Blackmail or other extortion,Owairaka East.,NZ,Auckland Region,Auckland.,1/09/2023,0522401,Auckland Region,Teritorial Authority,Auckland,Polygon,Polygon,MultiPolygon,MultiPolygon,1,MultiPolygon,1
Auckland,"Robbery, blackmail, and extortion",Aggravated robbery,Favona North.,NZ,Auckland Region,Auckland.,1/05/2024,0730602,Auckland Region,Teritorial Authority,Auckland,MultiPolygon,Polygon,MultiPolygon,MultiPolygon,1,MultiPolygon,1
Auckland,"Robbery, blackmail, and extortion",Aggravated robbery,Rongomai.,NZ,Auckland Region,Auckland.,1/08/2024,0713005,Auckland Region,Teritorial Authority,Auckland,Polygon,Polygon,MultiPolygon,MultiPolygon,1,MultiPolygon,1
Auckland,"Robbery, blackmail, and extortion",Blackmail or other extortion,Westgate.,NZ,Auckland Region,Auckland.,1/11/2024,0224303,Auckland Region,Teritorial Authority,Auckland,Polygon,Polygon,MultiPolygon,MultiPolygon,1,MultiPolygon,1
Auckland,"Robbery, blackmail, and extortion",Aggravated robbery,Kaipatiki.,NZ,Auckland Region,Auckland.,1/05/2025,0187200,Auckland Region,Teritorial Authority,Auckland,Polygon,Polygon,MultiPolygon,MultiPolygon,1,MultiPolygon,1
Auckland,"Robbery, blackmail, and extortion",Aggravated robbery,Redoubt East.,NZ,Auckland Region,Auckland.,1/10/2024,0760400,Auckland Region,Teritorial Authority,Auckland,Polygon,Polygon,MultiPolygon,MultiPolygon,2,MultiPolygon,2
Auckland,"Robbery, blackmail, and extortion",Blackmail or other extortion,Abbotts Park.,NZ,Auckland Region,Auckland.,1/09/2023,0496101,Auckland Region,Teritorial Authority,Auckland,Polygon,Polygon,MultiPolygon,MultiPolygon,1,MultiPolygon,1
Auckland,"Robbery, blackmail, and extortion",Aggravated robbery,Pakuranga Central.,NZ,Auckland Region,Auckland.,1/10/2023,0686100,Auckland Region,Teritorial Authority,Auckland,Polygon,Polygon,MultiPolygon,MultiPolygon,1,MultiPolygon,1
Auckland,"Robbery, blackmail, and extortion",Aggravated robbery,Mission Bay.,NZ,Auckland Region,Auckland.,1/09/2024,0500600,Auckland Region,Teritorial Authority,Auckland,Polygon,Polygon,MultiPolygon,MultiPolygon,1,MultiPolygon,1
Auckland,"Robbery, blackmail, and extortion",Blackmail or other extortion,Glendhu.,NZ,Auckland Region,Auckland.,1/10/2024,0184912,Auckland Region,Teritorial Authority,Auckland,Polygon,Polygon,MultiPolygon,MultiPolygon,1,MultiPolygon,1
Auckland,"Robbery, blackmail, and extortion",Aggravated robbery,Clendon South.,NZ,Auckland Region,Auckland.,1/05/2025,0774449,Auckland Region,Teritorial Authority,Auckland,Polygon,Polygon,MultiPolygon,MultiPolygon,1,MultiPolygon,1
Auckland,"Robbery, blackmail, and extortion",Blackmail or other extortion,Redoubt South.,NZ,Auckland Region,Auckland.,1/09/2023,0760117,Auckland Region,Teritorial Authority,Auckland,Polygon,Polygon,MultiPolygon,MultiPolygon,1,MultiPolygon,1
Auckland,"Robbery, blackmail, and extortion",Aggravated robbery,Waikowhai East.,NZ,Auckland Region,Auckland.,1/06/2024,0590500,Auckland Region,Teritorial Authority,Auckland,Polygon,Polygon,MultiPolygon,MultiPolygon,1,MultiPolygon,1
Auckland,"Robbery, blackmail, and extortion",Aggravated robbery,Onehunga North East.,NZ,Auckland Region,Auckland.,1/06/2025,0594100,Auckland Region,Teritorial Authority,Auckland,Polygon,Polygon,MultiPolygon,MultiPolygon,1,MultiPolygon,1
Auckland,"Robbery, blackmail, and extortion",Blackmail or other extortion,Auckland Harbourside.,NZ,Auckland Region,Auckland.,1/10/2023,0438211,Auckland Region,Teritorial Authority,Auckland,Polygon,Polygon,MultiPolygon,MultiPolygon,1,MultiPolygon,1
Auckland,"Robbery, blackmail, and extortion",Aggravated robbery,Hillsborough West.,NZ,Auckland Region,Auckland.,1/06/2024,0569501,Auckland Region,Teritorial Authority,Auckland,Polygon,Polygon,MultiPolygon,MultiPolygon,1,MultiPolygon,1
Auckland,"Robbery, blackmail, and extortion",Non-aggravated robbery,Mangere South.,NZ,Auckland Region,Auckland.,1/12/2023,0728807,Auckland Region,Teritorial Authority,Auckland,MultiPolygon,Polygon,MultiPolygon,MultiPolygon,1,MultiPolygon,1
Auckland,"Robbery, blackmail, and extortion",Blackmail or other extortion,Wakeling.,NZ,Auckland Region,Auckland.,1/10/2024,0254000,Auckland Region,Teritorial Authority,Auckland,Polygon,Polygon,MultiPolygon,MultiPolygon,1,MultiPolygon,1
Auckland,"Robbery, blackmail, and extortion",Blackmail or other extortion,Clendon South.,NZ,Auckland Region,Auckland.,1/11/2024,0774434,Auckland Region,Teritorial Authority,Auckland,Polygon,Polygon,MultiPolygon,MultiPolygon,2,MultiPolygon,2
Auckland,"Robbery, blackmail, and extortion",Blackmail or other extortion,Kohimarama East.,NZ,Auckland Region,Auckland.,1/10/2023,0507400,Auckland Region,Teritorial Authority,Auckland,Polygon,Polygon,MultiPolygon,MultiPolygon,1,MultiPolygon,1
Auckland,"Robbery, blackmail, and extortion",Aggravated robbery,New Lynn South.,NZ,Auckland Region,Auckland.,1/01/2025,0268900,Auckland Region,Teritorial Authority,Auckland,Polygon,Polygon,MultiPolygon,MultiPolygon,2,MultiPolygon,2
Auckland,"Robbery, blackmail, and extortion",Aggravated robbery,Point Chevalier East.,NZ,Auckland Region,Auckland.,1/11/2023,0390701,Auckland Region,Teritorial Authority,Auckland,Polygon,Polygon,MultiPolygon,MultiPolygon,1,MultiPolygon,1
Auckland,"Robbery, blackmail, and extortion",Aggravated robbery,Auckland Central West.,NZ,Auckland Region,Auckland.,1/12/2023,0434000,Auckland Region,Teritorial Authority,Auckland,Polygon,Polygon,MultiPolygon,MultiPolygon,1,MultiPolygon,1
Auckland,"Robbery, blackmail, and extortion",Aggravated robbery,Manurewa East.,NZ,Auckland Region,Auckland.,1/05/2025,0758200,Auckland Region,Teritorial Authority,Auckland,Polygon,Polygon,MultiPolygon,MultiPolygon,1,MultiPolygon,1
Auckland,"Robbery, blackmail, and extortion",Blackmail or other extortion,Glen Innes North.,NZ,Auckland Region,Auckland.,1/10/2023,0465900,Auckland Region,Teritorial Authority,Auckland,Polygon,Polygon,MultiPolygon,MultiPolygon,1,MultiPolygon,1
Auckland,"Robbery, blackmail, and extortion",Aggravated robbery,Auckland Central East.,NZ,Auckland Region,Auckland.,1/02/2025,0436100,Auckland Region,Teritorial Authority,Auckland,Polygon,Polygon,MultiPolygon,MultiPolygon,2,MultiPolygon,2
Auckland,"Robbery, blackmail, and extortion",Blackmail or other extortion,West Harbour.,NZ,Auckland Region,Auckland.,1/10/2024,0224224,Auckland Region,Teritorial Authority,Auckland,Polygon,Polygon,MultiPolygon,MultiPolygon,1,MultiPolygon,1
Auckland,"Robbery, blackmail, and extortion",Aggravated robbery,Remuera South.,NZ,Auckland Region,Auckland.,1/08/2024,0491600,Auckland Region,Teritorial Authority,Auckland,Polygon,Polygon,MultiPolygon,MultiPolygon,1,MultiPolygon,1
Auckland,"Robbery, blackmail, and extortion",Aggravated robbery,Burbank.,NZ,Auckland Region,Auckland.,1/11/2024,0775000,Auckland Region,Teritorial Authority,Auckland,Polygon,Polygon,MultiPolygon,MultiPolygon,1,MultiPolygon,1
Auckland,"Robbery, blackmail, and extortion",Aggravated robbery,Redoubt North.,NZ,Auckland Region,Auckland.,1/03/2024,0715904,Auckland Region,Teritorial Authority,Auckland,Polygon,Polygon,MultiPolygon,MultiPolygon,1,MultiPolygon,1
Auckland,"Robbery, blackmail, and extortion",Aggravated robbery,Favona North.,NZ,Auckland Region,Auckland.,1/02/2025,0730301,Auckland Region,Teritorial Authority,Auckland,MultiPolygon,Polygon,MultiPolygon,MultiPolygon,2,MultiPolygon,2
Auckland,"Robbery, blackmail, and extortion",Aggravated robbery,New Lynn North.,NZ,Auckland Region,Auckland.,1/03/2025,0266900,Auckland Region,Teritorial Authority,Auckland,Polygon,Polygon,MultiPolygon,MultiPolygon,2,MultiPolygon,2
Auckland,"Robbery, blackmail, and extortion",Blackmail or other extortion,Greenhithe.,NZ,Auckland Region,Auckland.,1/12/2024,0181503,Auckland Region,Teritorial Authority,Auckland,Polygon,Polygon,MultiPolygon,MultiPolygon,1,MultiPolygon,1
Auckland,"Robbery, blackmail, and extortion",Aggravated robbery,Otara North.,NZ,Auckland Region,Auckland.,1/08/2024,0700700,Auckland Region,Teritorial Authority,Auckland,Polygon,Polygon,MultiPolygon,MultiPolygon,1,MultiPolygon,1
Auckland,"Robbery, blackmail, and extortion",Blackmail or other extortion,Ranui Domain.,NZ,Auckland Region,Auckland.,1/05/2025,0236004,Auckland Region,Teritorial Authority,Auckland,Polygon,Polygon,MultiPolygon,MultiPolygon,1,MultiPolygon,1
Auckland,"Robbery, blackmail, and extortion",Blackmail or other extortion,Drury.,NZ,Auckland Region,Auckland.,1/03/2025,0808701,Auckland Region,Teritorial Authority,Auckland,Polygon,Polygon,MultiPolygon,MultiPolygon,1,MultiPolygon,1
Auckland,"Robbery, blackmail, and extortion",Aggravated robbery,Mangere Central.,NZ,Auckland Region,Auckland.,1/10/2024,0740500,Auckland Region,Teritorial Authority,Auckland,Polygon,Polygon,MultiPolygon,MultiPolygon,1,MultiPolygon,1
Auckland,"Robbery, blackmail, and extortion",Aggravated robbery,Wiri.,NZ,Auckland Region,Auckland.,1/08/2024,0780407,Auckland Region,Teritorial Authority,Auckland,Polygon,Polygon,MultiPolygon,MultiPolygon,1,MultiPolygon,1
Auckland,"Robbery, blackmail, and extortion",Aggravated robbery,Pakuranga East.,NZ,Auckland Region,Auckland.,1/08/2023,0691000,Auckland Region,Teritorial Authority,Auckland,Polygon,Polygon,MultiPolygon,MultiPolygon,1,MultiPolygon,1
Auckland,"Robbery, blackmail, and extortion",Aggravated robbery,Dingwall.,NZ,Auckland Region,Auckland.,1/03/2025,0666800,Auckland Region,Teritorial Authority,Auckland,Polygon,Polygon,MultiPolygon,MultiPolygon,2,MultiPolygon,2
Auckland,"Robbery, blackmail, and extortion",Blackmail or other extortion,Takanini South.,NZ,Auckland Region,Auckland.,1/11/2024,0767808,Auckland Region,Teritorial Authority,Auckland,Polygon,Polygon,MultiPolygon,MultiPolygon,1,MultiPolygon,1
Auckland,"Robbery, blackmail, and extortion",Aggravated robbery,Glenavon.,NZ,Auckland Region,Auckland.,1/04/2025,0379200,Auckland Region,Teritorial Authority,Auckland,Polygon,Polygon,MultiPolygon,MultiPolygon,1,MultiPolygon,1
Auckland,"Robbery, blackmail, and extortion",Non-aggravated robbery,Bucklands Beach South.,NZ,Auckland Region,Auckland.,1/10/2024,0677700,Auckland Region,Teritorial Authority,Auckland,Polygon,Polygon,MultiPolygon,MultiPolygon,1,MultiPolygon,1
Auckland,"Robbery, blackmail, and extortion",Aggravated robbery,Papakura North.,NZ,Auckland Region,Auckland.,1/11/2024,0791600,Auckland Region,Teritorial Authority,Auckland,Polygon,Polygon,MultiPolygon,MultiPolygon,4,MultiPolygon,4
Auckland,"Robbery, blackmail, and extortion",Aggravated robbery,Karekare.,NZ,Auckland Region,Auckland.,1/11/2024,0282016,Auckland Region,Teritorial Authority,Auckland,MultiPolygon,Polygon,MultiPolygon,MultiPolygon,1,MultiPolygon,1
Auckland,"Robbery, blackmail, and extortion",Aggravated robbery,Mangere East.,NZ,Auckland Region,Auckland.,1/09/2023,0656800,Auckland Region,Teritorial Authority,Auckland,Polygon,Polygon,MultiPolygon,MultiPolygon,1,MultiPolygon,1
Auckland,"Robbery, blackmail, and extortion",Non-aggravated robbery,Sandringham East.,NZ,Auckland Region,Auckland.,1/10/2024,0539300,Auckland Region,Teritorial Authority,Auckland,Polygon,Polygon,MultiPolygon,MultiPolygon,1,MultiPolygon,1
Auckland,"Robbery, blackmail, and extortion",Aggravated robbery,Tangutu.,NZ,Auckland Region,Auckland.,1/08/2024,0282823,Auckland Region,Teritorial Authority,Auckland,Polygon,Polygon,MultiPolygon,MultiPolygon,2,MultiPolygon,2
Auckland,"Robbery, blackmail, and extortion",Blackmail or other extortion,Mangere East.,NZ,Auckland Region,Auckland.,1/04/2024,0747300,Auckland Region,Teritorial Authority,Auckland,Polygon,Polygon,MultiPolygon,MultiPolygon,1,MultiPolygon,1
Auckland,"Robbery, blackmail, and extortion",Aggravated robbery,Mangere Central.,NZ,Auckland Region,Auckland.,1/07/2025,0740200,Auckland Region,Teritorial Authority,Auckland,Polygon,Polygon,MultiPolygon,MultiPolygon,1,MultiPolygon,1
Auckland,"Robbery, blackmail, and extortion",Aggravated robbery,Elsmore Park.,NZ,Auckland Region,Auckland.,1/09/2023,0681304,Auckland Region,Teritorial Authority,Auckland,Polygon,Polygon,MultiPolygon,MultiPolygon,2,MultiPolygon,2
Auckland,"Robbery, blackmail, and extortion",Aggravated robbery,Westmere.,NZ,Auckland Region,Auckland.,1/04/2025,0401200,Auckland Region,Teritorial Authority,Auckland,Polygon,Polygon,MultiPolygon,MultiPolygon,1,MultiPolygon,1
Auckland,"Robbery, blackmail, and extortion",Aggravated robbery,Lynnmall.,NZ,Auckland Region,Auckland.,1/05/2024,0266000,Auckland Region,Teritorial Authority,Auckland,Polygon,Polygon,MultiPolygon,MultiPolygon,2,MultiPolygon,2
Auckland,"Robbery, blackmail, and extortion",Non-aggravated robbery,Auckland Harbourside.,NZ,Auckland Region,Auckland.,1/06/2024,0438103,Auckland Region,Teritorial Authority,Auckland,Polygon,Polygon,MultiPolygon,MultiPolygon,2,MultiPolygon,2
Auckland,"Robbery, blackmail, and extortion",Blackmail or other extortion,Epsom North.,NZ,Auckland Region,Auckland.,1/04/2024,0444702,Auckland Region,Teritorial Authority,Auckland,Polygon,Polygon,MultiPolygon,MultiPolygon,1,MultiPolygon,1
Auckland,"Robbery, blackmail, and extortion",Aggravated robbery,Onehunga North West.,NZ,Auckland Region,Auckland.,1/09/2023,0594500,Auckland Region,Teritorial Authority,Auckland,Polygon,Polygon,MultiPolygon,MultiPolygon,3,MultiPolygon,3
Auckland,"Robbery, blackmail, and extortion",Aggravated robbery,Auckland Harbourside.,NZ,Auckland Region,Auckland.,1/09/2023,0432900,Auckland Region,Teritorial Authority,Auckland,Polygon,Polygon,MultiPolygon,MultiPolygon,3,MultiPolygon,3
Auckland,"Robbery, blackmail, and extortion",Blackmail or other extortion,Howick South.,NZ,Auckland Region,Auckland.,1/03/2025,0710602,Auckland Region,Teritorial Authority,Auckland,Polygon,Polygon,MultiPolygon,MultiPolygon,1,MultiPolygon,1
Auckland,"Robbery, blackmail, and extortion",Aggravated robbery,Howick Central.,NZ,Auckland Region,Auckland.,1/05/2024,0649900,Auckland Region,Teritorial Authority,Auckland,Polygon,Polygon,MultiPolygon,MultiPolygon,2,MultiPolygon,2
Auckland,"Robbery, blackmail, and extortion",Blackmail or other extortion,Mascot.,NZ,Auckland Region,Auckland.,1/03/2025,0742101,Auckland Region,Teritorial Authority,Auckland,Polygon,Polygon,MultiPolygon,MultiPolygon,1,MultiPolygon,1
Auckland,"Robbery, blackmail, and extortion",Blackmail or other extortion,Birkenhead East.,NZ,Auckland Region,Auckland.,1/02/2024,0356002,Auckland Region,Teritorial Authority,Auckland,Polygon,Polygon,MultiPolygon,MultiPolygon,1,MultiPolygon,1
Auckland,"Robbery, blackmail, and extortion",Aggravated robbery,Sandringham East.,NZ,Auckland Region,Auckland.,1/08/2024,0538005,Auckland Region,Teritorial Authority,Auckland,Polygon,Polygon,MultiPolygon,MultiPolygon,3,MultiPolygon,3
Auckland,"Robbery, blackmail, and extortion",Aggravated robbery,Auckland Harbourside.,NZ,Auckland Region,Auckland.,1/03/2025,0432900,Auckland Region,Teritorial Authority,Auckland,Polygon,Polygon,MultiPolygon,MultiPolygon,3,MultiPolygon,3
Auckland,"Robbery, blackmail, and extortion",Blackmail or other extortion,Mt Albert Central.,NZ,Auckland Region,Auckland.,1/08/2023,0527300,Auckland Region,Teritorial Authority,Auckland,Polygon,Polygon,MultiPolygon,MultiPolygon,1,MultiPolygon,1
Auckland,"Robbery, blackmail, and extortion",Blackmail or other extortion,Glen Eden East.,NZ,Auckland Region,Auckland.,1/03/2025,0287803,Auckland Region,Teritorial Authority,Auckland,Polygon,Polygon,MultiPolygon,MultiPolygon,1,MultiPolygon,1
Auckland,"Robbery, blackmail, and extortion",Blackmail or other extortion,Royal Road West.,NZ,Auckland Region,Auckland.,1/08/2023,0225304,Auckland Region,Teritorial Authority,Auckland,Polygon,Polygon,MultiPolygon,MultiPolygon,1,MultiPolygon,1
Auckland,"Robbery, blackmail, and extortion",Blackmail or other extortion,Point England.,NZ,Auckland Region,Auckland.,1/08/2024,0477202,Auckland Region,Teritorial Authority,Auckland,Polygon,Polygon,MultiPolygon,MultiPolygon,1,MultiPolygon,1
Auckland,"Robbery, blackmail, and extortion",Blackmail or other extortion,Bleakhouse.,NZ,Auckland Region,Auckland.,1/11/2024,0678700,Auckland Region,Teritorial Authority,Auckland,Polygon,Polygon,MultiPolygon,MultiPolygon,1,MultiPolygon,1
Auckland,"Robbery, blackmail, and extortion",Aggravated robbery,Mangere South.,NZ,Auckland Region,Auckland.,1/03/2025,0727200,Auckland Region,Teritorial Authority,Auckland,MultiPolygon,Polygon,MultiPolygon,MultiPolygon,3,MultiPolygon,3
Auckland,"Robbery, blackmail, and extortion",Blackmail or other extortion,Meadowbank South.,NZ,Auckland Region,Auckland.,1/08/2024,0463400,Auckland Region,Teritorial Authority,Auckland,Polygon,Polygon,MultiPolygon,MultiPolygon,1,MultiPolygon,1
Auckland,"Robbery, blackmail, and extortion",Blackmail or other extortion,Newmarket.,NZ,Auckland Region,Auckland.,1/11/2024,0451300,Auckland Region,Teritorial Authority,Auckland,Polygon,Polygon,MultiPolygon,MultiPolygon,1,MultiPolygon,1
Auckland,"Robbery, blackmail, and extortion",Blackmail or other extortion,Wellsford.,NZ,Auckland Region,Auckland.,1/08/2023,0142200,Auckland Region,Teritorial Authority,Auckland,Polygon,Polygon,MultiPolygon,MultiPolygon,1,MultiPolygon,1
Auckland,"Robbery, blackmail, and extortion",Aggravated robbery,Otahuhu West.,NZ,Auckland Region,Auckland.,1/08/2024,0784100,Auckland Region,Teritorial Authority,Auckland,Polygon,Polygon,MultiPolygon,MultiPolygon,3,MultiPolygon,3
Auckland,"Robbery, blackmail, and extortion",Aggravated robbery,Epsom North.,NZ,Auckland Region,Auckland.,1/08/2023,0443200,Auckland Region,Teritorial Authority,Auckland,Polygon,Polygon,MultiPolygon,MultiPolygon,1,MultiPolygon,1
Auckland,"Robbery, blackmail, and extortion",Blackmail or other extortion,Rosebank.,NZ,Auckland Region,Auckland.,1/11/2024,0387601,Auckland Region,Teritorial Authority,Auckland,MultiPolygon,Polygon,MultiPolygon,MultiPolygon,1,MultiPolygon,1
Auckland,"Robbery, blackmail, and extortion",Blackmail or other extortion,Waikowhai East.,NZ,Auckland Region,Auckland.,1/10/2024,0591200,Auckland Region,Teritorial Authority,Auckland,Polygon,Polygon,MultiPolygon,MultiPolygon,1,MultiPolygon,1
Auckland,"Robbery, blackmail, and extortion",Blackmail or other extortion,Awaruku.,NZ,Auckland Region,Auckland.,1/09/2023,0166408,Auckland Region,Teritorial Authority,Auckland,Polygon,Polygon,MultiPolygon,MultiPolygon,1,MultiPolygon,1
Auckland,"Robbery, blackmail, and extortion",Aggravated robbery,Leabank.,NZ,Auckland Region,Auckland.,1/06/2024,0770700,Auckland Region,Teritorial Authority,Auckland,Polygon,Polygon,MultiPolygon,MultiPolygon,3,MultiPolygon,3
Auckland,"Robbery, blackmail, and extortion",Blackmail or other extortion,Ocean View.,NZ,Auckland Region,Auckland.,1/09/2023,0362800,Auckland Region,Teritorial Authority,Auckland,Polygon,Polygon,MultiPolygon,MultiPolygon,1,MultiPolygon,1
Auckland,"Robbery, blackmail, and extortion",Blackmail or other extortion,Campbells Bay.,NZ,Auckland Region,Auckland.,1/02/2025,0148601,Auckland Region,Teritorial Authority,Auckland,Polygon,Polygon,MultiPolygon,MultiPolygon,1,MultiPolygon,1
Auckland,"Robbery, blackmail, and extortion",Non-aggravated robbery,Auckland Central East.,NZ,Auckland Region,Auckland.,1/08/2023,0436500,Auckland Region,Teritorial Authority,Auckland,Polygon,Polygon,MultiPolygon,MultiPolygon,1,MultiPolygon,1
Auckland,"Robbery, blackmail, and extortion",Blackmail or other extortion,Waikowhai East.,NZ,Auckland Region,Auckland.,1/10/2024,0590400,Auckland Region,Teritorial Authority,Auckland,Polygon,Polygon,MultiPolygon,MultiPolygon,1,MultiPolygon,1
Auckland,"Robbery, blackmail, and extortion",Aggravated robbery,Newton.,NZ,Auckland Region,Auckland.,1/09/2023,0412301,Auckland Region,Teritorial Authority,Auckland,Polygon,Polygon,MultiPolygon,MultiPolygon,1,MultiPolygon,1
Auckland,"Robbery, blackmail, and extortion",Blackmail or other extortion,Takanini South.,NZ,Auckland Region,Auckland.,1/03/2024,0765401,Auckland Region,Teritorial Authority,Auckland,Polygon,Polygon,MultiPolygon,MultiPolygon,1,MultiPolygon,1
Auckland,"Robbery, blackmail, and extortion",Blackmail or other extortion,Narrow Neck.,NZ,Auckland Region,Auckland.,1/02/2025,0336900,Auckland Region,Teritorial Authority,Auckland,Polygon,Polygon,MultiPolygon,MultiPolygon,1,MultiPolygon,1
Auckland,"Robbery, blackmail, and extortion",Aggravated robbery,Otara North.,NZ,Auckland Region,Auckland.,1/10/2023,0700602,Auckland Region,Teritorial Authority,Auckland,Polygon,Polygon,MultiPolygon,MultiPolygon,1,MultiPolygon,1
Auckland,"Robbery, blackmail, and extortion",Blackmail or other extortion,Birkdale South.,NZ,Auckland Region,Auckland.,1/03/2025,0349907,Auckland Region,Teritorial Authority,Auckland,Polygon,Polygon,MultiPolygon,MultiPolygon,1,MultiPolygon,1
Auckland,"Robbery, blackmail, and extortion",Blackmail or other extortion,South Waiuku.,NZ,Auckland Region,Auckland.,1/03/2024,0835502,Auckland Region,Teritorial Authority,Auckland,Polygon,Polygon,MultiPolygon,MultiPolygon,1,MultiPolygon,1
Auckland,"Robbery, blackmail, and extortion",Blackmail or other extortion,Hillsborough West.,NZ,Auckland Region,Auckland.,1/12/2024,0572500,Auckland Region,Teritorial Authority,Auckland,Polygon,Polygon,MultiPolygon,MultiPolygon,1,MultiPolygon,1
Auckland,"Robbery, blackmail, and extortion",Aggravated robbery,Mascot.,NZ,Auckland Region,Auckland.,1/10/2023,0742102,Auckland Region,Teritorial Authority,Auckland,Polygon,Polygon,MultiPolygon,MultiPolygon,1,MultiPolygon,1
Auckland,"Robbery, blackmail, and extortion",Blackmail or other extortion,Ocean View.,NZ,Auckland Region,Auckland.,1/03/2025,0363600,Auckland Region,Teritorial Authority,Auckland,Polygon,Polygon,MultiPolygon,MultiPolygon,1,MultiPolygon,1
Auckland,"Robbery, blackmail, and extortion",Blackmail or other extortion,Bledisloe Park.,NZ,Auckland Region,Auckland.,1/09/2023,0823401,Auckland Region,Teritorial Authority,Auckland,Polygon,Polygon,MultiPolygon,MultiPolygon,1,MultiPolygon,1
Auckland,"Robbery, blackmail, and extortion",Blackmail or other extortion,Sunnybrae.,NZ,Auckland Region,Auckland.,1/08/2024,0202600,Auckland Region,Teritorial Authority,Auckland,Polygon,Polygon,MultiPolygon,MultiPolygon,1,MultiPolygon,1
Auckland,"Robbery, blackmail, and extortion",Aggravated robbery,Mt Wellington North.,NZ,Auckland Region,Auckland.,1/03/2025,0627300,Auckland Region,Teritorial Authority,Auckland,Polygon,Polygon,MultiPolygon,MultiPolygon,1,MultiPolygon,1
Auckland,"Robbery, blackmail, and extortion",Aggravated robbery,Auckland Central East.,NZ,Auckland Region,Auckland.,1/06/2024,0437000,Auckland Region,Teritorial Authority,Auckland,Polygon,Polygon,MultiPolygon,MultiPolygon,1,MultiPolygon,1
Auckland,"Robbery, blackmail, and extortion",Aggravated robbery,Onehunga South East.,NZ,Auckland Region,Auckland.,1/07/2024,0601700,Auckland Region,Teritorial Authority,Auckland,Polygon,Polygon,MultiPolygon,MultiPolygon,1,MultiPolygon,1
Auckland,"Robbery, blackmail, and extortion",Non-aggravated robbery,Otara East.,NZ,Auckland Region,Auckland.,1/11/2024,0703300,Auckland Region,Teritorial Authority,Auckland,Polygon,Polygon,MultiPolygon,MultiPolygon,1,MultiPolygon,1
Auckland,"Robbery, blackmail, and extortion",Blackmail or other extortion,New Lynn South.,NZ,Auckland Region,Auckland.,1/03/2024,0268600,Auckland Region,Teritorial Authority,Auckland,Polygon,Polygon,MultiPolygon,MultiPolygon,1,MultiPolygon,1
Auckland,"Robbery, blackmail, and extortion",Blackmail or other extortion,Pinehill.,NZ,Auckland Region,Auckland.,1/09/2024,0180602,Auckland Region,Teritorial Authority,Auckland,Polygon,Polygon,MultiPolygon,MultiPolygon,1,MultiPolygon,1
Auckland,"Robbery, blackmail, and extortion",Aggravated robbery,Auckland Central West.,NZ,Auckland Region,Auckland.,1/11/2024,0434300,Auckland Region,Teritorial Authority,Auckland,Polygon,Polygon,MultiPolygon,MultiPolygon,1,MultiPolygon,1
Auckland,"Robbery, blackmail, and extortion",Blackmail or other extortion,Greenmount.,NZ,Auckland Region,Auckland.,1/03/2024,0711812,Auckland Region,Teritorial Authority,Auckland,Polygon,Polygon,MultiPolygon,MultiPolygon,1,MultiPolygon,1
Auckland,"Robbery, blackmail, and extortion",Aggravated robbery,Mangere Bridge.,NZ,Auckland Region,Auckland.,1/08/2024,0723701,Auckland Region,Teritorial Authority,Auckland,Polygon,Polygon,MultiPolygon,MultiPolygon,1,MultiPolygon,1
Auckland,"Robbery, blackmail, and extortion",Blackmail or other extortion,Albany.,NZ,Auckland Region,Auckland.,1/10/2024,0178706,Auckland Region,Teritorial Authority,Auckland,Polygon,Polygon,MultiPolygon,MultiPolygon,1,MultiPolygon,1
Auckland,"Robbery, blackmail, and extortion",Blackmail or other extortion,Beachhaven North.,NZ,Auckland Region,Auckland.,1/05/2024,0342900,Auckland Region,Teritorial Authority,Auckland,Polygon,Polygon,MultiPolygon,MultiPolygon,1,MultiPolygon,1
Auckland,"Robbery, blackmail, and extortion",Aggravated robbery,Manukau Central.,NZ,Auckland Region,Auckland.,1/11/2024,0780204,Auckland Region,Teritorial Authority,Auckland,Polygon,Polygon,MultiPolygon,MultiPolygon,1,MultiPolygon,1
Auckland,"Robbery, blackmail, and extortion",Blackmail or other extortion,Grafton East.,NZ,Auckland Region,Auckland.,1/02/2024,0442000,Auckland Region,Teritorial Authority,Auckland,Polygon,Polygon,MultiPolygon,MultiPolygon,1,MultiPolygon,1
Auckland,"Robbery, blackmail, and extortion",Aggravated robbery,Puhinui South.,NZ,Auckland Region,Auckland.,1/08/2024,0673600,Auckland Region,Teritorial Authority,Auckland,Polygon,Polygon,MultiPolygon,MultiPolygon,1,MultiPolygon,1
Auckland,"Robbery, blackmail, and extortion",Blackmail or other extortion,Ellerslie North.,NZ,Auckland Region,Auckland.,1/02/2024,0610104,Auckland Region,Teritorial Authority,Auckland,Polygon,Polygon,MultiPolygon,MultiPolygon,1,MultiPolygon,1
Auckland,"Robbery, blackmail, and extortion",Aggravated robbery,Donegal Park.,NZ,Auckland Region,Auckland.,1/10/2024,0712803,Auckland Region,Teritorial Authority,Auckland,Polygon,Polygon,MultiPolygon,MultiPolygon,1,MultiPolygon,1
Auckland,"Robbery, blackmail, and extortion",Aggravated robbery,Westmere.,NZ,Auckland Region,Auckland.,1/08/2024,0400500,Auckland Region,Teritorial Authority,Auckland,Polygon,Polygon,MultiPolygon,MultiPolygon,1,MultiPolygon,1
Auckland,"Robbery, blackmail, and extortion",Aggravated robbery,Auckland Central West.,NZ,Auckland Region,Auckland.,1/10/2024,0433200,Auckland Region,Teritorial Authority,Auckland,Polygon,Polygon,MultiPolygon,MultiPolygon,2,MultiPolygon,2
Auckland,"Robbery, blackmail, and extortion",Blackmail or other extortion,Cockle Bay.,NZ,Auckland Region,Auckland.,1/02/2024,0655101,Auckland Region,Teritorial Authority,Auckland,Polygon,Polygon,MultiPolygon,MultiPolygon,1,MultiPolygon,1
Auckland,"Robbery, blackmail, and extortion",Blackmail or other extortion,Hobsonville East.,NZ,Auckland Region,Auckland.,1/05/2024,0221907,Auckland Region,Teritorial Authority,Auckland,Polygon,Polygon,MultiPolygon,MultiPolygon,1,MultiPolygon,1
Auckland,"Robbery, blackmail, and extortion",Blackmail or other extortion,Hamlin.,NZ,Auckland Region,Auckland.,1/08/2023,0640800,Auckland Region,Teritorial Authority,Auckland,Polygon,Polygon,MultiPolygon,MultiPolygon,1,MultiPolygon,1
Auckland,"Robbery, blackmail, and extortion",Aggravated robbery,Auckland Central East.,NZ,Auckland Region,Auckland.,1/08/2024,0436500,Auckland Region,Teritorial Authority,Auckland,Polygon,Polygon,MultiPolygon,MultiPolygon,1,MultiPolygon,1
Auckland,"Robbery, blackmail, and extortion",Blackmail or other extortion,Warkworth.,NZ,Auckland Region,Auckland.,1/04/2024,0141306,Auckland Region,Teritorial Authority,Auckland,Polygon,Polygon,MultiPolygon,MultiPolygon,1,MultiPolygon,1
Auckland,"Robbery, blackmail, and extortion",Blackmail or other extortion,Ranui Domain.,NZ,Auckland Region,Auckland.,1/05/2024,0235200,Auckland Region,Teritorial Authority,Auckland,Polygon,Polygon,MultiPolygon,MultiPolygon,1,MultiPolygon,1
Auckland,"Robbery, blackmail, and extortion",Blackmail or other extortion,Westgate.,NZ,Auckland Region,Auckland.,1/06/2024,0224305,Auckland Region,Teritorial Authority,Auckland,Polygon,Polygon,MultiPolygon,MultiPolygon,1,MultiPolygon,1
Auckland,"Robbery, blackmail, and extortion",Aggravated robbery,Rongomai.,NZ,Auckland Region,Auckland.,1/08/2024,0713005,Auckland Region,Teritorial Authority,Auckland,Polygon,Polygon,MultiPolygon,MultiPolygon,1,MultiPolygon,1
Auckland,"Robbery, blackmail, and extortion",Blackmail or other extortion,Ranui Domain.,NZ,Auckland Region,Auckland.,1/03/2025,0235908,Auckland Region,Teritorial Authority,Auckland,Polygon,Polygon,MultiPolygon,MultiPolygon,1,MultiPolygon,1
Auckland,"Robbery, blackmail, and extortion",Blackmail or other extortion,Narrow Neck.,NZ,Auckland Region,Auckland.,1/06/2024,0338300,Auckland Region,Teritorial Authority,Auckland,Polygon,Polygon,MultiPolygon,MultiPolygon,1,MultiPolygon,1
Auckland,"Robbery, blackmail, and extortion",Blackmail or other extortion,Whenuapai West.,NZ,Auckland Region,Auckland.,1/11/2024,0219900,Auckland Region,Teritorial Authority,Auckland,Polygon,Polygon,MultiPolygon,MultiPolygon,1,MultiPolygon,1
Auckland,"Robbery, blackmail, and extortion",Aggravated robbery,Papatoetoe Central.,NZ,Auckland Region,Auckland.,1/09/2024,0664500,Auckland Region,Teritorial Authority,Auckland,Polygon,Polygon,MultiPolygon,MultiPolygon,1,MultiPolygon,1
Auckland,"Robbery, blackmail, and extortion",Blackmail or other extortion,Auckland Central East.,NZ,Auckland Region,Auckland.,1/08/2023,0438414,Auckland Region,Teritorial Authority,Auckland,Polygon,Polygon,MultiPolygon,MultiPolygon,1,MultiPolygon,1
Auckland,"Robbery, blackmail, and extortion",Blackmail or other extortion,Papatoetoe West.,NZ,Auckland Region,Auckland.,1/08/2023,0659702,Auckland Region,Teritorial Authority,Auckland,Polygon,Polygon,MultiPolygon,MultiPolygon,1,MultiPolygon,1
Auckland,"Robbery, blackmail, and extortion",Aggravated robbery,Auckland Central West.,NZ,Auckland Region,Auckland.,1/10/2024,0434101,Auckland Region,Teritorial Authority,Auckland,Polygon,Polygon,MultiPolygon,MultiPolygon,1,MultiPolygon,1
Auckland,"Robbery, blackmail, and extortion",Aggravated robbery,Glendene North.,NZ,Auckland Region,Auckland.,1/02/2025,0272500,Auckland Region,Teritorial Authority,Auckland,Polygon,Polygon,MultiPolygon,MultiPolygon,1,MultiPolygon,1
Auckland,"Robbery, blackmail, and extortion",Aggravated robbery,Point Chevalier East.,NZ,Auckland Region,Auckland.,1/12/2024,0392500,Auckland Region,Teritorial Authority,Auckland,Polygon,Polygon,MultiPolygon,MultiPolygon,1,MultiPolygon,1
Auckland,"Robbery, blackmail, and extortion",Blackmail or other extortion,Lake Pupuke.,NZ,Auckland Region,Auckland.,1/11/2024,0310500,Auckland Region,Teritorial Authority,Auckland,Polygon,Polygon,MultiPolygon,MultiPolygon,1,MultiPolygon,1
Auckland,"Robbery, blackmail, and extortion",Blackmail or other extortion,Mascot.,NZ,Auckland Region,Auckland.,1/09/2023,0737500,Auckland Region,Teritorial Authority,Auckland,Polygon,Polygon,MultiPolygon,MultiPolygon,1,MultiPolygon,1
Auckland,"Robbery, blackmail, and extortion",Aggravated robbery,Sturges North.,NZ,Auckland Region,Auckland.,1/08/2024,0236103,Auckland Region,Teritorial Authority,Auckland,Polygon,Polygon,MultiPolygon,MultiPolygon,1,MultiPolygon,1
Auckland,"Robbery, blackmail, and extortion",Non-aggravated robbery,Newton.,NZ,Auckland Region,Auckland.,1/12/2024,0412100,Auckland Region,Teritorial Authority,Auckland,Polygon,Polygon,MultiPolygon,MultiPolygon,1,MultiPolygon,1
Auckland,"Robbery, blackmail, and extortion",Aggravated robbery,Papatoetoe North.,NZ,Auckland Region,Auckland.,1/04/2025,0662900,Auckland Region,Teritorial Authority,Auckland,Polygon,Polygon,MultiPolygon,MultiPolygon,1,MultiPolygon,1
Auckland,"Robbery, blackmail, and extortion",Aggravated robbery,Ranui Domain.,NZ,Auckland Region,Auckland.,1/06/2024,0235904,Auckland Region,Teritorial Authority,Auckland,Polygon,Polygon,MultiPolygon,MultiPolygon,1,MultiPolygon,1
Auckland,"Robbery, blackmail, and extortion",Blackmail or other extortion,Henderson West.,NZ,Auckland Region,Auckland.,1/11/2024,0280708,Auckland Region,Teritorial Authority,Auckland,Polygon,Polygon,MultiPolygon,MultiPolygon,1,MultiPolygon,1
Auckland,"Robbery, blackmail, and extortion",Aggravated robbery,Auckland Central West.,NZ,Auckland Region,Auckland.,1/03/2024,0433401,Auckland Region,Teritorial Authority,Auckland,Polygon,Polygon,MultiPolygon,MultiPolygon,1,MultiPolygon,1
Auckland,"Robbery, blackmail, and extortion",Blackmail or other extortion,Mangere South.,NZ,Auckland Region,Auckland.,1/12/2023,0727700,Auckland Region,Teritorial Authority,Auckland,MultiPolygon,Polygon,MultiPolygon,MultiPolygon,1,MultiPolygon,1
Auckland,"Robbery, blackmail, and extortion",Aggravated robbery,Sturges North.,NZ,Auckland Region,Auckland.,1/08/2024,0236103,Auckland Region,Teritorial Authority,Auckland,Polygon,Polygon,MultiPolygon,MultiPolygon,2,MultiPolygon,2
Auckland,"Robbery, blackmail, and extortion",Blackmail or other extortion,Albany.,NZ,Auckland Region,Auckland.,1/10/2024,0178701,Auckland Region,Teritorial Authority,Auckland,Polygon,Polygon,MultiPolygon,MultiPolygon,1,MultiPolygon,1
Auckland,"Robbery, blackmail, and extortion",Blackmail or other extortion,Torbay.,NZ,Auckland Region,Auckland.,1/10/2024,0168701,Auckland Region,Teritorial Authority,Auckland,Polygon,Polygon,MultiPolygon,MultiPolygon,1,MultiPolygon,1
Auckland,"Robbery, blackmail, and extortion",Aggravated robbery,Beachhaven South.,NZ,Auckland Region,Auckland.,1/05/2024,0344901,Auckland Region,Teritorial Authority,Auckland,Polygon,Polygon,MultiPolygon,MultiPolygon,3,MultiPolygon,3
Auckland,"Robbery, blackmail, and extortion",Aggravated robbery,Clendon South.,NZ,Auckland Region,Auckland.,1/02/2024,0774431,Auckland Region,Teritorial Authority,Auckland,Polygon,Polygon,MultiPolygon,MultiPolygon,1,MultiPolygon,1
Auckland,"Robbery, blackmail, and extortion",Blackmail or other extortion,Baverstock Oaks.,NZ,Auckland Region,Auckland.,1/01/2025,0712113,Auckland Region,Teritorial Authority,Auckland,Polygon,Polygon,MultiPolygon,MultiPolygon,1,MultiPolygon,1
Auckland,"Robbery, blackmail, and extortion",Non-aggravated robbery,Rowandale.,NZ,Auckland Region,Auckland.,1/08/2023,0775813,Auckland Region,Teritorial Authority,Auckland,Polygon,Polygon,MultiPolygon,MultiPolygon,1,MultiPolygon,1
Auckland,"Robbery, blackmail, and extortion",Blackmail or other extortion,Silverdale South.,NZ,Auckland Region,Auckland.,1/10/2024,0175812,Auckland Region,Teritorial Authority,Auckland,Polygon,Polygon,MultiPolygon,MultiPolygon,1,MultiPolygon,1
Auckland,"Robbery, blackmail, and extortion",Blackmail or other extortion,Totara Heights.,NZ,Auckland Region,Auckland.,1/01/2025,0760809,Auckland Region,Teritorial Authority,Auckland,Polygon,Polygon,MultiPolygon,MultiPolygon,1,MultiPolygon,1
Auckland,"Robbery, blackmail, and extortion",Aggravated robbery,Woodglen.,NZ,Auckland Region,Auckland.,1/02/2024,0284701,Auckland Region,Teritorial Authority,Auckland,Polygon,Polygon,MultiPolygon,MultiPolygon,2,MultiPolygon,2
Auckland,"Robbery, blackmail, and extortion",Aggravated robbery,Otahuhu West.,NZ,Auckland Region,Auckland.,1/08/2023,0781700,Auckland Region,Teritorial Authority,Auckland,Polygon,Polygon,MultiPolygon,MultiPolygon,1,MultiPolygon,1
Auckland,"Robbery, blackmail, and extortion",Blackmail or other extortion,Waiuku West.,NZ,Auckland Region,Auckland.,1/02/2025,0837500,Auckland Region,Teritorial Authority,Auckland,Polygon,Polygon,MultiPolygon,MultiPolygon,1,MultiPolygon,1
Auckland,"Robbery, blackmail, and extortion",Aggravated robbery,Ellerslie South.,NZ,Auckland Region,Auckland.,1/08/2023,0611900,Auckland Region,Teritorial Authority,Auckland,Polygon,Polygon,MultiPolygon,MultiPolygon,1,MultiPolygon,1
Auckland,"Robbery, blackmail, and extortion",Blackmail or other extortion,Beachlands-Maraetai.,NZ,Auckland Region,Auckland.,1/06/2024,0718900,Auckland Region,Teritorial Authority,Auckland,MultiPolygon,MultiPolygon,MultiPolygon,MultiPolygon,1,MultiPolygon,1
Auckland,"Robbery, blackmail, and extortion",Blackmail or other extortion,Hobsonville East.,NZ,Auckland Region,Auckland.,1/12/2024,0221905,Auckland Region,Teritorial Authority,Auckland,Polygon,Polygon,MultiPolygon,MultiPolygon,1,MultiPolygon,1
Auckland,"Robbery, blackmail, and extortion",Non-aggravated robbery,Auckland Central East.,NZ,Auckland Region,Auckland.,1/09/2023,0437102,Auckland Region,Teritorial Authority,Auckland,Polygon,Polygon,MultiPolygon,MultiPolygon,2,MultiPolygon,2
Auckland,"Robbery, blackmail, and extortion",Non-aggravated robbery,Grafton East.,NZ,Auckland Region,Auckland.,1/08/2023,0442900,Auckland Region,Teritorial Authority,Auckland,Polygon,Polygon,MultiPolygon,MultiPolygon,1,MultiPolygon,1
Auckland,"Robbery, blackmail, and extortion",Aggravated robbery,Takanini North.,NZ,Auckland Region,Auckland.,1/05/2024,0766904,Auckland Region,Teritorial Authority,Auckland,Polygon,Polygon,MultiPolygon,MultiPolygon,1,MultiPolygon,1
Auckland,"Robbery, blackmail, and extortion",Aggravated robbery,Henderson South.,NZ,Auckland Region,Auckland.,1/12/2024,0242700,Auckland Region,Teritorial Authority,Auckland,Polygon,Polygon,MultiPolygon,MultiPolygon,1,MultiPolygon,1
Auckland,"Robbery, blackmail, and extortion",Blackmail or other extortion,Gulf Harbour.,NZ,Auckland Region,Auckland.,1/09/2023,0175120,Auckland Region,Teritorial Authority,Auckland,MultiPolygon,Polygon,MultiPolygon,MultiPolygon,1,MultiPolygon,1
Auckland,"Robbery, blackmail, and extortion",Aggravated robbery,Auckland Central West.,NZ,Auckland Region,Auckland.,1/09/2023,0433700,Auckland Region,Teritorial Authority,Auckland,Polygon,Polygon,MultiPolygon,MultiPolygon,1,MultiPolygon,1
Auckland,"Robbery, blackmail, and extortion",Blackmail or other extortion,Puhinui South.,NZ,Auckland Region,Auckland.,1/04/2025,0780205,Auckland Region,Teritorial Authority,Auckland,Polygon,Polygon,MultiPolygon,MultiPolygon,1,MultiPolygon,1
Auckland,"Robbery, blackmail, and extortion",Blackmail or other extortion,Wattle Farm.,NZ,Auckland Region,Auckland.,1/01/2025,0769020,Auckland Region,Teritorial Authority,Auckland,Polygon,Polygon,MultiPolygon,MultiPolygon,1,MultiPolygon,1
Auckland,"Robbery, blackmail, and extortion",Blackmail or other extortion,Orewa West.,NZ,Auckland Region,Auckland.,1/09/2023,0176411,Auckland Region,Teritorial Authority,Auckland,Polygon,Polygon,MultiPolygon,MultiPolygon,1,MultiPolygon,1
Auckland,"Robbery, blackmail, and extortion",Aggravated robbery,Auckland Central West.,NZ,Auckland Region,Auckland.,1/09/2023,0433801,Auckland Region,Teritorial Authority,Auckland,Polygon,Polygon,MultiPolygon,MultiPolygon,1,MultiPolygon,1
Auckland,"Robbery, blackmail, and extortion",Aggravated robbery,Otahuhu North.,NZ,Auckland Region,Auckland.,1/05/2024,0786802,Auckland Region,Teritorial Authority,Auckland,Polygon,Polygon,MultiPolygon,MultiPolygon,1,MultiPolygon,1
Auckland,"Robbery, blackmail, and extortion",Non-aggravated robbery,Takapuna Central.,NZ,Auckland Region,Auckland.,1/03/2024,0325900,Auckland Region,Teritorial Authority,Auckland,Polygon,Polygon,MultiPolygon,MultiPolygon,1,MultiPolygon,1
Auckland,"Robbery, blackmail, and extortion",Blackmail or other extortion,Kingdale.,NZ,Auckland Region,Auckland.,1/11/2024,0230601,Auckland Region,Teritorial Authority,Auckland,Polygon,Polygon,MultiPolygon,MultiPolygon,2,MultiPolygon,2
Auckland,"Robbery, blackmail, and extortion",Blackmail or other extortion,Sandringham North.,NZ,Auckland Region,Auckland.,1/01/2025,0536700,Auckland Region,Teritorial Authority,Auckland,Polygon,Polygon,MultiPolygon,MultiPolygon,1,MultiPolygon,1
Auckland,"Robbery, blackmail, and extortion",Aggravated robbery,Sunnynook.,NZ,Auckland Region,Auckland.,1/02/2024,0192400,Auckland Region,Teritorial Authority,Auckland,Polygon,Polygon,MultiPolygon,MultiPolygon,1,MultiPolygon,1
Auckland,"Robbery, blackmail, and extortion",Blackmail or other extortion,Otimai.,NZ,Auckland Region,Auckland.,1/02/2025,0279600,Auckland Region,Teritorial Authority,Auckland,Polygon,Polygon,MultiPolygon,MultiPolygon,1,MultiPolygon,1
Auckland,"Robbery, blackmail, and extortion",Aggravated robbery,Randwick Park.,NZ,Auckland Region,Auckland.,1/04/2025,0759712,Auckland Region,Teritorial Authority,Auckland,Polygon,Polygon,MultiPolygon,MultiPolygon,1,MultiPolygon,1
Auckland,"Robbery, blackmail, and extortion",Aggravated robbery,Lynnmall.,NZ,Auckland Region,Auckland.,1/05/2024,0266000,Auckland Region,Teritorial Authority,Auckland,Polygon,Polygon,MultiPolygon,MultiPolygon,1,MultiPolygon,1
Auckland,"Robbery, blackmail, and extortion",Blackmail or other extortion,Turanga.,NZ,Auckland Region,Auckland.,1/02/2024,0718203,Auckland Region,Teritorial Authority,Auckland,MultiPolygon,Polygon,MultiPolygon,MultiPolygon,1,MultiPolygon,1
Auckland,"Robbery, blackmail, and extortion",Non-aggravated robbery,Homai East.,NZ,Auckland Region,Auckland.,1/05/2024,0778600,Auckland Region,Teritorial Authority,Auckland,Polygon,Polygon,MultiPolygon,MultiPolygon,1,MultiPolygon,1
Auckland,"Robbery, blackmail, and extortion",Blackmail or other extortion,Kelston Central.,NZ,Auckland Region,Auckland.,1/02/2025,0270000,Auckland Region,Teritorial Authority,Auckland,Polygon,Polygon,MultiPolygon,MultiPolygon,1,MultiPolygon,1
Auckland,"Robbery, blackmail, and extortion",Blackmail or other extortion,Hyperion.,NZ,Auckland Region,Auckland.,1/08/2023,0759721,Auckland Region,Teritorial Authority,Auckland,Polygon,Polygon,MultiPolygon,MultiPolygon,1,MultiPolygon,1
Auckland,"Robbery, blackmail, and extortion",Aggravated robbery,Remuera West.,NZ,Auckland Region,Auckland.,1/12/2024,0481101,Auckland Region,Teritorial Authority,Auckland,Polygon,Polygon,MultiPolygon,MultiPolygon,1,MultiPolygon,1
Auckland,"Robbery, blackmail, and extortion",Aggravated robbery,Ellerslie South.,NZ,Auckland Region,Auckland.,1/06/2024,0611900,Auckland Region,Teritorial Authority,Auckland,Polygon,Polygon,MultiPolygon,MultiPolygon,1,MultiPolygon,1
Auckland,"Robbery, blackmail, and extortion",Aggravated robbery,Manukau Central.,NZ,Auckland Region,Auckland.,1/06/2024,0780204,Auckland Region,Teritorial Authority,Auckland,Polygon,Polygon,MultiPolygon,MultiPolygon,1,MultiPolygon,1
Auckland,"Robbery, blackmail, and extortion",Aggravated robbery,Waikowhai East.,NZ,Auckland Region,Auckland.,1/12/2024,0590400,Auckland Region,Teritorial Authority,Auckland,Polygon,Polygon,MultiPolygon,MultiPolygon,1,MultiPolygon,1
Auckland,"Robbery, blackmail, and extortion",Blackmail or other extortion,Otara East.,NZ,Auckland Region,Auckland.,1/02/2025,0703900,Auckland Region,Teritorial Authority,Auckland,Polygon,Polygon,MultiPolygon,MultiPolygon,1,MultiPolygon,1
Auckland,"Robbery, blackmail, and extortion",Blackmail or other extortion,Ormiston.,NZ,Auckland Region,Auckland.,1/09/2023,0712401,Auckland Region,Teritorial Authority,Auckland,Polygon,Polygon,MultiPolygon,MultiPolygon,1,MultiPolygon,1
Auckland,"Robbery, blackmail, and extortion",Blackmail or other extortion,Papakura North East.,NZ,Auckland Region,Auckland.,1/09/2023,0795801,Auckland Region,Teritorial Authority,Auckland,Polygon,Polygon,MultiPolygon,MultiPolygon,1,MultiPolygon,1
Auckland,"Robbery, blackmail, and extortion",Aggravated robbery,Sandringham North.,NZ,Auckland Region,Auckland.,1/04/2024,0536100,Auckland Region,Teritorial Authority,Auckland,Polygon,Polygon,MultiPolygon,MultiPolygon,2,MultiPolygon,2
Auckland,"Robbery, blackmail, and extortion",Blackmail or other extortion,Tamaki.,NZ,Auckland Region,Auckland.,1/02/2025,0629800,Auckland Region,Teritorial Authority,Auckland,Polygon,Polygon,MultiPolygon,MultiPolygon,1,MultiPolygon,1
Auckland,"Robbery, blackmail, and extortion",Blackmail or other extortion,Auckland Central East.,NZ,Auckland Region,Auckland.,1/03/2024,0436100,Auckland Region,Teritorial Authority,Auckland,Polygon,Polygon,MultiPolygon,MultiPolygon,1,MultiPolygon,1
Auckland,"Robbery, blackmail, and extortion",Aggravated robbery,Otara North.,NZ,Auckland Region,Auckland.,1/11/2024,0700700,Auckland Region,Teritorial Authority,Auckland,Polygon,Polygon,MultiPolygon,MultiPolygon,2,MultiPolygon,2
Auckland,"Robbery, blackmail, and extortion",Blackmail or other extortion,Auckland Central West.,NZ,Auckland Region,Auckland.,1/03/2025,0433303,Auckland Region,Teritorial Authority,Auckland,Polygon,Polygon,MultiPolygon,MultiPolygon,1,MultiPolygon,1
Auckland,"Robbery, blackmail, and extortion",Non-aggravated robbery,Roberton.,NZ,Auckland Region,Auckland.,1/12/2023,0382104,Auckland Region,Teritorial Authority,Auckland,Polygon,Polygon,MultiPolygon,MultiPolygon,1,MultiPolygon,1
Auckland,"Robbery, blackmail, and extortion",Blackmail or other extortion,Glen Eden East.,NZ,Auckland Region,Auckland.,1/03/2024,0287400,Auckland Region,Teritorial Authority,Auckland,Polygon,Polygon,MultiPolygon,MultiPolygon,1,MultiPolygon,1
Auckland,"Robbery, blackmail, and extortion",Aggravated robbery,Clendon South.,NZ,Auckland Region,Auckland.,1/12/2024,0774434,Auckland Region,Teritorial Authority,Auckland,Polygon,Polygon,MultiPolygon,MultiPolygon,4,MultiPolygon,4
Auckland,"Robbery, blackmail, and extortion",Blackmail or other extortion,Glen Innes East.,NZ,Auckland Region,Auckland.,1/03/2025,0472000,Auckland Region,Teritorial Authority,Auckland,Polygon,Polygon,MultiPolygon,MultiPolygon,1,MultiPolygon,1
Auckland,"Robbery, blackmail, and extortion",Aggravated robbery,Lynnmall.,NZ,Auckland Region,Auckland.,1/12/2023,0264901,Auckland Region,Teritorial Authority,Auckland,Polygon,Polygon,MultiPolygon,MultiPolygon,1,MultiPolygon,1
Auckland,"Robbery, blackmail, and extortion",Blackmail or other extortion,Laingholm.,NZ,Auckland Region,Auckland.,1/03/2024,0302705,Auckland Region,Teritorial Authority,Auckland,Polygon,Polygon,MultiPolygon,MultiPolygon,1,MultiPolygon,1
Auckland,"Robbery, blackmail, and extortion",Aggravated robbery,Albany.,NZ,Auckland Region,Auckland.,1/04/2025,0178900,Auckland Region,Teritorial Authority,Auckland,Polygon,Polygon,MultiPolygon,MultiPolygon,2,MultiPolygon,2
Auckland,"Robbery, blackmail, and extortion",Non-aggravated robbery,Hillsborough East.,NZ,Auckland Region,Auckland.,1/12/2023,0570500,Auckland Region,Teritorial Authority,Auckland,Polygon,Polygon,MultiPolygon,MultiPolygon,1,MultiPolygon,1
Auckland,"Robbery, blackmail, and extortion",Blackmail or other extortion,Orakei North.,NZ,Auckland Region,Auckland.,1/03/2025,0497500,Auckland Region,Teritorial Authority,Auckland,Polygon,Polygon,MultiPolygon,MultiPolygon,1,MultiPolygon,1
Auckland,"Robbery, blackmail, and extortion",Blackmail or other extortion,Hillsborough West.,NZ,Auckland Region,Auckland.,1/08/2024,0568600,Auckland Region,Teritorial Authority,Auckland,Polygon,Polygon,MultiPolygon,MultiPolygon,1,MultiPolygon,1
Auckland,"Robbery, blackmail, and extortion",Aggravated robbery,Westgate.,NZ,Auckland Region,Auckland.,1/04/2024,0224306,Auckland Region,Teritorial Authority,Auckland,Polygon,Polygon,MultiPolygon,MultiPolygon,3,MultiPolygon,3
Auckland,"Robbery, blackmail, and extortion",Aggravated robbery,Auckland Harbourside.,NZ,Auckland Region,Auckland.,1/12/2023,0437903,Auckland Region,Teritorial Authority,Auckland,Polygon,Polygon,MultiPolygon,MultiPolygon,1,MultiPolygon,1
Auckland,"Robbery, blackmail, and extortion",Aggravated robbery,Freemans Bay.,NZ,Auckland Region,Auckland.,1/07/2024,0413300,Auckland Region,Teritorial Authority,Auckland,Polygon,Polygon,MultiPolygon,MultiPolygon,1,MultiPolygon,1
Auckland,"Robbery, blackmail, and extortion",Blackmail or other extortion,Redoubt South.,NZ,Auckland Region,Auckland.,1/03/2024,0760134,Auckland Region,Teritorial Authority,Auckland,Polygon,Polygon,MultiPolygon,MultiPolygon,1,MultiPolygon,1
Auckland,"Robbery, blackmail, and extortion",Blackmail or other extortion,Grafton West.,NZ,Auckland Region,Auckland.,1/09/2024,0440901,Auckland Region,Teritorial Authority,Auckland,Polygon,Polygon,MultiPolygon,MultiPolygon,1,MultiPolygon,1
Auckland,"Robbery, blackmail, and extortion",Aggravated robbery,Point Chevalier East.,NZ,Auckland Region,Auckland.,1/04/2025,0390701,Auckland Region,Teritorial Authority,Auckland,Polygon,Polygon,MultiPolygon,MultiPolygon,1,MultiPolygon,1
Auckland,"Robbery, blackmail, and extortion",Non-aggravated robbery,Glen Innes East.,NZ,Auckland Region,Auckland.,1/08/2024,0471501,Auckland Region,Teritorial Authority,Auckland,Polygon,Polygon,MultiPolygon,MultiPolygon,1,MultiPolygon,1
Auckland,"Robbery, blackmail, and extortion",Blackmail or other extortion,Auckland Central East.,NZ,Auckland Region,Auckland.,1/02/2024,0438404,Auckland Region,Teritorial Authority,Auckland,Polygon,Polygon,MultiPolygon,MultiPolygon,1,MultiPolygon,1
Auckland,"Robbery, blackmail, and extortion",Blackmail or other extortion,Avondale South.,NZ,Auckland Region,Auckland.,1/05/2024,0372104,Auckland Region,Teritorial Authority,Auckland,Polygon,Polygon,MultiPolygon,MultiPolygon,1,MultiPolygon,1
Auckland,"Robbery, blackmail, and extortion",Aggravated robbery,St Lukes.,NZ,Auckland Region,Auckland.,1/08/2024,0533601,Auckland Region,Teritorial Authority,Auckland,Polygon,Polygon,MultiPolygon,MultiPolygon,1,MultiPolygon,1
Auckland,"Robbery, blackmail, and extortion",Blackmail or other extortion,Harania West.,NZ,Auckland Region,Auckland.,1/02/2024,0734400,Auckland Region,Teritorial Authority,Auckland,Polygon,Polygon,MultiPolygon,MultiPolygon,1,MultiPolygon,1
Auckland,"Robbery, blackmail, and extortion",Aggravated robbery,Glen Innes West.,NZ,Auckland Region,Auckland.,1/11/2024,0475600,Auckland Region,Teritorial Authority,Auckland,Polygon,Polygon,MultiPolygon,MultiPolygon,2,MultiPolygon,2
Auckland,"Robbery, blackmail, and extortion",Aggravated robbery,Kelston Central.,NZ,Auckland Region,Auckland.,1/04/2024,0272300,Auckland Region,Teritorial Authority,Auckland,Polygon,Polygon,MultiPolygon,MultiPolygon,3,MultiPolygon,3
Auckland,"Robbery, blackmail, and extortion",Blackmail or other extortion,Auckland Central West.,NZ,Auckland Region,Auckland.,1/05/2024,0434000,Auckland Region,Teritorial Authority,Auckland,Polygon,Polygon,MultiPolygon,MultiPolygon,1,MultiPolygon,1
Auckland,"Robbery, blackmail, and extortion",Non-aggravated robbery,Freemans Bay.,NZ,Auckland Region,Auckland.,1/08/2024,0415300,Auckland Region,Teritorial Authority,Auckland,Polygon,Polygon,MultiPolygon,MultiPolygon,1,MultiPolygon,1
Auckland,"Robbery, blackmail, and extortion",Aggravated robbery,Pahurehure.,NZ,Auckland Region,Auckland.,1/10/2024,0805601,Auckland Region,Teritorial Authority,Auckland,Polygon,Polygon,MultiPolygon,MultiPolygon,1,MultiPolygon,1
Auckland,"Robbery, blackmail, and extortion",Blackmail or other extortion,Epsom South.,NZ,Auckland Region,Auckland.,1/05/2024,0448400,Auckland Region,Teritorial Authority,Auckland,Polygon,Polygon,MultiPolygon,MultiPolygon,1,MultiPolygon,1
Auckland,"Robbery, blackmail, and extortion",Aggravated robbery,Kohimarama East.,NZ,Auckland Region,Auckland.,1/08/2024,0506500,Auckland Region,Teritorial Authority,Auckland,Polygon,Polygon,MultiPolygon,MultiPolygon,1,MultiPolygon,1
Auckland,"Robbery, blackmail, and extortion",Blackmail or other extortion,Mt Eden South.,NZ,Auckland Region,Auckland.,1/02/2024,0558800,Auckland Region,Teritorial Authority,Auckland,Polygon,Polygon,MultiPolygon,MultiPolygon,1,MultiPolygon,1
Auckland,"Robbery, blackmail, and extortion",Aggravated robbery,Blockhouse Bay.,NZ,Auckland Region,Auckland.,1/10/2024,0368300,Auckland Region,Teritorial Authority,Auckland,Polygon,Polygon,MultiPolygon,MultiPolygon,1,MultiPolygon,1
Auckland,"Robbery, blackmail, and extortion",Blackmail or other extortion,Mt Wellington North.,NZ,Auckland Region,Auckland.,1/05/2024,0627101,Auckland Region,Teritorial Authority,Auckland,Polygon,Polygon,MultiPolygon,MultiPolygon,1,MultiPolygon,1
Auckland,"Robbery, blackmail, and extortion",Aggravated robbery,Auckland Harbourside.,NZ,Auckland Region,Auckland.,1/09/2024,0437903,Auckland Region,Teritorial Authority,Auckland,Polygon,Polygon,MultiPolygon,MultiPolygon,1,MultiPolygon,1
Auckland,"Robbery, blackmail, and extortion",Blackmail or other extortion,Pakuranga North.,NZ,Auckland Region,Auckland.,1/02/2024,0691103,Auckland Region,Teritorial Authority,Auckland,Polygon,Polygon,MultiPolygon,MultiPolygon,1,MultiPolygon,1
Auckland,"Robbery, blackmail, and extortion",Aggravated robbery,Westgate.,NZ,Auckland Region,Auckland.,1/04/2024,0224306,Auckland Region,Teritorial Authority,Auckland,Polygon,Polygon,MultiPolygon,MultiPolygon,3,MultiPolygon,3
Auckland,"Robbery, blackmail, and extortion",Blackmail or other extortion,Orakei South.,NZ,Auckland Region,Auckland.,1/06/2024,0487300,Auckland Region,Teritorial Authority,Auckland,Polygon,Polygon,MultiPolygon,MultiPolygon,1,MultiPolygon,1
Auckland,"Robbery, blackmail, and extortion",Aggravated robbery,Burbank.,NZ,Auckland Region,Auckland.,1/11/2024,0775200,Auckland Region,Teritorial Authority,Auckland,Polygon,Polygon,MultiPolygon,MultiPolygon,2,MultiPolygon,2
Auckland,"Robbery, blackmail, and extortion",Aggravated robbery,Freemans Bay.,NZ,Auckland Region,Auckland.,1/10/2024,0413500,Auckland Region,Teritorial Authority,Auckland,Polygon,Polygon,MultiPolygon,MultiPolygon,1,MultiPolygon,1
Auckland,"Robbery, blackmail, and extortion",Blackmail or other extortion,Arch Hill.,NZ,Auckland Region,Auckland.,1/08/2023,0418100,Auckland Region,Teritorial Authority,Auckland,Polygon,Polygon,MultiPolygon,MultiPolygon,1,MultiPolygon,1
Auckland,"Robbery, blackmail, and extortion",Blackmail or other extortion,Auckland Central West.,NZ,Auckland Region,Auckland.,1/06/2024,0434200,Auckland Region,Teritorial Authority,Auckland,Polygon,Polygon,MultiPolygon,MultiPolygon,1,MultiPolygon,1
Auckland,"Robbery, blackmail, and extortion",Aggravated robbery,Pakuranga North.,NZ,Auckland Region,Auckland.,1/10/2024,0694000,Auckland Region,Teritorial Authority,Auckland,Polygon,Polygon,MultiPolygon,MultiPolygon,1,MultiPolygon,1
Auckland,"Robbery, blackmail, and extortion",Aggravated robbery,New Lynn South.,NZ,Auckland Region,Auckland.,1/02/2025,0268900,Auckland Region,Teritorial Authority,Auckland,Polygon,Polygon,MultiPolygon,MultiPolygon,1,MultiPolygon,1
Auckland,"Robbery, blackmail, and extortion",Blackmail or other extortion,Auckland Central East.,NZ,Auckland Region,Auckland.,1/08/2023,0438502,Auckland Region,Teritorial Authority,Auckland,Polygon,Polygon,MultiPolygon,MultiPolygon,1,MultiPolygon,1
Auckland,"Robbery, blackmail, and extortion",Aggravated robbery,Papakura North.,NZ,Auckland Region,Auckland.,1/12/2024,0792800,Auckland Region,Teritorial Authority,Auckland,Polygon,Polygon,MultiPolygon,MultiPolygon,1,MultiPolygon,1
Auckland,"Robbery, blackmail, and extortion",Aggravated robbery,Burswood.,NZ,Auckland Region,Auckland.,1/10/2024,0711408,Auckland Region,Teritorial Authority,Auckland,Polygon,Polygon,MultiPolygon,MultiPolygon,1,MultiPolygon,1
Auckland,"Robbery, blackmail, and extortion",Non-aggravated robbery,Grey Lynn West.,NZ,Auckland Region,Auckland.,1/03/2025,0403600,Auckland Region,Teritorial Authority,Auckland,Polygon,Polygon,MultiPolygon,MultiPolygon,1,MultiPolygon,1
Auckland,"Robbery, blackmail, and extortion",Aggravated robbery,St Lukes.,NZ,Auckland Region,Auckland.,1/03/2025,0533800,Auckland Region,Teritorial Authority,Auckland,Polygon,Polygon,MultiPolygon,MultiPolygon,1,MultiPolygon,1
Auckland,"Robbery, blackmail, and extortion",Blackmail or other extortion,Burswood.,NZ,Auckland Region,Auckland.,1/08/2023,0711408,Auckland Region,Teritorial Authority,Auckland,Polygon,Polygon,MultiPolygon,MultiPolygon,1,MultiPolygon,1
Auckland,"Robbery, blackmail, and extortion",Aggravated robbery,Glendowie.,NZ,Auckland Region,Auckland.,1/03/2025,0513900,Auckland Region,Teritorial Authority,Auckland,Polygon,Polygon,MultiPolygon,MultiPolygon,1,MultiPolygon,1
Auckland,"Robbery, blackmail, and extortion",Aggravated robbery,Beaumont.,NZ,Auckland Region,Auckland.,1/10/2024,0753900,Auckland Region,Teritorial Authority,Auckland,Polygon,Polygon,MultiPolygon,MultiPolygon,1,MultiPolygon,1
Auckland,"Robbery, blackmail, and extortion",Aggravated robbery,Burswood.,NZ,Auckland Region,Auckland.,1/08/2024,0711402,Auckland Region,Teritorial Authority,Auckland,Polygon,Polygon,MultiPolygon,MultiPolygon,1,MultiPolygon,1
Auckland,"Robbery, blackmail, and extortion",Aggravated robbery,Point England.,NZ,Auckland Region,Auckland.,1/10/2024,0480100,Auckland Region,Teritorial Authority,Auckland,Polygon,Polygon,MultiPolygon,MultiPolygon,1,MultiPolygon,1
Auckland,"Robbery, blackmail, and extortion",Aggravated robbery,Ferguson.,NZ,Auckland Region,Auckland.,1/09/2024,0710100,Auckland Region,Teritorial Authority,Auckland,Polygon,Polygon,MultiPolygon,MultiPolygon,1,MultiPolygon,1
Auckland,"Robbery, blackmail, and extortion",Blackmail or other extortion,Glendowie.,NZ,Auckland Region,Auckland.,1/08/2023,0514600,Auckland Region,Teritorial Authority,Auckland,Polygon,Polygon,MultiPolygon,MultiPolygon,1,MultiPolygon,1
Auckland,"Robbery, blackmail, and extortion",Aggravated robbery,Roberton.,NZ,Auckland Region,Auckland.,1/12/2024,0382800,Auckland Region,Teritorial Authority,Auckland,Polygon,Polygon,MultiPolygon,MultiPolygon,1,MultiPolygon,1
Auckland,"Robbery, blackmail, and extortion",Aggravated robbery,Manurewa Central.,NZ,Auckland Region,Auckland.,1/10/2024,0751600,Auckland Region,Teritorial Authority,Auckland,Polygon,Polygon,MultiPolygon,MultiPolygon,1,MultiPolygon,1
Auckland,"Robbery, blackmail, and extortion",Aggravated robbery,Grey Lynn East.,NZ,Auckland Region,Auckland.,1/05/2024,0411000,Auckland Region,Teritorial Authority,Auckland,Polygon,Polygon,MultiPolygon,MultiPolygon,1,MultiPolygon,1
Auckland,"Robbery, blackmail, and extortion",Aggravated robbery,Aorere.,NZ,Auckland Region,Auckland.,1/05/2024,0744600,Auckland Region,Teritorial Authority,Auckland,Polygon,Polygon,MultiPolygon,MultiPolygon,1,MultiPolygon,1
Auckland,"Robbery, blackmail, and extortion",Aggravated robbery,Mascot.,NZ,Auckland Region,Auckland.,1/04/2025,0742101,Auckland Region,Teritorial Authority,Auckland,Polygon,Polygon,MultiPolygon,MultiPolygon,1,MultiPolygon,1
Auckland,"Robbery, blackmail, and extortion",Aggravated robbery,Auckland Harbourside.,NZ,Auckland Region,Auckland.,1/12/2024,0432900,Auckland Region,Teritorial Authority,Auckland,Polygon,Polygon,MultiPolygon,MultiPolygon,1,MultiPolygon,1
Auckland,"Robbery, blackmail, and extortion",Blackmail or other extortion,Tamaki.,NZ,Auckland Region,Auckland.,1/08/2023,0630900,Auckland Region,Teritorial Authority,Auckland,Polygon,Polygon,MultiPolygon,MultiPolygon,1,MultiPolygon,1
Auckland,"Robbery, blackmail, and extortion",Aggravated robbery,Auckland Central West.,NZ,Auckland Region,Auckland.,1/02/2025,0434500,Auckland Region,Teritorial Authority,Auckland,Polygon,Polygon,MultiPolygon,MultiPolygon,2,MultiPolygon,2
Auckland,"Robbery, blackmail, and extortion",Aggravated robbery,Lynfield North.,NZ,Auckland Region,Auckland.,1/12/2024,0585900,Auckland Region,Teritorial Authority,Auckland,Polygon,Polygon,MultiPolygon,MultiPolygon,1,MultiPolygon,1
Auckland,"Robbery, blackmail, and extortion",Aggravated robbery,Otara North.,NZ,Auckland Region,Auckland.,1/02/2025,0700602,Auckland Region,Teritorial Authority,Auckland,Polygon,Polygon,MultiPolygon,MultiPolygon,2,MultiPolygon,2
Auckland,"Robbery, blackmail, and extortion",Aggravated robbery,Otahuhu West.,NZ,Auckland Region,Auckland.,1/11/2024,0785100,Auckland Region,Teritorial Authority,Auckland,Polygon,Polygon,MultiPolygon,MultiPolygon,1,MultiPolygon,1
Auckland,"Robbery, blackmail, and extortion",Blackmail or other extortion,Waima.,NZ,Auckland Region,Auckland.,1/08/2023,0300200,Auckland Region,Teritorial Authority,Auckland,Polygon,Polygon,MultiPolygon,MultiPolygon,1,MultiPolygon,1
Auckland,"Robbery, blackmail, and extortion",Non-aggravated robbery,Dingwall.,NZ,Auckland Region,Auckland.,1/12/2024,0667300,Auckland Region,Teritorial Authority,Auckland,Polygon,Polygon,MultiPolygon,MultiPolygon,1,MultiPolygon,1
Auckland,"Robbery, blackmail, and extortion",Blackmail or other extortion,Ranui Domain.,NZ,Auckland Region,Auckland.,1/01/2025,0235904,Auckland Region,Teritorial Authority,Auckland,Polygon,Polygon,MultiPolygon,MultiPolygon,1,MultiPolygon,1
Auckland,"Robbery, blackmail, and extortion",Aggravated robbery,Onehunga South East.,NZ,Auckland Region,Auckland.,1/12/2024,0601800,Auckland Region,Teritorial Authority,Auckland,Polygon,Polygon,MultiPolygon,MultiPolygon,1,MultiPolygon,1
Auckland,"Robbery, blackmail, and extortion",Blackmail or other extortion,Ferguson.,NZ,Auckland Region,Auckland.,1/09/2023,0705100,Auckland Region,Teritorial Authority,Auckland,Polygon,Polygon,MultiPolygon,MultiPolygon,1,MultiPolygon,1
Auckland,"Robbery, blackmail, and extortion",Non-aggravated robbery,Glen Innes West.,NZ,Auckland Region,Auckland.,1/08/2024,0476100,Auckland Region,Teritorial Authority,Auckland,Polygon,Polygon,MultiPolygon,MultiPolygon,2,MultiPolygon,2
Auckland,"Robbery, blackmail, and extortion",Blackmail or other extortion,Te Atatu Central.,NZ,Auckland Region,Auckland.,1/01/2025,0250109,Auckland Region,Teritorial Authority,Auckland,Polygon,Polygon,MultiPolygon,MultiPolygon,1,MultiPolygon,1
Auckland,"Robbery, blackmail, and extortion",Blackmail or other extortion,Henderson South.,NZ,Auckland Region,Auckland.,1/03/2025,0241800,Auckland Region,Teritorial Authority,Auckland,Polygon,Polygon,MultiPolygon,MultiPolygon,1,MultiPolygon,1
Auckland,"Robbery, blackmail, and extortion",Blackmail or other extortion,Beaumont.,NZ,Auckland Region,Auckland.,1/08/2023,0752801,Auckland Region,Teritorial Authority,Auckland,Polygon,Polygon,MultiPolygon,MultiPolygon,1,MultiPolygon,1
Auckland,"Robbery, blackmail, and extortion",Aggravated robbery,Auckland Central East.,NZ,Auckland Region,Auckland.,1/12/2024,0436100,Auckland Region,Teritorial Authority,Auckland,Polygon,Polygon,MultiPolygon,MultiPolygon,2,MultiPolygon,2
Auckland,"Robbery, blackmail, and extortion",Blackmail or other extortion,Konini.,NZ,Auckland Region,Auckland.,1/09/2023,0298302,Auckland Region,Teritorial Authority,Auckland,Polygon,Polygon,MultiPolygon,MultiPolygon,1,MultiPolygon,1
Auckland,"Robbery, blackmail, and extortion",Blackmail or other extortion,Helensville South.,NZ,Auckland Region,Auckland.,1/03/2025,0212107,Auckland Region,Teritorial Authority,Auckland,Polygon,Polygon,MultiPolygon,MultiPolygon,1,MultiPolygon,1
Auckland,"Robbery, blackmail, and extortion",Blackmail or other extortion,Point England.,NZ,Auckland Region,Auckland.,1/08/2024,0477202,Auckland Region,Teritorial Authority,Auckland,Polygon,Polygon,MultiPolygon,MultiPolygon,1,MultiPolygon,1
Auckland,"Robbery, blackmail, and extortion",Aggravated robbery,Papakura North East.,NZ,Auckland Region,Auckland.,1/04/2025,0795302,Auckland Region,Teritorial Authority,Auckland,Polygon,Polygon,MultiPolygon,MultiPolygon,2,MultiPolygon,2
Auckland,"Robbery, blackmail, and extortion",Blackmail or other extortion,Mangere South.,NZ,Auckland Region,Auckland.,1/09/2023,0727903,Auckland Region,Teritorial Authority,Auckland,MultiPolygon,Polygon,MultiPolygon,MultiPolygon,1,MultiPolygon,1
Auckland,"Robbery, blackmail, and extortion",Blackmail or other extortion,Meadowbank North.,NZ,Auckland Region,Auckland.,1/09/2023,0460700,Auckland Region,Teritorial Authority,Auckland,Polygon,Polygon,MultiPolygon,MultiPolygon,1,MultiPolygon,1
Auckland,"Robbery, blackmail, and extortion",Blackmail or other extortion,North Harbour West.,NZ,Auckland Region,Auckland.,1/09/2024,0180102,Auckland Region,Teritorial Authority,Auckland,Polygon,Polygon,MultiPolygon,MultiPolygon,1,MultiPolygon,1
Auckland,"Robbery, blackmail, and extortion",Blackmail or other extortion,Westmere.,NZ,Auckland Region,Auckland.,1/09/2024,0396700,Auckland Region,Teritorial Authority,Auckland,Polygon,Polygon,MultiPolygon,MultiPolygon,1,MultiPolygon,1
Auckland,"Robbery, blackmail, and extortion",Aggravated robbery,Auckland Central West.,NZ,Auckland Region,Auckland.,1/04/2025,0434300,Auckland Region,Teritorial Authority,Auckland,Polygon,Polygon,MultiPolygon,MultiPolygon,1,MultiPolygon,1
Auckland,"Robbery, blackmail, and extortion",Aggravated robbery,Northcote South.,NZ,Auckland Region,Auckland.,1/11/2024,0360700,Auckland Region,Teritorial Authority,Auckland,Polygon,Polygon,MultiPolygon,MultiPolygon,1,MultiPolygon,1
Auckland,"Robbery, blackmail, and extortion",Blackmail or other extortion,Windy Ridge.,NZ,Auckland Region,Auckland.,1/10/2024,0189304,Auckland Region,Teritorial Authority,Auckland,Polygon,Polygon,MultiPolygon,MultiPolygon,1,MultiPolygon,1
Auckland,"Robbery, blackmail, and extortion",Non-aggravated robbery,Bucklands Beach South.,NZ,Auckland Region,Auckland.,1/08/2023,0677901,Auckland Region,Teritorial Authority,Auckland,Polygon,Polygon,MultiPolygon,MultiPolygon,1,MultiPolygon,1
Auckland,"Robbery, blackmail, and extortion",Blackmail or other extortion,Mellons Bay.,NZ,Auckland Region,Auckland.,1/09/2023,0651100,Auckland Region,Teritorial Authority,Auckland,Polygon,Polygon,MultiPolygon,MultiPolygon,1,MultiPolygon,1
Auckland,"Robbery, blackmail, and extortion",Aggravated robbery,Urlich.,NZ,Auckland Region,Auckland.,1/04/2025,0235009,Auckland Region,Teritorial Authority,Auckland,Polygon,Polygon,MultiPolygon,MultiPolygon,3,MultiPolygon,3
Auckland,"Robbery, blackmail, and extortion",Blackmail or other extortion,Forrest Hill.,NZ,Auckland Region,Auckland.,1/05/2024,0194300,Auckland Region,Teritorial Authority,Auckland,Polygon,Polygon,MultiPolygon,MultiPolygon,1,MultiPolygon,1
Auckland,"Robbery, blackmail, and extortion",Aggravated robbery,Orewa.,NZ,Auckland Region,Auckland.,1/06/2024,0171500,Auckland Region,Teritorial Authority,Auckland,MultiPolygon,Polygon,MultiPolygon,MultiPolygon,1,MultiPolygon,1
Auckland,"Robbery, blackmail, and extortion",Non-aggravated robbery,Manurewa East.,NZ,Auckland Region,Auckland.,1/08/2023,0757700,Auckland Region,Teritorial Authority,Auckland,Polygon,Polygon,MultiPolygon,MultiPolygon,1,MultiPolygon,1
Auckland,"Robbery, blackmail, and extortion",Blackmail or other extortion,Pakuranga North.,NZ,Auckland Region,Auckland.,1/09/2023,0691300,Auckland Region,Teritorial Authority,Auckland,Polygon,Polygon,MultiPolygon,MultiPolygon,1,MultiPolygon,1
Auckland,"Robbery, blackmail, and extortion",Aggravated robbery,Three Kings.,NZ,Auckland Region,Auckland.,1/04/2024,0561000,Auckland Region,Teritorial Authority,Auckland,Polygon,Polygon,MultiPolygon,MultiPolygon,3,MultiPolygon,3
Auckland,"Robbery, blackmail, and extortion",Aggravated robbery,Henderson South.,NZ,Auckland Region,Auckland.,1/12/2024,0241600,Auckland Region,Teritorial Authority,Auckland,Polygon,Polygon,MultiPolygon,MultiPolygon,1,MultiPolygon,1
Auckland,"Robbery, blackmail, and extortion",Aggravated robbery,Albany.,NZ,Auckland Region,Auckland.,1/07/2024,0179000,Auckland Region,Teritorial Authority,Auckland,Polygon,Polygon,MultiPolygon,MultiPolygon,2,MultiPolygon,2
Auckland,"Robbery, blackmail, and extortion",Non-aggravated robbery,Auckland Central West.,NZ,Auckland Region,Auckland.,1/09/2023,0433102,Auckland Region,Teritorial Authority,Auckland,Polygon,Polygon,MultiPolygon,MultiPolygon,1,MultiPolygon,1
Auckland,"Robbery, blackmail, and extortion",Aggravated robbery,Hingaia.,NZ,Auckland Region,Auckland.,1/12/2024,0806604,Auckland Region,Teritorial Authority,Auckland,Polygon,Polygon,MultiPolygon,MultiPolygon,1,MultiPolygon,1
Auckland,"Robbery, blackmail, and extortion",Aggravated robbery,Auckland Central East.,NZ,Auckland Region,Auckland.,1/05/2024,0438106,Auckland Region,Teritorial Authority,Auckland,Polygon,Polygon,MultiPolygon,MultiPolygon,1,MultiPolygon,1
Auckland,"Robbery, blackmail, and extortion",Aggravated robbery,Beachhaven South.,NZ,Auckland Region,Auckland.,1/05/2024,0344901,Auckland Region,Teritorial Authority,Auckland,Polygon,Polygon,MultiPolygon,MultiPolygon,2,MultiPolygon,2
Auckland,"Robbery, blackmail, and extortion",Blackmail or other extortion,Papatoetoe East.,NZ,Auckland Region,Auckland.,1/09/2023,0670200,Auckland Region,Teritorial Authority,Auckland,Polygon,Polygon,MultiPolygon,MultiPolygon,1,MultiPolygon,1
Auckland,"Robbery, blackmail, and extortion",Aggravated robbery,Papatoetoe Central.,NZ,Auckland Region,Auckland.,1/04/2025,0663500,Auckland Region,Teritorial Authority,Auckland,Polygon,Polygon,MultiPolygon,MultiPolygon,1,MultiPolygon,1
Auckland,"Robbery, blackmail, and extortion",Aggravated robbery,Lynnmall.,NZ,Auckland Region,Auckland.,1/05/2024,0266000,Auckland Region,Teritorial Authority,Auckland,Polygon,Polygon,MultiPolygon,MultiPolygon,1,MultiPolygon,1
Auckland,"Robbery, blackmail, and extortion",Blackmail or other extortion,Ardmore.,NZ,Auckland Region,Auckland.,1/05/2024,0761602,Auckland Region,Teritorial Authority,Auckland,Polygon,Polygon,MultiPolygon,MultiPolygon,1,MultiPolygon,1
Auckland,"Robbery, blackmail, and extortion",Aggravated robbery,Rosebank.,NZ,Auckland Region,Auckland.,1/10/2023,0389400,Auckland Region,Teritorial Authority,Auckland,MultiPolygon,Polygon,MultiPolygon,MultiPolygon,1,MultiPolygon,1
Auckland,"Robbery, blackmail, and extortion",Blackmail or other extortion,Penrose.,NZ,Auckland Region,Auckland.,1/09/2023,0621800,Auckland Region,Teritorial Authority,Auckland,Polygon,Polygon,MultiPolygon,MultiPolygon,1,MultiPolygon,1
Auckland,"Robbery, blackmail, and extortion",Aggravated robbery,Auckland Central East.,NZ,Auckland Region,Auckland.,1/11/2024,0437701,Auckland Region,Teritorial Authority,Auckland,Polygon,Polygon,MultiPolygon,MultiPolygon,1,MultiPolygon,1
Auckland,"Robbery, blackmail, and extortion",Aggravated robbery,Elsmore Park.,NZ,Auckland Region,Auckland.,1/10/2023,0681600,Auckland Region,Teritorial Authority,Auckland,Polygon,Polygon,MultiPolygon,MultiPolygon,1,MultiPolygon,1
Auckland,"Robbery, blackmail, and extortion",Aggravated robbery,Beaumont.,NZ,Auckland Region,Auckland.,1/12/2024,0753900,Auckland Region,Teritorial Authority,Auckland,Polygon,Polygon,MultiPolygon,MultiPolygon,1,MultiPolygon,1
Auckland,"Robbery, blackmail, and extortion",Blackmail or other extortion,Titirangi South.,NZ,Auckland Region,Auckland.,1/09/2023,0295402,Auckland Region,Teritorial Authority,Auckland,Polygon,Polygon,MultiPolygon,MultiPolygon,1,MultiPolygon,1
Auckland,"Robbery, blackmail, and extortion",Blackmail or other extortion,Beachlands-Maraetai.,NZ,Auckland Region,Auckland.,1/06/2024,0719902,Auckland Region,Teritorial Authority,Auckland,MultiPolygon,Polygon,MultiPolygon,MultiPolygon,1,MultiPolygon,1
Auckland,"Robbery, blackmail, and extortion",Aggravated robbery,Clover Park.,NZ,Auckland Region,Auckland.,1/10/2023,0715611,Auckland Region,Teritorial Authority,Auckland,Polygon,Polygon,MultiPolygon,MultiPolygon,1,MultiPolygon,1
Auckland,"Robbery, blackmail, and extortion",Aggravated robbery,Glen Eden East.,NZ,Auckland Region,Auckland.,1/12/2024,0285403,Auckland Region,Teritorial Authority,Auckland,Polygon,Polygon,MultiPolygon,MultiPolygon,1,MultiPolygon,1
Auckland,"Robbery, blackmail, and extortion",Blackmail or other extortion,Auckland Harbourside.,NZ,Auckland Region,Auckland.,1/10/2023,0438211,Auckland Region,Teritorial Authority,Auckland,Polygon,Polygon,MultiPolygon,MultiPolygon,1,MultiPolygon,1
Auckland,"Robbery, blackmail, and extortion",Blackmail or other extortion,Auckland Harbourside.,NZ,Auckland Region,Auckland.,1/10/2023,0438216,Auckland Region,Teritorial Authority,Auckland,Polygon,Polygon,MultiPolygon,MultiPolygon,1,MultiPolygon,1
Auckland,"Robbery, blackmail, and extortion",Non-aggravated robbery,Takanini South.,NZ,Auckland Region,Auckland.,1/07/2024,0767705,Auckland Region,Teritorial Authority,Auckland,Polygon,Polygon,MultiPolygon,MultiPolygon,1,MultiPolygon,1
Auckland,"Robbery, blackmail, and extortion",Aggravated robbery,Auckland Central East.,NZ,Auckland Region,Auckland.,1/06/2024,0437600,Auckland Region,Teritorial Authority,Auckland,Polygon,Polygon,MultiPolygon,MultiPolygon,1,MultiPolygon,1
Auckland,"Robbery, blackmail, and extortion",Aggravated robbery,Te Papapa.,NZ,Auckland Region,Auckland.,1/04/2024,0605900,Auckland Region,Teritorial Authority,Auckland,Polygon,Polygon,MultiPolygon,MultiPolygon,3,MultiPolygon,3
Auckland,"Robbery, blackmail, and extortion",Aggravated robbery,Massey Park.,NZ,Auckland Region,Auckland.,1/05/2024,0797700,Auckland Region,Teritorial Authority,Auckland,Polygon,Polygon,MultiPolygon,MultiPolygon,1,MultiPolygon,1
Auckland,"Robbery, blackmail, and extortion",Aggravated robbery,Oratia.,NZ,Auckland Region,Auckland.,1/04/2024,0278410,Auckland Region,Teritorial Authority,Auckland,Polygon,Polygon,MultiPolygon,MultiPolygon,1,MultiPolygon,1
Auckland,"Robbery, blackmail, and extortion",Aggravated robbery,Puhinui South.,NZ,Auckland Region,Auckland.,1/12/2023,0780205,Auckland Region,Teritorial Authority,Auckland,Polygon,Polygon,MultiPolygon,MultiPolygon,1,MultiPolygon,1
Auckland,"Robbery, blackmail, and extortion",Blackmail or other extortion,Balmoral.,NZ,Auckland Region,Auckland.,1/10/2023,0548902,Auckland Region,Teritorial Authority,Auckland,Polygon,Polygon,MultiPolygon,MultiPolygon,1,MultiPolygon,1
Auckland,"Robbery, blackmail, and extortion",Aggravated robbery,Hingaia.,NZ,Auckland Region,Auckland.,1/01/2025,0806604,Auckland Region,Teritorial Authority,Auckland,Polygon,Polygon,MultiPolygon,MultiPolygon,3,MultiPolygon,3
Auckland,"Robbery, blackmail, and extortion",Aggravated robbery,Mt Wellington South.,NZ,Auckland Region,Auckland.,1/12/2024,0637500,Auckland Region,Teritorial Authority,Auckland,Polygon,Polygon,MultiPolygon,MultiPolygon,1,MultiPolygon,1
Auckland,"Robbery, blackmail, and extortion",Blackmail or other extortion,Kohimarama West.,NZ,Auckland Region,Auckland.,1/01/2025,0505801,Auckland Region,Teritorial Authority,Auckland,Polygon,Polygon,MultiPolygon,MultiPolygon,1,MultiPolygon,1
Auckland,"Robbery, blackmail, and extortion",Non-aggravated robbery,Auckland Harbourside.,NZ,Auckland Region,Auckland.,1/12/2023,0432900,Auckland Region,Teritorial Authority,Auckland,Polygon,Polygon,MultiPolygon,MultiPolygon,1,MultiPolygon,1
Auckland,"Robbery, blackmail, and extortion",Blackmail or other extortion,Dannemora.,NZ,Auckland Region,Auckland.,1/10/2023,0712011,Auckland Region,Teritorial Authority,Auckland,Polygon,Polygon,MultiPolygon,MultiPolygon,1,MultiPolygon,1
Auckland,"Robbery, blackmail, and extortion",Aggravated robbery,Manukau Central.,NZ,Auckland Region,Auckland.,1/04/2025,0780204,Auckland Region,Teritorial Authority,Auckland,Polygon,Polygon,MultiPolygon,MultiPolygon,2,MultiPolygon,2
Auckland,"Robbery, blackmail, and extortion",Blackmail or other extortion,Roberton.,NZ,Auckland Region,Auckland.,1/01/2025,0382300,Auckland Region,Teritorial Authority,Auckland,Polygon,Polygon,MultiPolygon,MultiPolygon,1,MultiPolygon,1
Auckland,"Robbery, blackmail, and extortion",Aggravated robbery,Sandringham West.,NZ,Auckland Region,Auckland.,1/12/2023,0540700,Auckland Region,Teritorial Authority,Auckland,Polygon,Polygon,MultiPolygon,MultiPolygon,1,MultiPolygon,1
Auckland,"Robbery, blackmail, and extortion",Blackmail or other extortion,Mangere Bridge.,NZ,Auckland Region,Auckland.,1/10/2023,0725400,Auckland Region,Teritorial Authority,Auckland,Polygon,Polygon,MultiPolygon,MultiPolygon,1,MultiPolygon,1
Auckland,"Robbery, blackmail, and extortion",Blackmail or other extortion,Mangere East.,NZ,Auckland Region,Auckland.,1/10/2023,0656301,Auckland Region,Teritorial Authority,Auckland,Polygon,Polygon,MultiPolygon,MultiPolygon,1,MultiPolygon,1
Auckland,"Robbery, blackmail, and extortion",Aggravated robbery,New Lynn South.,NZ,Auckland Region,Auckland.,1/07/2024,0268800,Auckland Region,Teritorial Authority,Auckland,Polygon,Polygon,MultiPolygon,MultiPolygon,1,MultiPolygon,1
Auckland,"Robbery, blackmail, and extortion",Aggravated robbery,Onehunga North West.,NZ,Auckland Region,Auckland.,1/11/2024,0596300,Auckland Region,Teritorial Authority,Auckland,Polygon,Polygon,MultiPolygon,MultiPolygon,2,MultiPolygon,2
Auckland,"Robbery, blackmail, and extortion",Blackmail or other extortion,Viscount.,NZ,Auckland Region,Auckland.,1/02/2025,0739802,Auckland Region,Teritorial Authority,Auckland,Polygon,Polygon,MultiPolygon,MultiPolygon,1,MultiPolygon,1
Auckland,"Robbery, blackmail, and extortion",Blackmail or other extortion,Mangere South.,NZ,Auckland Region,Auckland.,1/10/2023,0726900,Auckland Region,Teritorial Authority,Auckland,MultiPolygon,Polygon,MultiPolygon,MultiPolygon,1,MultiPolygon,1
Auckland,"Robbery, blackmail, and extortion",Aggravated robbery,Point Chevalier East.,NZ,Auckland Region,Auckland.,1/08/2024,0394300,Auckland Region,Teritorial Authority,Auckland,Polygon,Polygon,MultiPolygon,MultiPolygon,1,MultiPolygon,1
Auckland,"Robbery, blackmail, and extortion",Blackmail or other extortion,One Tree Hill East.,NZ,Auckland Region,Auckland.,1/10/2023,0619100,Auckland Region,Teritorial Authority,Auckland,Polygon,Polygon,MultiPolygon,MultiPolygon,1,MultiPolygon,1
Auckland,"Robbery, blackmail, and extortion",Aggravated robbery,Leabank.,NZ,Auckland Region,Auckland.,1/12/2024,0771700,Auckland Region,Teritorial Authority,Auckland,Polygon,Polygon,MultiPolygon,MultiPolygon,2,MultiPolygon,2
Auckland,"Robbery, blackmail, and extortion",Blackmail or other extortion,Burbank.,NZ,Auckland Region,Auckland.,1/07/2024,0775700,Auckland Region,Teritorial Authority,Auckland,Polygon,Polygon,MultiPolygon,MultiPolygon,1,MultiPolygon,1
Auckland,"Robbery, blackmail, and extortion",Non-aggravated robbery,St Johns.,NZ,Auckland Region,Auckland.,1/08/2024,0465102,Auckland Region,Teritorial Authority,Auckland,Polygon,Polygon,MultiPolygon,MultiPolygon,1,MultiPolygon,1
Auckland,"Robbery, blackmail, and extortion",Non-aggravated robbery,Mangere South.,NZ,Auckland Region,Auckland.,1/08/2023,0728807,Auckland Region,Teritorial Authority,Auckland,MultiPolygon,Polygon,MultiPolygon,MultiPolygon,1,MultiPolygon,1
Auckland,"Robbery, blackmail, and extortion",Aggravated robbery,Orewa.,NZ,Auckland Region,Auckland.,1/11/2024,0176403,Auckland Region,Teritorial Authority,Auckland,MultiPolygon,Polygon,MultiPolygon,MultiPolygon,2,MultiPolygon,2
Auckland,"Robbery, blackmail, and extortion",Blackmail or other extortion,Mt Eden South.,NZ,Auckland Region,Auckland.,1/08/2024,0558701,Auckland Region,Teritorial Authority,Auckland,Polygon,Polygon,MultiPolygon,MultiPolygon,1,MultiPolygon,1
Auckland,"Robbery, blackmail, and extortion",Aggravated robbery,Avondale South.,NZ,Auckland Region,Auckland.,1/08/2024,0371001,Auckland Region,Teritorial Authority,Auckland,Polygon,Polygon,MultiPolygon,MultiPolygon,1,MultiPolygon,1
Auckland,"Robbery, blackmail, and extortion",Aggravated robbery,Takanini South.,NZ,Auckland Region,Auckland.,1/10/2024,0765410,Auckland Region,Teritorial Authority,Auckland,Polygon,Polygon,MultiPolygon,MultiPolygon,1,MultiPolygon,1
Auckland,"Robbery, blackmail, and extortion",Blackmail or other extortion,Akarana.,NZ,Auckland Region,Auckland.,1/08/2024,0582800,Auckland Region,Teritorial Authority,Auckland,Polygon,Polygon,MultiPolygon,MultiPolygon,1,MultiPolygon,1
Auckland,"Robbery, blackmail, and extortion",Non-aggravated robbery,Puhinui North.,NZ,Auckland Region,Auckland.,1/09/2024,0672600,Auckland Region,Teritorial Authority,Auckland,Polygon,Polygon,MultiPolygon,MultiPolygon,1,MultiPolygon,1
Auckland,"Robbery, blackmail, and extortion",Blackmail or other extortion,Lake Pupuke.,NZ,Auckland Region,Auckland.,1/03/2024,0309400,Auckland Region,Teritorial Authority,Auckland,Polygon,Polygon,MultiPolygon,MultiPolygon,1,MultiPolygon,1
Auckland,"Robbery, blackmail, and extortion",Aggravated robbery,Massey Park.,NZ,Auckland Region,Auckland.,1/12/2024,0797700,Auckland Region,Teritorial Authority,Auckland,Polygon,Polygon,MultiPolygon,MultiPolygon,1,MultiPolygon,1
Auckland,"Robbery, blackmail, and extortion",Aggravated robbery,Otara North.,NZ,Auckland Region,Auckland.,1/12/2024,0700700,Auckland Region,Teritorial Authority,Auckland,Polygon,Polygon,MultiPolygon,MultiPolygon,1,MultiPolygon,1
Auckland,"Robbery, blackmail, and extortion",Blackmail or other extortion,Northcote South.,NZ,Auckland Region,Auckland.,1/03/2024,0361800,Auckland Region,Teritorial Authority,Auckland,Polygon,Polygon,MultiPolygon,MultiPolygon,1,MultiPolygon,1
Auckland,"Robbery, blackmail, and extortion",Blackmail or other extortion,Hamlin.,NZ,Auckland Region,Auckland.,1/08/2024,0641402,Auckland Region,Teritorial Authority,Auckland,Polygon,Polygon,MultiPolygon,MultiPolygon,1,MultiPolygon,1
Auckland,"Robbery, blackmail, and extortion",Aggravated robbery,Viscount.,NZ,Auckland Region,Auckland.,1/09/2024,0738000,Auckland Region,Teritorial Authority,Auckland,Polygon,Polygon,MultiPolygon,MultiPolygon,1,MultiPolygon,1
Auckland,"Robbery, blackmail, and extortion",Blackmail or other extortion,Glendene North.,NZ,Auckland Region,Auckland.,1/02/2024,0275601,Auckland Region,Teritorial Authority,Auckland,Polygon,Polygon,MultiPolygon,MultiPolygon,1,MultiPolygon,1
Auckland,"Robbery, blackmail, and extortion",Blackmail or other extortion,Auckland Central West.,NZ,Auckland Region,Auckland.,1/08/2024,0434105,Auckland Region,Teritorial Authority,Auckland,Polygon,Polygon,MultiPolygon,MultiPolygon,1,MultiPolygon,1
Auckland,"Robbery, blackmail, and extortion",Blackmail or other extortion,Royal Road West.,NZ,Auckland Region,Auckland.,1/02/2024,0225702,Auckland Region,Teritorial Authority,Auckland,Polygon,Polygon,MultiPolygon,MultiPolygon,1,MultiPolygon,1
Auckland,"Robbery, blackmail, and extortion",Aggravated robbery,Walmsley.,NZ,Auckland Region,Auckland.,1/09/2024,0578400,Auckland Region,Teritorial Authority,Auckland,Polygon,Polygon,MultiPolygon,MultiPolygon,1,MultiPolygon,1
Auckland,"Robbery, blackmail, and extortion",Aggravated robbery,Glenavon.,NZ,Auckland Region,Auckland.,1/09/2024,0381000,Auckland Region,Teritorial Authority,Auckland,Polygon,Polygon,MultiPolygon,MultiPolygon,1,MultiPolygon,1
Auckland,"Robbery, blackmail, and extortion",Blackmail or other extortion,Orewa West.,NZ,Auckland Region,Auckland.,1/08/2023,0176412,Auckland Region,Teritorial Authority,Auckland,Polygon,Polygon,MultiPolygon,MultiPolygon,1,MultiPolygon,1
Auckland,"Robbery, blackmail, and extortion",Blackmail or other extortion,Otahuhu West.,NZ,Auckland Region,Auckland.,1/09/2024,0784802,Auckland Region,Teritorial Authority,Auckland,Polygon,Polygon,MultiPolygon,MultiPolygon,1,MultiPolygon,1
Auckland,"Robbery, blackmail, and extortion",Non-aggravated robbery,Puhinui North.,NZ,Auckland Region,Auckland.,1/10/2024,0672104,Auckland Region,Teritorial Authority,Auckland,Polygon,Polygon,MultiPolygon,MultiPolygon,1,MultiPolygon,1
Auckland,"Robbery, blackmail, and extortion",Blackmail or other extortion,Parakai Rural.,NZ,Auckland Region,Auckland.,1/08/2023,0211002,Auckland Region,Teritorial Authority,Auckland,Polygon,Polygon,MultiPolygon,MultiPolygon,1,MultiPolygon,1
Auckland,"Robbery, blackmail, and extortion",Blackmail or other extortion,Glen Innes North.,NZ,Auckland Region,Auckland.,1/05/2024,0466400,Auckland Region,Teritorial Authority,Auckland,Polygon,Polygon,MultiPolygon,MultiPolygon,1,MultiPolygon,1
Auckland,"Robbery, blackmail, and extortion",Blackmail or other extortion,Auckland Central West.,NZ,Auckland Region,Auckland.,1/06/2024,0435802,Auckland Region,Teritorial Authority,Auckland,Polygon,Polygon,MultiPolygon,MultiPolygon,1,MultiPolygon,1
Auckland,"Robbery, blackmail, and extortion",Non-aggravated robbery,Puhinui North.,NZ,Auckland Region,Auckland.,1/10/2024,0672200,Auckland Region,Teritorial Authority,Auckland,Polygon,Polygon,MultiPolygon,MultiPolygon,1,MultiPolygon,1
Auckland,"Robbery, blackmail, and extortion",Blackmail or other extortion,Stanmore Bay West.,NZ,Auckland Region,Auckland.,1/08/2023,0173412,Auckland Region,Teritorial Authority,Auckland,Polygon,Polygon,MultiPolygon,MultiPolygon,1,MultiPolygon,1
Auckland,"Robbery, blackmail, and extortion",Blackmail or other extortion,Redoubt South.,NZ,Auckland Region,Auckland.,1/06/2024,0759903,Auckland Region,Teritorial Authority,Auckland,Polygon,Polygon,MultiPolygon,MultiPolygon,1,MultiPolygon,1
Auckland,"Robbery, blackmail, and extortion",Aggravated robbery,Auckland Harbourside.,NZ,Auckland Region,Auckland.,1/10/2024,0432900,Auckland Region,Teritorial Authority,Auckland,Polygon,Polygon,MultiPolygon,MultiPolygon,1,MultiPolygon,1
Auckland,"Robbery, blackmail, and extortion",Blackmail or other extortion,Tuff Crater.,NZ,Auckland Region,Auckland.,1/08/2023,0366300,Auckland Region,Teritorial Authority,Auckland,Polygon,Polygon,MultiPolygon,MultiPolygon,1,MultiPolygon,1
Auckland,"Robbery, blackmail, and extortion",Non-aggravated robbery,Mangere Bridge.,NZ,Auckland Region,Auckland.,1/01/2025,0722502,Auckland Region,Teritorial Authority,Auckland,Polygon,Polygon,MultiPolygon,MultiPolygon,1,MultiPolygon,1
Auckland,"Robbery, blackmail, and extortion",Aggravated robbery,Auckland Central West.,NZ,Auckland Region,Auckland.,1/10/2024,0435201,Auckland Region,Teritorial Authority,Auckland,Polygon,Polygon,MultiPolygon,MultiPolygon,1,MultiPolygon,1
Auckland,"Robbery, blackmail, and extortion",Non-aggravated robbery,Onehunga South East.,NZ,Auckland Region,Auckland.,1/01/2025,0601901,Auckland Region,Teritorial Authority,Auckland,Polygon,Polygon,MultiPolygon,MultiPolygon,1,MultiPolygon,1
Auckland,"Robbery, blackmail, and extortion",Blackmail or other extortion,Crown Hill.,NZ,Auckland Region,Auckland.,1/09/2023,0312501,Auckland Region,Teritorial Authority,Auckland,Polygon,Polygon,MultiPolygon,MultiPolygon,1,MultiPolygon,1
Auckland,"Robbery, blackmail, and extortion",Aggravated robbery,Ferguson.,NZ,Auckland Region,Auckland.,1/12/2024,0710000,Auckland Region,Teritorial Authority,Auckland,Polygon,Polygon,MultiPolygon,MultiPolygon,1,MultiPolygon,1
Auckland,"Robbery, blackmail, and extortion",Aggravated robbery,Auckland Central West.,NZ,Auckland Region,Auckland.,1/02/2025,0435100,Auckland Region,Teritorial Authority,Auckland,Polygon,Polygon,MultiPolygon,MultiPolygon,1,MultiPolygon,1
Auckland,"Robbery, blackmail, and extortion",Blackmail or other extortion,Dairy Flat-Redvale.,NZ,Auckland Region,Auckland.,1/09/2023,0176008,Auckland Region,Teritorial Authority,Auckland,Polygon,Polygon,MultiPolygon,MultiPolygon,1,MultiPolygon,1
Auckland,"Robbery, blackmail, and extortion",Aggravated robbery,Manukau Central.,NZ,Auckland Region,Auckland.,1/12/2024,0780204,Auckland Region,Teritorial Authority,Auckland,Polygon,Polygon,MultiPolygon,MultiPolygon,1,MultiPolygon,1
Auckland,"Robbery, blackmail, and extortion",Aggravated robbery,Hamlin.,NZ,Auckland Region,Auckland.,1/08/2024,0640002,Auckland Region,Teritorial Authority,Auckland,Polygon,Polygon,MultiPolygon,MultiPolygon,1,MultiPolygon,1
Auckland,"Robbery, blackmail, and extortion",Blackmail or other extortion,Mairangi Bay.,NZ,Auckland Region,Auckland.,1/09/2023,0153000,Auckland Region,Teritorial Authority,Auckland,Polygon,Polygon,MultiPolygon,MultiPolygon,1,MultiPolygon,1
Auckland,"Robbery, blackmail, and extortion",Non-aggravated robbery,Manurewa Central.,NZ,Auckland Region,Auckland.,1/12/2024,0752100,Auckland Region,Teritorial Authority,Auckland,Polygon,Polygon,MultiPolygon,MultiPolygon,1,MultiPolygon,1
Auckland,"Robbery, blackmail, and extortion",Non-aggravated robbery,Burswood.,NZ,Auckland Region,Auckland.,1/08/2024,0711408,Auckland Region,Teritorial Authority,Auckland,Polygon,Polygon,MultiPolygon,MultiPolygon,1,MultiPolygon,1
Auckland,"Robbery, blackmail, and extortion",Blackmail or other extortion,Pinehill.,NZ,Auckland Region,Auckland.,1/09/2023,0180605,Auckland Region,Teritorial Authority,Auckland,Polygon,Polygon,MultiPolygon,MultiPolygon,1,MultiPolygon,1
Auckland,"Robbery, blackmail, and extortion",Aggravated robbery,Sherbourne.,NZ,Auckland Region,Auckland.,1/12/2024,0545900,Auckland Region,Teritorial Authority,Auckland,Polygon,Polygon,MultiPolygon,MultiPolygon,1,MultiPolygon,1
Auckland,"Robbery, blackmail, and extortion",Aggravated robbery,Sandringham North.,NZ,Auckland Region,Auckland.,1/01/2025,0536100,Auckland Region,Teritorial Authority,Auckland,Polygon,Polygon,MultiPolygon,MultiPolygon,2,MultiPolygon,2
Auckland,"Robbery, blackmail, and extortion",Blackmail or other extortion,Riverhead.,NZ,Auckland Region,Auckland.,1/09/2023,0217603,Auckland Region,Teritorial Authority,Auckland,Polygon,Polygon,MultiPolygon,MultiPolygon,1,MultiPolygon,1
Auckland,"Robbery, blackmail, and extortion",Blackmail or other extortion,Sturges North.,NZ,Auckland Region,Auckland.,1/09/2023,0236609,Auckland Region,Teritorial Authority,Auckland,Polygon,Polygon,MultiPolygon,MultiPolygon,1,MultiPolygon,1
Auckland,"Robbery, blackmail, and extortion",Aggravated robbery,Lynnmall.,NZ,Auckland Region,Auckland.,1/04/2024,0266000,Auckland Region,Teritorial Authority,Auckland,Polygon,Polygon,MultiPolygon,MultiPolygon,1,MultiPolygon,1
Auckland,"Robbery, blackmail, and extortion",Aggravated robbery,Manurewa East.,NZ,Auckland Region,Auckland.,1/04/2024,0758200,Auckland Region,Teritorial Authority,Auckland,Polygon,Polygon,MultiPolygon,MultiPolygon,1,MultiPolygon,1
Auckland,"Robbery, blackmail, and extortion",Blackmail or other extortion,Takapuna Central.,NZ,Auckland Region,Auckland.,1/09/2023,0325900,Auckland Region,Teritorial Authority,Auckland,Polygon,Polygon,MultiPolygon,MultiPolygon,1,MultiPolygon,1
Auckland,"Robbery, blackmail, and extortion",Blackmail or other extortion,Orewa.,NZ,Auckland Region,Auckland.,1/10/2023,0171309,Auckland Region,Teritorial Authority,Auckland,MultiPolygon,Polygon,MultiPolygon,MultiPolygon,1,MultiPolygon,1
Auckland,"Robbery, blackmail, and extortion",Aggravated robbery,Clendon South.,NZ,Auckland Region,Auckland.,1/09/2023,0774450,Auckland Region,Teritorial Authority,Auckland,Polygon,Polygon,MultiPolygon,MultiPolygon,2,MultiPolygon,2
Auckland,"Robbery, blackmail, and extortion",Aggravated robbery,Mascot.,NZ,Auckland Region,Auckland.,1/02/2025,0742500,Auckland Region,Teritorial Authority,Auckland,Polygon,Polygon,MultiPolygon,MultiPolygon,2,MultiPolygon,2
Auckland,"Robbery, blackmail, and extortion",Blackmail or other extortion,Red Beach East.,NZ,Auckland Region,Auckland.,1/10/2023,0172902,Auckland Region,Teritorial Authority,Auckland,Polygon,Polygon,MultiPolygon,MultiPolygon,1,MultiPolygon,1
Auckland,"Robbery, blackmail, and extortion",Aggravated robbery,St Lukes.,NZ,Auckland Region,Auckland.,1/12/2024,0533502,Auckland Region,Teritorial Authority,Auckland,Polygon,Polygon,MultiPolygon,MultiPolygon,2,MultiPolygon,2
Auckland,"Robbery, blackmail, and extortion",Aggravated robbery,Clendon South.,NZ,Auckland Region,Auckland.,1/02/2025,0774431,Auckland Region,Teritorial Authority,Auckland,Polygon,Polygon,MultiPolygon,MultiPolygon,2,MultiPolygon,2
Auckland,"Robbery, blackmail, and extortion",Blackmail or other extortion,Riverhead.,NZ,Auckland Region,Auckland.,1/10/2023,0217500,Auckland Region,Teritorial Authority,Auckland,Polygon,Polygon,MultiPolygon,MultiPolygon,1,MultiPolygon,1
Auckland,"Robbery, blackmail, and extortion",Aggravated robbery,Wesley.,NZ,Auckland Region,Auckland.,1/08/2024,0579200,Auckland Region,Teritorial Authority,Auckland,Polygon,Polygon,MultiPolygon,MultiPolygon,2,MultiPolygon,2
Auckland,"Robbery, blackmail, and extortion",Aggravated robbery,Auckland Central East.,NZ,Auckland Region,Auckland.,1/09/2023,0437600,Auckland Region,Teritorial Authority,Auckland,Polygon,Polygon,MultiPolygon,MultiPolygon,3,MultiPolygon,3
Auckland,"Robbery, blackmail, and extortion",Aggravated robbery,One Tree Hill East.,NZ,Auckland Region,Auckland.,1/08/2023,0619600,Auckland Region,Teritorial Authority,Auckland,Polygon,Polygon,MultiPolygon,MultiPolygon,1,MultiPolygon,1
Auckland,"Robbery, blackmail, and extortion",Blackmail or other extortion,Unsworth Heights.,NZ,Auckland Region,Auckland.,1/10/2023,0180849,Auckland Region,Teritorial Authority,Auckland,Polygon,Polygon,MultiPolygon,MultiPolygon,1,MultiPolygon,1
Auckland,"Robbery, blackmail, and extortion",Blackmail or other extortion,Edmonton.,NZ,Auckland Region,Auckland.,1/02/2025,0256600,Auckland Region,Teritorial Authority,Auckland,Polygon,Polygon,MultiPolygon,MultiPolygon,1,MultiPolygon,1
Auckland,"Robbery, blackmail, and extortion",Blackmail or other extortion,Rothesay Bay.,NZ,Auckland Region,Auckland.,1/07/2024,0156800,Auckland Region,Teritorial Authority,Auckland,Polygon,Polygon,MultiPolygon,MultiPolygon,1,MultiPolygon,1
Auckland,"Robbery, blackmail, and extortion",Non-aggravated robbery,Otara West.,NZ,Auckland Region,Auckland.,1/08/2023,0698200,Auckland Region,Teritorial Authority,Auckland,Polygon,Polygon,MultiPolygon,MultiPolygon,1,MultiPolygon,1
Auckland,"Robbery, blackmail, and extortion",Blackmail or other extortion,Papakura East.,NZ,Auckland Region,Auckland.,1/03/2024,0799120,Auckland Region,Teritorial Authority,Auckland,Polygon,Polygon,MultiPolygon,MultiPolygon,1,MultiPolygon,1
Auckland,"Robbery, blackmail, and extortion",Blackmail or other extortion,Glamorgan.,NZ,Auckland Region,Auckland.,1/07/2024,0164900,Auckland Region,Teritorial Authority,Auckland,Polygon,Polygon,MultiPolygon,MultiPolygon,1,MultiPolygon,1
Auckland,"Robbery, blackmail, and extortion",Aggravated robbery,Auckland Central East.,NZ,Auckland Region,Auckland.,1/09/2023,0437101,Auckland Region,Teritorial Authority,Auckland,Polygon,Polygon,MultiPolygon,MultiPolygon,1,MultiPolygon,1
Auckland,"Robbery, blackmail, and extortion",Non-aggravated robbery,Clover Park.,NZ,Auckland Region,Auckland.,1/10/2023,0715610,Auckland Region,Teritorial Authority,Auckland,Polygon,Polygon,MultiPolygon,MultiPolygon,1,MultiPolygon,1
Auckland,"Robbery, blackmail, and extortion",Blackmail or other extortion,Glendhu.,NZ,Auckland Region,Auckland.,1/08/2024,0185104,Auckland Region,Teritorial Authority,Auckland,Polygon,Polygon,MultiPolygon,MultiPolygon,1,MultiPolygon,1
Auckland,"Robbery, blackmail, and extortion",Blackmail or other extortion,Massey Park.,NZ,Auckland Region,Auckland.,1/08/2023,0797200,Auckland Region,Teritorial Authority,Auckland,Polygon,Polygon,MultiPolygon,MultiPolygon,1,MultiPolygon,1
Auckland,"Robbery, blackmail, and extortion",Blackmail or other extortion,Birdwood East.,NZ,Auckland Region,Auckland.,1/09/2024,0226800,Auckland Region,Teritorial Authority,Auckland,Polygon,Polygon,MultiPolygon,MultiPolygon,1,MultiPolygon,1
Auckland,"Robbery, blackmail, and extortion",Non-aggravated robbery,Auckland Central East.,NZ,Auckland Region,Auckland.,1/06/2024,0438404,Auckland Region,Teritorial Authority,Auckland,Polygon,Polygon,MultiPolygon,MultiPolygon,1,MultiPolygon,1
Auckland,"Robbery, blackmail, and extortion",Blackmail or other extortion,Waimumu North.,NZ,Auckland Region,Auckland.,1/09/2024,0227401,Auckland Region,Teritorial Authority,Auckland,Polygon,Polygon,MultiPolygon,MultiPolygon,1,MultiPolygon,1
Auckland,"Robbery, blackmail, and extortion",Blackmail or other extortion,Waiuku West.,NZ,Auckland Region,Auckland.,1/08/2023,0837300,Auckland Region,Teritorial Authority,Auckland,Polygon,Polygon,MultiPolygon,MultiPolygon,1,MultiPolygon,1
Auckland,"Robbery, blackmail, and extortion",Blackmail or other extortion,Ormiston.,NZ,Auckland Region,Auckland.,1/09/2023,0713400,Auckland Region,Teritorial Authority,Auckland,Polygon,Polygon,MultiPolygon,MultiPolygon,1,MultiPolygon,1
Auckland,"Robbery, blackmail, and extortion",Aggravated robbery,Auckland Central West.,NZ,Auckland Region,Auckland.,1/06/2024,0432603,Auckland Region,Teritorial Authority,Auckland,Polygon,Polygon,MultiPolygon,MultiPolygon,1,MultiPolygon,1
Auckland,"Robbery, blackmail, and extortion",Blackmail or other extortion,Royal Road West.,NZ,Auckland Region,Auckland.,1/05/2024,0225401,Auckland Region,Teritorial Authority,Auckland,Polygon,Polygon,MultiPolygon,MultiPolygon,1,MultiPolygon,1
Auckland,"Robbery, blackmail, and extortion",Aggravated robbery,Epsom North.,NZ,Auckland Region,Auckland.,1/06/2024,0443200,Auckland Region,Teritorial Authority,Auckland,Polygon,Polygon,MultiPolygon,MultiPolygon,1,MultiPolygon,1
Auckland,"Robbery, blackmail, and extortion",Blackmail or other extortion,Ormiston.,NZ,Auckland Region,Auckland.,1/10/2023,0712500,Auckland Region,Teritorial Authority,Auckland,Polygon,Polygon,MultiPolygon,MultiPolygon,1,MultiPolygon,1
Auckland,"Robbery, blackmail, and extortion",Aggravated robbery,Balmoral.,NZ,Auckland Region,Auckland.,1/12/2023,0548800,Auckland Region,Teritorial Authority,Auckland,Polygon,Polygon,MultiPolygon,MultiPolygon,1,MultiPolygon,1
Auckland,"Robbery, blackmail, and extortion",Blackmail or other extortion,Crown Hill.,NZ,Auckland Region,Auckland.,1/05/2024,0312000,Auckland Region,Teritorial Authority,Auckland,Polygon,Polygon,MultiPolygon,MultiPolygon,1,MultiPolygon,1
Auckland,"Robbery, blackmail, and extortion",Non-aggravated robbery,Randwick Park.,NZ,Auckland Region,Auckland.,1/09/2023,0759735,Auckland Region,Teritorial Authority,Auckland,Polygon,Polygon,MultiPolygon,MultiPolygon,2,MultiPolygon,2
Auckland,"Robbery, blackmail, and extortion",Aggravated robbery,Ellerslie South.,NZ,Auckland Region,Auckland.,1/12/2023,0612000,Auckland Region,Teritorial Authority,Auckland,Polygon,Polygon,MultiPolygon,MultiPolygon,1,MultiPolygon,1
Auckland,"Robbery, blackmail, and extortion",Blackmail or other extortion,South Waiuku.,NZ,Auckland Region,Auckland.,1/02/2025,0835502,Auckland Region,Teritorial Authority,Auckland,Polygon,Polygon,MultiPolygon,MultiPolygon,1,MultiPolygon,1
Auckland,"Robbery, blackmail, and extortion",Aggravated robbery,Newmarket.,NZ,Auckland Region,Auckland.,1/07/2024,0450901,Auckland Region,Teritorial Authority,Auckland,Polygon,Polygon,MultiPolygon,MultiPolygon,1,MultiPolygon,1
Auckland,"Robbery, blackmail, and extortion",Aggravated robbery,Takanini South.,NZ,Auckland Region,Auckland.,1/10/2023,0765600,Auckland Region,Teritorial Authority,Auckland,Polygon,Polygon,MultiPolygon,MultiPolygon,2,MultiPolygon,2
Auckland,"Robbery, blackmail, and extortion",Blackmail or other extortion,Papakura North.,NZ,Auckland Region,Auckland.,1/09/2024,0790602,Auckland Region,Teritorial Authority,Auckland,Polygon,Polygon,MultiPolygon,MultiPolygon,1,MultiPolygon,1
Auckland,"Robbery, blackmail, and extortion",Aggravated robbery,Crum Park.,NZ,Auckland Region,Auckland.,1/07/2024,0291400,Auckland Region,Teritorial Authority,Auckland,Polygon,Polygon,MultiPolygon,MultiPolygon,1,MultiPolygon,1
Auckland,"Robbery, blackmail, and extortion",Blackmail or other extortion,Edgewater.,NZ,Auckland Region,Auckland.,1/03/2024,0683300,Auckland Region,Teritorial Authority,Auckland,Polygon,Polygon,MultiPolygon,MultiPolygon,1,MultiPolygon,1
Auckland,"Robbery, blackmail, and extortion",Blackmail or other extortion,Papakura North.,NZ,Auckland Region,Auckland.,1/05/2024,0792800,Auckland Region,Teritorial Authority,Auckland,Polygon,Polygon,MultiPolygon,MultiPolygon,1,MultiPolygon,1
Auckland,"Robbery, blackmail, and extortion",Blackmail or other extortion,Avondale South.,NZ,Auckland Region,Auckland.,1/02/2024,0373002,Auckland Region,Teritorial Authority,Auckland,Polygon,Polygon,MultiPolygon,MultiPolygon,1,MultiPolygon,1
Auckland,"Robbery, blackmail, and extortion",Aggravated robbery,Manurewa Central.,NZ,Auckland Region,Auckland.,1/08/2024,0751900,Auckland Region,Teritorial Authority,Auckland,Polygon,Polygon,MultiPolygon,MultiPolygon,1,MultiPolygon,1
Auckland,"Robbery, blackmail, and extortion",Blackmail or other extortion,Buckland.,NZ,Auckland Region,Auckland.,1/06/2024,0824406,Auckland Region,Teritorial Authority,Auckland,Polygon,Polygon,MultiPolygon,MultiPolygon,1,MultiPolygon,1
Auckland,"Robbery, blackmail, and extortion",Blackmail or other extortion,Pakuranga East.,NZ,Auckland Region,Auckland.,1/02/2024,0688102,Auckland Region,Teritorial Authority,Auckland,Polygon,Polygon,MultiPolygon,MultiPolygon,1,MultiPolygon,1
Auckland,"Robbery, blackmail, and extortion",Blackmail or other extortion,Paerata-Cape Hill.,NZ,Auckland Region,Auckland.,1/07/2024,0826700,Auckland Region,Teritorial Authority,Auckland,Polygon,Polygon,MultiPolygon,MultiPolygon,2,MultiPolygon,2
Auckland,"Robbery, blackmail, and extortion",Aggravated robbery,Clendon South.,NZ,Auckland Region,Auckland.,1/10/2024,0774431,Auckland Region,Teritorial Authority,Auckland,Polygon,Polygon,MultiPolygon,MultiPolygon,1,MultiPolygon,1
Auckland,"Robbery, blackmail, and extortion",Blackmail or other extortion,Papatoetoe East.,NZ,Auckland Region,Auckland.,1/08/2023,0669700,Auckland Region,Teritorial Authority,Auckland,Polygon,Polygon,MultiPolygon,MultiPolygon,1,MultiPolygon,1
Auckland,"Robbery, blackmail, and extortion",Blackmail or other extortion,Beaumont.,NZ,Auckland Region,Auckland.,1/01/2025,0752900,Auckland Region,Teritorial Authority,Auckland,Polygon,Polygon,MultiPolygon,MultiPolygon,1,MultiPolygon,1
Auckland,"Robbery, blackmail, and extortion",Aggravated robbery,Surrey Crescent.,NZ,Auckland Region,Auckland.,1/12/2024,0405000,Auckland Region,Teritorial Authority,Auckland,Polygon,Polygon,MultiPolygon,MultiPolygon,1,MultiPolygon,1
Auckland,"Robbery, blackmail, and extortion",Blackmail or other extortion,Highbrook.,NZ,Auckland Region,Auckland.,1/08/2023,0711200,Auckland Region,Teritorial Authority,Auckland,Polygon,Polygon,MultiPolygon,MultiPolygon,1,MultiPolygon,1
Auckland,"Robbery, blackmail, and extortion",Blackmail or other extortion,Dingwall.,NZ,Auckland Region,Auckland.,1/01/2025,0696809,Auckland Region,Teritorial Authority,Auckland,Polygon,Polygon,MultiPolygon,MultiPolygon,1,MultiPolygon,1
Auckland,"Robbery, blackmail, and extortion",Aggravated robbery,Mt Albert Central.,NZ,Auckland Region,Auckland.,1/04/2025,0527900,Auckland Region,Teritorial Authority,Auckland,Polygon,Polygon,MultiPolygon,MultiPolygon,1,MultiPolygon,1
Auckland,"Robbery, blackmail, and extortion",Blackmail or other extortion,Auckland Harbourside.,NZ,Auckland Region,Auckland.,1/08/2023,0438215,Auckland Region,Teritorial Authority,Auckland,Polygon,Polygon,MultiPolygon,MultiPolygon,1,MultiPolygon,1
Auckland,"Robbery, blackmail, and extortion",Blackmail or other extortion,Auckland Central East.,NZ,Auckland Region,Auckland.,1/09/2023,0436903,Auckland Region,Teritorial Authority,Auckland,Polygon,Polygon,MultiPolygon,MultiPolygon,1,MultiPolygon,1
Auckland,"Robbery, blackmail, and extortion",Aggravated robbery,Mt Hobson.,NZ,Auckland Region,Auckland.,1/08/2024,0491400,Auckland Region,Teritorial Authority,Auckland,Polygon,Polygon,MultiPolygon,MultiPolygon,2,MultiPolygon,2
Auckland,"Robbery, blackmail, and extortion",Aggravated robbery,Mt St John.,NZ,Auckland Region,Auckland.,1/09/2024,0614200,Auckland Region,Teritorial Authority,Auckland,Polygon,Polygon,MultiPolygon,MultiPolygon,2,MultiPolygon,2
Auckland,"Robbery, blackmail, and extortion",Blackmail or other extortion,Owairaka West.,NZ,Auckland Region,Auckland.,1/09/2023,0519702,Auckland Region,Teritorial Authority,Auckland,Polygon,Polygon,MultiPolygon,MultiPolygon,1,MultiPolygon,1
Auckland,"Robbery, blackmail, and extortion",Blackmail or other extortion,Harania North.,NZ,Auckland Region,Auckland.,1/01/2025,0736800,Auckland Region,Teritorial Authority,Auckland,Polygon,Polygon,MultiPolygon,MultiPolygon,1,MultiPolygon,1
Auckland,"Robbery, blackmail, and extortion",Blackmail or other extortion,Lynnmall.,NZ,Auckland Region,Auckland.,1/08/2023,0264904,Auckland Region,Teritorial Authority,Auckland,Polygon,Polygon,MultiPolygon,MultiPolygon,1,MultiPolygon,1
Auckland,"Robbery, blackmail, and extortion",Blackmail or other extortion,Onehunga North East.,NZ,Auckland Region,Auckland.,1/01/2025,0592500,Auckland Region,Teritorial Authority,Auckland,Polygon,Polygon,MultiPolygon,MultiPolygon,1,MultiPolygon,1
Auckland,"Robbery, blackmail, and extortion",Blackmail or other extortion,Highbrook.,NZ,Auckland Region,Auckland.,1/09/2023,0711404,Auckland Region,Teritorial Authority,Auckland,Polygon,Polygon,MultiPolygon,MultiPolygon,1,MultiPolygon,1
Auckland,"Robbery, blackmail, and extortion",Blackmail or other extortion,Glen Innes West.,NZ,Auckland Region,Auckland.,1/06/2024,0476100,Auckland Region,Teritorial Authority,Auckland,Polygon,Polygon,MultiPolygon,MultiPolygon,1,MultiPolygon,1
Auckland,"Robbery, blackmail, and extortion",Blackmail or other extortion,Remuera South.,NZ,Auckland Region,Auckland.,1/01/2025,0492200,Auckland Region,Teritorial Authority,Auckland,Polygon,Polygon,MultiPolygon,MultiPolygon,1,MultiPolygon,1
Auckland,"Robbery, blackmail, and extortion",Blackmail or other extortion,Auckland Harbourside.,NZ,Auckland Region,Auckland.,1/09/2023,0440114,Auckland Region,Teritorial Authority,Auckland,Polygon,Polygon,MultiPolygon,MultiPolygon,1,MultiPolygon,1
Auckland,"Robbery, blackmail, and extortion",Aggravated robbery,Mascot.,NZ,Auckland Region,Auckland.,1/05/2024,0742101,Auckland Region,Teritorial Authority,Auckland,Polygon,Polygon,MultiPolygon,MultiPolygon,1,MultiPolygon,1
Auckland,"Robbery, blackmail, and extortion",Blackmail or other extortion,Woodglen.,NZ,Auckland Region,Auckland.,1/01/2025,0284304,Auckland Region,Teritorial Authority,Auckland,Polygon,Polygon,MultiPolygon,MultiPolygon,1,MultiPolygon,1
Auckland,"Robbery, blackmail, and extortion",Blackmail or other extortion,Mt St John.,NZ,Auckland Region,Auckland.,1/09/2023,0614100,Auckland Region,Teritorial Authority,Auckland,Polygon,Polygon,MultiPolygon,MultiPolygon,1,MultiPolygon,1
Auckland,"Robbery, blackmail, and extortion",Aggravated robbery,Walmsley.,NZ,Auckland Region,Auckland.,1/10/2023,0578900,Auckland Region,Teritorial Authority,Auckland,Polygon,Polygon,MultiPolygon,MultiPolygon,1,MultiPolygon,1
Auckland,"Robbery, blackmail, and extortion",Blackmail or other extortion,Auckland Central East.,NZ,Auckland Region,Auckland.,1/02/2025,0438502,Auckland Region,Teritorial Authority,Auckland,Polygon,Polygon,MultiPolygon,MultiPolygon,1,MultiPolygon,1
Auckland,"Robbery, blackmail, and extortion",Blackmail or other extortion,Donegal Park.,NZ,Auckland Region,Auckland.,1/09/2023,0713201,Auckland Region,Teritorial Authority,Auckland,Polygon,Polygon,MultiPolygon,MultiPolygon,1,MultiPolygon,1
Auckland,"Robbery, blackmail, and extortion",Blackmail or other extortion,Leabank.,NZ,Auckland Region,Auckland.,1/02/2025,0773000,Auckland Region,Teritorial Authority,Auckland,Polygon,Polygon,MultiPolygon,MultiPolygon,1,MultiPolygon,1
Auckland,"Robbery, blackmail, and extortion",Blackmail or other extortion,Onehunga South West.,NZ,Auckland Region,Auckland.,1/10/2023,0597600,Auckland Region,Teritorial Authority,Auckland,Polygon,Polygon,MultiPolygon,MultiPolygon,1,MultiPolygon,1
Auckland,"Robbery, blackmail, and extortion",Non-aggravated robbery,Arch Hill.,NZ,Auckland Region,Auckland.,1/12/2023,0418300,Auckland Region,Teritorial Authority,Auckland,Polygon,Polygon,MultiPolygon,MultiPolygon,1,MultiPolygon,1
Auckland,"Robbery, blackmail, and extortion",Blackmail or other extortion,Meadowbank North.,NZ,Auckland Region,Auckland.,1/02/2025,0458900,Auckland Region,Teritorial Authority,Auckland,Polygon,Polygon,MultiPolygon,MultiPolygon,1,MultiPolygon,1
Auckland,"Robbery, blackmail, and extortion",Non-aggravated robbery,Hillpark.,NZ,Auckland Region,Auckland.,1/03/2024,0757100,Auckland Region,Teritorial Authority,Auckland,Polygon,Polygon,MultiPolygon,MultiPolygon,1,MultiPolygon,1
Auckland,"Robbery, blackmail, and extortion",Aggravated robbery,Viscount.,NZ,Auckland Region,Auckland.,1/12/2023,0739200,Auckland Region,Teritorial Authority,Auckland,Polygon,Polygon,MultiPolygon,MultiPolygon,1,MultiPolygon,1
Auckland,"Robbery, blackmail, and extortion",Blackmail or other extortion,New Windsor.,NZ,Auckland Region,Auckland.,1/02/2025,0375200,Auckland Region,Teritorial Authority,Auckland,Polygon,Polygon,MultiPolygon,MultiPolygon,1,MultiPolygon,1
Auckland,"Robbery, blackmail, and extortion",Aggravated robbery,Onehunga North West.,NZ,Auckland Region,Auckland.,1/03/2024,0596100,Auckland Region,Teritorial Authority,Auckland,Polygon,Polygon,MultiPolygon,MultiPolygon,1,MultiPolygon,1
Auckland,"Robbery, blackmail, and extortion",Non-aggravated robbery,Epsom North.,NZ,Auckland Region,Auckland.,1/06/2024,0457900,Auckland Region,Teritorial Authority,Auckland,Polygon,Polygon,MultiPolygon,MultiPolygon,1,MultiPolygon,1
Auckland,"Robbery, blackmail, and extortion",Blackmail or other extortion,Newmarket.,NZ,Auckland Region,Auckland.,1/02/2025,0450100,Auckland Region,Teritorial Authority,Auckland,Polygon,Polygon,MultiPolygon,MultiPolygon,1,MultiPolygon,1
Auckland,"Robbery, blackmail, and extortion",Aggravated robbery,Onehunga North West.,NZ,Auckland Region,Auckland.,1/09/2023,0594701,Auckland Region,Teritorial Authority,Auckland,Polygon,Polygon,MultiPolygon,MultiPolygon,1,MultiPolygon,1
Auckland,"Robbery, blackmail, and extortion",Aggravated robbery,Green Bay.,NZ,Auckland Region,Auckland.,1/03/2024,0290300,Auckland Region,Teritorial Authority,Auckland,Polygon,Polygon,MultiPolygon,MultiPolygon,3,MultiPolygon,3
Auckland,"Robbery, blackmail, and extortion",Aggravated robbery,Glen Innes West.,NZ,Auckland Region,Auckland.,1/06/2024,0470700,Auckland Region,Teritorial Authority,Auckland,Polygon,Polygon,MultiPolygon,MultiPolygon,1,MultiPolygon,1
Auckland,"Robbery, blackmail, and extortion",Blackmail or other extortion,Papatoetoe West.,NZ,Auckland Region,Auckland.,1/02/2025,0657800,Auckland Region,Teritorial Authority,Auckland,Polygon,Polygon,MultiPolygon,MultiPolygon,1,MultiPolygon,1
Auckland,"Robbery, blackmail, and extortion",Aggravated robbery,Lynfield North.,NZ,Auckland Region,Auckland.,1/07/2024,0584402,Auckland Region,Teritorial Authority,Auckland,Polygon,Polygon,MultiPolygon,MultiPolygon,1,MultiPolygon,1
Auckland,"Robbery, blackmail, and extortion",Aggravated robbery,Grey Lynn East.,NZ,Auckland Region,Auckland.,1/10/2023,0411600,Auckland Region,Teritorial Authority,Auckland,Polygon,Polygon,MultiPolygon,MultiPolygon,4,MultiPolygon,4
Auckland,"Robbery, blackmail, and extortion",Blackmail or other extortion,Remuera West.,NZ,Auckland Region,Auckland.,1/02/2025,0481700,Auckland Region,Teritorial Authority,Auckland,Polygon,Polygon,MultiPolygon,MultiPolygon,1,MultiPolygon,1
Auckland,"Robbery, blackmail, and extortion",Aggravated robbery,Glen Innes West.,NZ,Auckland Region,Auckland.,1/07/2024,0476100,Auckland Region,Teritorial Authority,Auckland,Polygon,Polygon,MultiPolygon,MultiPolygon,1,MultiPolygon,1
Auckland,"Robbery, blackmail, and extortion",Blackmail or other extortion,Muriwai Beach.,NZ,Auckland Region,Auckland.,1/08/2023,0218805,Auckland Region,Teritorial Authority,Auckland,Polygon,Polygon,MultiPolygon,MultiPolygon,1,MultiPolygon,1
Auckland,"Robbery, blackmail, and extortion",Blackmail or other extortion,Kaipatiki.,NZ,Auckland Region,Auckland.,1/08/2023,0187500,Auckland Region,Teritorial Authority,Auckland,Polygon,Polygon,MultiPolygon,MultiPolygon,1,MultiPolygon,1
Auckland,"Robbery, blackmail, and extortion",Blackmail or other extortion,St Marys.,NZ,Auckland Region,Auckland.,1/02/2025,0426108,Auckland Region,Teritorial Authority,Auckland,Polygon,Polygon,MultiPolygon,MultiPolygon,1,MultiPolygon,1
Auckland,"Robbery, blackmail, and extortion",Blackmail or other extortion,Wakeling.,NZ,Auckland Region,Auckland.,1/08/2023,0256200,Auckland Region,Teritorial Authority,Auckland,Polygon,Polygon,MultiPolygon,MultiPolygon,1,MultiPolygon,1
Auckland,"Robbery, blackmail, and extortion",Non-aggravated robbery,St Lukes.,NZ,Auckland Region,Auckland.,1/07/2024,0533602,Auckland Region,Teritorial Authority,Auckland,Polygon,Polygon,MultiPolygon,MultiPolygon,1,MultiPolygon,1
Auckland,"Robbery, blackmail, and extortion",Blackmail or other extortion,Arahanga.,NZ,Auckland Region,Auckland.,1/07/2024,0737301,Auckland Region,Teritorial Authority,Auckland,Polygon,Polygon,MultiPolygon,MultiPolygon,1,MultiPolygon,1
Auckland,"Robbery, blackmail, and extortion",Non-aggravated robbery,Auckland Central West.,NZ,Auckland Region,Auckland.,1/08/2024,0434104,Auckland Region,Teritorial Authority,Auckland,Polygon,Polygon,MultiPolygon,MultiPolygon,1,MultiPolygon,1
Auckland,"Robbery, blackmail, and extortion",Blackmail or other extortion,Clover Park.,NZ,Auckland Region,Auckland.,1/07/2024,0715512,Auckland Region,Teritorial Authority,Auckland,Polygon,Polygon,MultiPolygon,MultiPolygon,1,MultiPolygon,1
Auckland,"Robbery, blackmail, and extortion",Aggravated robbery,Kohuora.,NZ,Auckland Region,Auckland.,1/08/2024,0655900,Auckland Region,Teritorial Authority,Auckland,Polygon,Polygon,MultiPolygon,MultiPolygon,1,MultiPolygon,1
Auckland,"Robbery, blackmail, and extortion",Blackmail or other extortion,Riverhead.,NZ,Auckland Region,Auckland.,1/08/2023,0217606,Auckland Region,Teritorial Authority,Auckland,Polygon,Polygon,MultiPolygon,MultiPolygon,1,MultiPolygon,1
Auckland,"Robbery, blackmail, and extortion",Blackmail or other extortion,Crum Park.,NZ,Auckland Region,Auckland.,1/07/2024,0291201,Auckland Region,Teritorial Authority,Auckland,Polygon,Polygon,MultiPolygon,MultiPolygon,1,MultiPolygon,1
Auckland,"Robbery, blackmail, and extortion",Non-aggravated robbery,Glen Innes North.,NZ,Auckland Region,Auckland.,1/08/2024,0467600,Auckland Region,Teritorial Authority,Auckland,Polygon,Polygon,MultiPolygon,MultiPolygon,1,MultiPolygon,1
Auckland,"Robbery, blackmail, and extortion",Blackmail or other extortion,Campbells Bay.,NZ,Auckland Region,Auckland.,1/08/2023,0149200,Auckland Region,Teritorial Authority,Auckland,Polygon,Polygon,MultiPolygon,MultiPolygon,1,MultiPolygon,1
Auckland,"Robbery, blackmail, and extortion",Blackmail or other extortion,Lynfield South.,NZ,Auckland Region,Auckland.,1/07/2024,0587500,Auckland Region,Teritorial Authority,Auckland,Polygon,Polygon,MultiPolygon,MultiPolygon,1,MultiPolygon,1
Auckland,"Robbery, blackmail, and extortion",Non-aggravated robbery,New Windsor.,NZ,Auckland Region,Auckland.,1/12/2024,0376300,Auckland Region,Teritorial Authority,Auckland,Polygon,Polygon,MultiPolygon,MultiPolygon,1,MultiPolygon,1
Auckland,"Robbery, blackmail, and extortion",Blackmail or other extortion,Mt St John.,NZ,Auckland Region,Auckland.,1/07/2024,0615600,Auckland Region,Teritorial Authority,Auckland,Polygon,Polygon,MultiPolygon,MultiPolygon,1,MultiPolygon,1
Auckland,"Robbery, blackmail, and extortion",Non-aggravated robbery,Wiri.,NZ,Auckland Region,Auckland.,1/12/2024,0780416,Auckland Region,Teritorial Authority,Auckland,Polygon,Polygon,MultiPolygon,MultiPolygon,1,MultiPolygon,1
Auckland,"Robbery, blackmail, and extortion",Blackmail or other extortion,Narrow Neck.,NZ,Auckland Region,Auckland.,1/09/2023,0339400,Auckland Region,Teritorial Authority,Auckland,Polygon,Polygon,MultiPolygon,MultiPolygon,1,MultiPolygon,1
Auckland,"Robbery, blackmail, and extortion",Blackmail or other extortion,Sandringham North.,NZ,Auckland Region,Auckland.,1/07/2024,0536900,Auckland Region,Teritorial Authority,Auckland,Polygon,Polygon,MultiPolygon,MultiPolygon,1,MultiPolygon,1
Auckland,"Robbery, blackmail, and extortion",Non-aggravated robbery,Onehunga North East.,NZ,Auckland Region,Auckland.,1/04/2024,0593300,Auckland Region,Teritorial Authority,Auckland,Polygon,Polygon,MultiPolygon,MultiPolygon,1,MultiPolygon,1
Auckland,"Robbery, blackmail, and extortion",Blackmail or other extortion,Viscount.,NZ,Auckland Region,Auckland.,1/07/2024,0737700,Auckland Region,Teritorial Authority,Auckland,Polygon,Polygon,MultiPolygon,MultiPolygon,1,MultiPolygon,1
Auckland,"Robbery, blackmail, and extortion",Aggravated robbery,Otara South.,NZ,Auckland Region,Auckland.,1/04/2024,0706900,Auckland Region,Teritorial Authority,Auckland,Polygon,Polygon,MultiPolygon,MultiPolygon,1,MultiPolygon,1
Auckland,"Robbery, blackmail, and extortion",Blackmail or other extortion,Target Road.,NZ,Auckland Region,Auckland.,1/09/2023,0182008,Auckland Region,Teritorial Authority,Auckland,Polygon,Polygon,MultiPolygon,MultiPolygon,1,MultiPolygon,1
Auckland,"Robbery, blackmail, and extortion",Blackmail or other extortion,Abbotts Park.,NZ,Auckland Region,Auckland.,1/08/2024,0494806,Auckland Region,Teritorial Authority,Auckland,Polygon,Polygon,MultiPolygon,MultiPolygon,1,MultiPolygon,1
Auckland,"Robbery, blackmail, and extortion",Aggravated robbery,Blockhouse Bay.,NZ,Auckland Region,Auckland.,1/03/2025,0368400,Auckland Region,Teritorial Authority,Auckland,Polygon,Polygon,MultiPolygon,MultiPolygon,1,MultiPolygon,1
Auckland,"Robbery, blackmail, and extortion",Blackmail or other extortion,Westgate.,NZ,Auckland Region,Auckland.,1/10/2023,0224306,Auckland Region,Teritorial Authority,Auckland,Polygon,Polygon,MultiPolygon,MultiPolygon,1,MultiPolygon,1
Auckland,"Robbery, blackmail, and extortion",Blackmail or other extortion,Kingsland.,NZ,Auckland Region,Auckland.,1/08/2024,0531200,Auckland Region,Teritorial Authority,Auckland,Polygon,Polygon,MultiPolygon,MultiPolygon,1,MultiPolygon,1
Auckland,"Robbery, blackmail, and extortion",Blackmail or other extortion,Kohuora.,NZ,Auckland Region,Auckland.,1/08/2024,0657300,Auckland Region,Teritorial Authority,Auckland,Polygon,Polygon,MultiPolygon,MultiPolygon,1,MultiPolygon,1
Auckland,"Robbery, blackmail, and extortion",Aggravated robbery,Auckland Central East.,NZ,Auckland Region,Auckland.,1/04/2025,0437500,Auckland Region,Teritorial Authority,Auckland,Polygon,Polygon,MultiPolygon,MultiPolygon,1,MultiPolygon,1
Auckland,"Robbery, blackmail, and extortion",Blackmail or other extortion,Kaukapakapa Rural.,NZ,Auckland Region,Auckland.,1/10/2023,0211503,Auckland Region,Teritorial Authority,Auckland,MultiPolygon,Polygon,MultiPolygon,MultiPolygon,1,MultiPolygon,1
Auckland,"Robbery, blackmail, and extortion",Blackmail or other extortion,Westmere.,NZ,Auckland Region,Auckland.,1/08/2024,0400500,Auckland Region,Teritorial Authority,Auckland,Polygon,Polygon,MultiPolygon,MultiPolygon,1,MultiPolygon,1
Auckland,"Robbery, blackmail, and extortion",Aggravated robbery,Orakei North.,NZ,Auckland Region,Auckland.,1/06/2024,0498801,Auckland Region,Teritorial Authority,Auckland,Polygon,Polygon,MultiPolygon,MultiPolygon,4,MultiPolygon,4
Auckland,"Robbery, blackmail, and extortion",Aggravated robbery,Te Papapa.,NZ,Auckland Region,Auckland.,1/03/2024,0607400,Auckland Region,Teritorial Authority,Auckland,Polygon,Polygon,MultiPolygon,MultiPolygon,1,MultiPolygon,1
Auckland,"Robbery, blackmail, and extortion",Blackmail or other extortion,Abbotts Park.,NZ,Auckland Region,Auckland.,1/09/2024,0495900,Auckland Region,Teritorial Authority,Auckland,Polygon,Polygon,MultiPolygon,MultiPolygon,1,MultiPolygon,1
Auckland,"Robbery, blackmail, and extortion",Aggravated robbery,Burbank.,NZ,Auckland Region,Auckland.,1/06/2024,0775500,Auckland Region,Teritorial Authority,Auckland,Polygon,Polygon,MultiPolygon,MultiPolygon,1,MultiPolygon,1
Auckland,"Robbery, blackmail, and extortion",Blackmail or other extortion,Aorere.,NZ,Auckland Region,Auckland.,1/09/2024,0745800,Auckland Region,Teritorial Authority,Auckland,Polygon,Polygon,MultiPolygon,MultiPolygon,1,MultiPolygon,1
Auckland,"Robbery, blackmail, and extortion",Non-aggravated robbery,Auckland Central West.,NZ,Auckland Region,Auckland.,1/06/2024,0433200,Auckland Region,Teritorial Authority,Auckland,Polygon,Polygon,MultiPolygon,MultiPolygon,1,MultiPolygon,1
Auckland,"Robbery, blackmail, and extortion",Aggravated robbery,Springleigh.,NZ,Auckland Region,Auckland.,1/09/2023,0524800,Auckland Region,Teritorial Authority,Auckland,Polygon,Polygon,MultiPolygon,MultiPolygon,1,MultiPolygon,1
Auckland,"Robbery, blackmail, and extortion",Aggravated robbery,Aorere.,NZ,Auckland Region,Auckland.,1/09/2024,0744500,Auckland Region,Teritorial Authority,Auckland,Polygon,Polygon,MultiPolygon,MultiPolygon,1,MultiPolygon,1
Auckland,"Robbery, blackmail, and extortion",Blackmail or other extortion,Auckland Central East.,NZ,Auckland Region,Auckland.,1/09/2024,0436300,Auckland Region,Teritorial Authority,Auckland,Polygon,Polygon,MultiPolygon,MultiPolygon,1,MultiPolygon,1
Auckland,"Robbery, blackmail, and extortion",Aggravated robbery,One Tree Hill Central.,NZ,Auckland Region,Auckland.,1/09/2023,0622900,Auckland Region,Teritorial Authority,Auckland,Polygon,Polygon,MultiPolygon,MultiPolygon,1,MultiPolygon,1
Auckland,"Robbery, blackmail, and extortion",Blackmail or other extortion,Otahuhu West.,NZ,Auckland Region,Auckland.,1/08/2023,0786300,Auckland Region,Teritorial Authority,Auckland,Polygon,Polygon,MultiPolygon,MultiPolygon,1,MultiPolygon,1
Auckland,"Robbery, blackmail, and extortion",Aggravated robbery,Springleigh.,NZ,Auckland Region,Auckland.,1/10/2023,0524800,Auckland Region,Teritorial Authority,Auckland,Polygon,Polygon,MultiPolygon,MultiPolygon,1,MultiPolygon,1
Auckland,"Robbery, blackmail, and extortion",Blackmail or other extortion,Avondale West.,NZ,Auckland Region,Auckland.,1/08/2023,0390100,Auckland Region,Teritorial Authority,Auckland,Polygon,Polygon,MultiPolygon,MultiPolygon,1,MultiPolygon,1
Auckland,"Robbery, blackmail, and extortion",Blackmail or other extortion,Favona South.,NZ,Auckland Region,Auckland.,1/09/2024,0730708,Auckland Region,Teritorial Authority,Auckland,Polygon,Polygon,MultiPolygon,MultiPolygon,1,MultiPolygon,1
Auckland,"Robbery, blackmail, and extortion",Aggravated robbery,Kingsland.,NZ,Auckland Region,Auckland.,1/04/2024,0529800,Auckland Region,Teritorial Authority,Auckland,Polygon,Polygon,MultiPolygon,MultiPolygon,2,MultiPolygon,2
Auckland,"Robbery, blackmail, and extortion",Blackmail or other extortion,Ferndale.,NZ,Auckland Region,Auckland.,1/09/2024,0644102,Auckland Region,Teritorial Authority,Auckland,Polygon,Polygon,MultiPolygon,MultiPolygon,1,MultiPolygon,1
Auckland,"Robbery, blackmail, and extortion",Aggravated robbery,Mt Albert Central.,NZ,Auckland Region,Auckland.,1/09/2023,0526600,Auckland Region,Teritorial Authority,Auckland,Polygon,Polygon,MultiPolygon,MultiPolygon,1,MultiPolygon,1
Auckland,"Robbery, blackmail, and extortion",Aggravated robbery,Harania West.,NZ,Auckland Region,Auckland.,1/02/2024,0734603,Auckland Region,Teritorial Authority,Auckland,Polygon,Polygon,MultiPolygon,MultiPolygon,2,MultiPolygon,2
Auckland,"Robbery, blackmail, and extortion",Blackmail or other extortion,Glendowie.,NZ,Auckland Region,Auckland.,1/09/2024,0514302,Auckland Region,Teritorial Authority,Auckland,Polygon,Polygon,MultiPolygon,MultiPolygon,1,MultiPolygon,1
Auckland,"Robbery, blackmail, and extortion",Aggravated robbery,Onehunga North West.,NZ,Auckland Region,Auckland.,1/09/2023,0594800,Auckland Region,Teritorial Authority,Auckland,Polygon,Polygon,MultiPolygon,MultiPolygon,1,MultiPolygon,1
Auckland,"Robbery, blackmail, and extortion",Blackmail or other extortion,Kingsland.,NZ,Auckland Region,Auckland.,1/09/2024,0531100,Auckland Region,Teritorial Authority,Auckland,Polygon,Polygon,MultiPolygon,MultiPolygon,1,MultiPolygon,1
Auckland,"Robbery, blackmail, and extortion",Aggravated robbery,Wattle Farm.,NZ,Auckland Region,Auckland.,1/08/2023,0769012,Auckland Region,Teritorial Authority,Auckland,Polygon,Polygon,MultiPolygon,MultiPolygon,2,MultiPolygon,2
Auckland,"Robbery, blackmail, and extortion",Aggravated robbery,Point England.,NZ,Auckland Region,Auckland.,1/09/2023,0477800,Auckland Region,Teritorial Authority,Auckland,Polygon,Polygon,MultiPolygon,MultiPolygon,1,MultiPolygon,1
Auckland,"Robbery, blackmail, and extortion",Blackmail or other extortion,Papatoetoe West.,NZ,Auckland Region,Auckland.,1/09/2024,0660400,Auckland Region,Teritorial Authority,Auckland,Polygon,Polygon,MultiPolygon,MultiPolygon,1,MultiPolygon,1
Auckland,"Robbery, blackmail, and extortion",Aggravated robbery,Wakeling.,NZ,Auckland Region,Auckland.,1/10/2023,0254500,Auckland Region,Teritorial Authority,Auckland,Polygon,Polygon,MultiPolygon,MultiPolygon,1,MultiPolygon,1
Auckland,"Robbery, blackmail, and extortion",Aggravated robbery,Pukekohe North.,NZ,Auckland Region,Auckland.,1/09/2023,0818500,Auckland Region,Teritorial Authority,Auckland,Polygon,Polygon,MultiPolygon,MultiPolygon,1,MultiPolygon,1
Auckland,"Robbery, blackmail, and extortion",Aggravated robbery,Auckland Central West.,NZ,Auckland Region,Auckland.,1/10/2023,0434000,Auckland Region,Teritorial Authority,Auckland,Polygon,Polygon,MultiPolygon,MultiPolygon,1,MultiPolygon,1
Auckland,"Robbery, blackmail, and extortion",Blackmail or other extortion,Waiata.,NZ,Auckland Region,Auckland.,1/09/2024,0489600,Auckland Region,Teritorial Authority,Auckland,Polygon,Polygon,MultiPolygon,MultiPolygon,1,MultiPolygon,1
Auckland,"Robbery, blackmail, and extortion",Aggravated robbery,Blockhouse Bay.,NZ,Auckland Region,Auckland.,1/02/2024,0370300,Auckland Region,Teritorial Authority,Auckland,Polygon,Polygon,MultiPolygon,MultiPolygon,1,MultiPolygon,1
Auckland,"Robbery, blackmail, and extortion",Aggravated robbery,Grange.,NZ,Auckland Region,Auckland.,1/10/2023,0696701,Auckland Region,Teritorial Authority,Auckland,Polygon,Polygon,MultiPolygon,MultiPolygon,1,MultiPolygon,1
Auckland,"Robbery, blackmail, and extortion",Blackmail or other extortion,Glendowie.,NZ,Auckland Region,Auckland.,1/05/2024,0514600,Auckland Region,Teritorial Authority,Auckland,Polygon,Polygon,MultiPolygon,MultiPolygon,1,MultiPolygon,1
Auckland,"Robbery, blackmail, and extortion",Aggravated robbery,Meadowbank South.,NZ,Auckland Region,Auckland.,1/06/2024,0462811,Auckland Region,Teritorial Authority,Auckland,Polygon,Polygon,MultiPolygon,MultiPolygon,1,MultiPolygon,1
Auckland,"Robbery, blackmail, and extortion",Blackmail or other extortion,Mt Eden East.,NZ,Auckland Region,Auckland.,1/02/2024,0550500,Auckland Region,Teritorial Authority,Auckland,Polygon,Polygon,MultiPolygon,MultiPolygon,2,MultiPolygon,2
Auckland,"Robbery, blackmail, and extortion",Blackmail or other extortion,Leabank.,NZ,Auckland Region,Auckland.,1/05/2024,0772904,Auckland Region,Teritorial Authority,Auckland,Polygon,Polygon,MultiPolygon,MultiPolygon,1,MultiPolygon,1
Auckland,"Robbery, blackmail, and extortion",Non-aggravated robbery,Hillpark.,NZ,Auckland Region,Auckland.,1/06/2024,0757100,Auckland Region,Teritorial Authority,Auckland,Polygon,Polygon,MultiPolygon,MultiPolygon,1,MultiPolygon,1
Auckland,"Robbery, blackmail, and extortion",Aggravated robbery,Takanini South.,NZ,Auckland Region,Auckland.,1/10/2023,0765401,Auckland Region,Teritorial Authority,Auckland,Polygon,Polygon,MultiPolygon,MultiPolygon,1,MultiPolygon,1
Auckland,"Robbery, blackmail, and extortion",Blackmail or other extortion,Papatoetoe East.,NZ,Auckland Region,Auckland.,1/05/2024,0668000,Auckland Region,Teritorial Authority,Auckland,Polygon,Polygon,MultiPolygon,MultiPolygon,1,MultiPolygon,1
Auckland,"Robbery, blackmail, and extortion",Blackmail or other extortion,Sunnyhills.,NZ,Auckland Region,Auckland.,1/05/2024,0694900,Auckland Region,Teritorial Authority,Auckland,Polygon,Polygon,MultiPolygon,MultiPolygon,1,MultiPolygon,1
Auckland,"Robbery, blackmail, and extortion",Aggravated robbery,Takanini North.,NZ,Auckland Region,Auckland.,1/03/2024,0768100,Auckland Region,Teritorial Authority,Auckland,Polygon,Polygon,MultiPolygon,MultiPolygon,2,MultiPolygon,2
Auckland,"Robbery, blackmail, and extortion",Non-aggravated robbery,Glen Innes West.,NZ,Auckland Region,Auckland.,1/07/2024,0476100,Auckland Region,Teritorial Authority,Auckland,Polygon,Polygon,MultiPolygon,MultiPolygon,1,MultiPolygon,1
Auckland,"Robbery, blackmail, and extortion",Aggravated robbery,Surrey Crescent.,NZ,Auckland Region,Auckland.,1/03/2024,0406300,Auckland Region,Teritorial Authority,Auckland,Polygon,Polygon,MultiPolygon,MultiPolygon,1,MultiPolygon,1
Auckland,"Robbery, blackmail, and extortion",Aggravated robbery,Grafton West.,NZ,Auckland Region,Auckland.,1/08/2024,0441101,Auckland Region,Teritorial Authority,Auckland,Polygon,Polygon,MultiPolygon,MultiPolygon,1,MultiPolygon,1
Auckland,"Robbery, blackmail, and extortion",Blackmail or other extortion,Donegal Park.,NZ,Auckland Region,Auckland.,1/06/2024,0716203,Auckland Region,Teritorial Authority,Auckland,Polygon,Polygon,MultiPolygon,MultiPolygon,1,MultiPolygon,1
Auckland,"Robbery, blackmail, and extortion",Blackmail or other extortion,Pakuranga East.,NZ,Auckland Region,Auckland.,1/06/2024,0690400,Auckland Region,Teritorial Authority,Auckland,Polygon,Polygon,MultiPolygon,MultiPolygon,1,MultiPolygon,1
Auckland,"Robbery, blackmail, and extortion",Aggravated robbery,Glen Innes East.,NZ,Auckland Region,Auckland.,1/09/2023,0473300,Auckland Region,Teritorial Authority,Auckland,Polygon,Polygon,MultiPolygon,MultiPolygon,1,MultiPolygon,1
Auckland,"Robbery, blackmail, and extortion",Non-aggravated robbery,Newton.,NZ,Auckland Region,Auckland.,1/08/2024,0412100,Auckland Region,Teritorial Authority,Auckland,Polygon,Polygon,MultiPolygon,MultiPolygon,1,MultiPolygon,1
Auckland,"Robbery, blackmail, and extortion",Blackmail or other extortion,Albany.,NZ,Auckland Region,Auckland.,1/01/2025,0178708,Auckland Region,Teritorial Authority,Auckland,Polygon,Polygon,MultiPolygon,MultiPolygon,1,MultiPolygon,1
Auckland,"Robbery, blackmail, and extortion",Aggravated robbery,Otahuhu North.,NZ,Auckland Region,Auckland.,1/08/2023,0787300,Auckland Region,Teritorial Authority,Auckland,Polygon,Polygon,MultiPolygon,MultiPolygon,2,MultiPolygon,2
Auckland,"Robbery, blackmail, and extortion",Aggravated robbery,Arch Hill.,NZ,Auckland Region,Auckland.,1/08/2024,0418300,Auckland Region,Teritorial Authority,Auckland,Polygon,Polygon,MultiPolygon,MultiPolygon,1,MultiPolygon,1
Auckland,"Robbery, blackmail, and extortion",Blackmail or other extortion,Royal Heights.,NZ,Auckland Region,Auckland.,1/01/2025,0226303,Auckland Region,Teritorial Authority,Auckland,Polygon,Polygon,MultiPolygon,MultiPolygon,1,MultiPolygon,1
Auckland,"Robbery, blackmail, and extortion",Blackmail or other extortion,Lake Pupuke.,NZ,Auckland Region,Auckland.,1/02/2025,0311100,Auckland Region,Teritorial Authority,Auckland,Polygon,Polygon,MultiPolygon,MultiPolygon,1,MultiPolygon,1
Auckland,"Robbery, blackmail, and extortion",Aggravated robbery,Puhinui South.,NZ,Auckland Region,Auckland.,1/02/2024,0780205,Auckland Region,Teritorial Authority,Auckland,Polygon,Polygon,MultiPolygon,MultiPolygon,3,MultiPolygon,3
Auckland,"Robbery, blackmail, and extortion",Non-aggravated robbery,Mt St John.,NZ,Auckland Region,Auckland.,1/08/2024,0613600,Auckland Region,Teritorial Authority,Auckland,Polygon,Polygon,MultiPolygon,MultiPolygon,1,MultiPolygon,1
Auckland,"Robbery, blackmail, and extortion",Blackmail or other extortion,Lucken Point.,NZ,Auckland Region,Auckland.,1/02/2025,0224124,Auckland Region,Teritorial Authority,Auckland,Polygon,Polygon,MultiPolygon,MultiPolygon,1,MultiPolygon,1
Auckland,"Robbery, blackmail, and extortion",Non-aggravated robbery,Burbank.,NZ,Auckland Region,Auckland.,1/08/2024,0775000,Auckland Region,Teritorial Authority,Auckland,Polygon,Polygon,MultiPolygon,MultiPolygon,1,MultiPolygon,1
Auckland,"Robbery, blackmail, and extortion",Blackmail or other extortion,Red Beach East.,NZ,Auckland Region,Auckland.,1/02/2025,0172902,Auckland Region,Teritorial Authority,Auckland,Polygon,Polygon,MultiPolygon,MultiPolygon,1,MultiPolygon,1
Auckland,"Robbery, blackmail, and extortion",Aggravated robbery,Stanmore Bay East.,NZ,Auckland Region,Auckland.,1/02/2024,0173601,Auckland Region,Teritorial Authority,Auckland,Polygon,Polygon,MultiPolygon,MultiPolygon,1,MultiPolygon,1
Auckland,"Robbery, blackmail, and extortion",Non-aggravated robbery,Wattle Farm.,NZ,Auckland Region,Auckland.,1/08/2024,0769300,Auckland Region,Teritorial Authority,Auckland,Polygon,Polygon,MultiPolygon,MultiPolygon,1,MultiPolygon,1
Auckland,"Robbery, blackmail, and extortion",Blackmail or other extortion,Silverdale South.,NZ,Auckland Region,Auckland.,1/02/2025,0175814,Auckland Region,Teritorial Authority,Auckland,Polygon,Polygon,MultiPolygon,MultiPolygon,1,MultiPolygon,1
Auckland,"Robbery, blackmail, and extortion",Aggravated robbery,Parrs Park West.,NZ,Auckland Region,Auckland.,1/10/2023,0278001,Auckland Region,Teritorial Authority,Auckland,Polygon,Polygon,MultiPolygon,MultiPolygon,2,MultiPolygon,2
Auckland,"Robbery, blackmail, and extortion",Aggravated robbery,Manukau Central.,NZ,Auckland Region,Auckland.,1/09/2024,0780209,Auckland Region,Teritorial Authority,Auckland,Polygon,Polygon,MultiPolygon,MultiPolygon,1,MultiPolygon,1
Auckland,"Robbery, blackmail, and extortion",Blackmail or other extortion,Sunnynook.,NZ,Auckland Region,Auckland.,1/02/2025,0189802,Auckland Region,Teritorial Authority,Auckland,Polygon,Polygon,MultiPolygon,MultiPolygon,1,MultiPolygon,1
Auckland,"Robbery, blackmail, and extortion",Non-aggravated robbery,Papatoetoe West.,NZ,Auckland Region,Auckland.,1/09/2024,0658500,Auckland Region,Teritorial Authority,Auckland,Polygon,Polygon,MultiPolygon,MultiPolygon,1,MultiPolygon,1
Auckland,"Robbery, blackmail, and extortion",Aggravated robbery,Wiri.,NZ,Auckland Region,Auckland.,1/02/2024,0780501,Auckland Region,Teritorial Authority,Auckland,Polygon,Polygon,MultiPolygon,MultiPolygon,1,MultiPolygon,1
Auckland,"Robbery, blackmail, and extortion",Blackmail or other extortion,Northcote South.,NZ,Auckland Region,Auckland.,1/07/2024,0361300,Auckland Region,Teritorial Authority,Auckland,Polygon,Polygon,MultiPolygon,MultiPolygon,1,MultiPolygon,1
Auckland,"Robbery, blackmail, and extortion",Aggravated robbery,Manurewa Central.,NZ,Auckland Region,Auckland.,1/09/2024,0751600,Auckland Region,Teritorial Authority,Auckland,Polygon,Polygon,MultiPolygon,MultiPolygon,1,MultiPolygon,1
Auckland,"Robbery, blackmail, and extortion",Blackmail or other extortion,Glendene South.,NZ,Auckland Region,Auckland.,1/08/2024,0273205,Auckland Region,Teritorial Authority,Auckland,Polygon,Polygon,MultiPolygon,MultiPolygon,1,MultiPolygon,1
Auckland,"Robbery, blackmail, and extortion",Aggravated robbery,Fairburn.,NZ,Auckland Region,Auckland.,1/08/2023,0788601,Auckland Region,Teritorial Authority,Auckland,Polygon,Polygon,MultiPolygon,MultiPolygon,1,MultiPolygon,1
Auckland,"Robbery, blackmail, and extortion",Non-aggravated robbery,Point Chevalier South.,NZ,Auckland Region,Auckland.,1/04/2024,0390502,Auckland Region,Teritorial Authority,Auckland,Polygon,Polygon,MultiPolygon,MultiPolygon,1,MultiPolygon,1
Auckland,"Robbery, blackmail, and extortion",Blackmail or other extortion,Swanson.,NZ,Auckland Region,Auckland.,1/08/2024,0237901,Auckland Region,Teritorial Authority,Auckland,Polygon,Polygon,MultiPolygon,MultiPolygon,1,MultiPolygon,1
Auckland,"Robbery, blackmail, and extortion",Blackmail or other extortion,Wakeling.,NZ,Auckland Region,Auckland.,1/08/2024,0256200,Auckland Region,Teritorial Authority,Auckland,Polygon,Polygon,MultiPolygon,MultiPolygon,1,MultiPolygon,1
Auckland,"Robbery, blackmail, and extortion",Aggravated robbery,Onehunga South East.,NZ,Auckland Region,Auckland.,1/03/2025,0600800,Auckland Region,Teritorial Authority,Auckland,Polygon,Polygon,MultiPolygon,MultiPolygon,1,MultiPolygon,1
Auckland,"Robbery, blackmail, and extortion",Aggravated robbery,Highland Park.,NZ,Auckland Region,Auckland.,1/08/2023,0681324,Auckland Region,Teritorial Authority,Auckland,Polygon,Polygon,MultiPolygon,MultiPolygon,1,MultiPolygon,1
Auckland,"Robbery, blackmail, and extortion",Blackmail or other extortion,Glenfield Central.,NZ,Auckland Region,Auckland.,1/09/2024,0201100,Auckland Region,Teritorial Authority,Auckland,Polygon,Polygon,MultiPolygon,MultiPolygon,1,MultiPolygon,1
Auckland,"Robbery, blackmail, and extortion",Non-aggravated robbery,Puhinui South.,NZ,Auckland Region,Auckland.,1/08/2023,0780202,Auckland Region,Teritorial Authority,Auckland,Polygon,Polygon,MultiPolygon,MultiPolygon,2,MultiPolygon,2
Auckland,"Robbery, blackmail, and extortion",Blackmail or other extortion,Hauraki.,NZ,Auckland Region,Auckland.,1/05/2024,0325500,Auckland Region,Teritorial Authority,Auckland,Polygon,Polygon,MultiPolygon,MultiPolygon,1,MultiPolygon,1
Auckland,"Robbery, blackmail, and extortion",Aggravated robbery,One Tree Hill Central.,NZ,Auckland Region,Auckland.,1/09/2023,0622900,Auckland Region,Teritorial Authority,Auckland,Polygon,Polygon,MultiPolygon,MultiPolygon,1,MultiPolygon,1
Auckland,"Robbery, blackmail, and extortion",Aggravated robbery,Newmarket.,NZ,Auckland Region,Auckland.,1/10/2023,0451300,Auckland Region,Teritorial Authority,Auckland,Polygon,Polygon,MultiPolygon,MultiPolygon,2,MultiPolygon,2
Auckland,"Robbery, blackmail, and extortion",Blackmail or other extortion,North Harbour West.,NZ,Auckland Region,Auckland.,1/05/2024,0179902,Auckland Region,Teritorial Authority,Auckland,Polygon,Polygon,MultiPolygon,MultiPolygon,1,MultiPolygon,1
Auckland,"Robbery, blackmail, and extortion",Blackmail or other extortion,Ranui Domain.,NZ,Auckland Region,Auckland.,1/05/2024,0235103,Auckland Region,Teritorial Authority,Auckland,Polygon,Polygon,MultiPolygon,MultiPolygon,1,MultiPolygon,1
Auckland,"Robbery, blackmail, and extortion",Aggravated robbery,Pakuranga Central.,NZ,Auckland Region,Auckland.,1/06/2024,0684000,Auckland Region,Teritorial Authority,Auckland,Polygon,Polygon,MultiPolygon,MultiPolygon,2,MultiPolygon,2
Auckland,"Robbery, blackmail, and extortion",Aggravated robbery,Tamaki.,NZ,Auckland Region,Auckland.,1/03/2024,0630700,Auckland Region,Teritorial Authority,Auckland,Polygon,Polygon,MultiPolygon,MultiPolygon,2,MultiPolygon,2
Auckland,"Robbery, blackmail, and extortion",Blackmail or other extortion,Windy Ridge.,NZ,Auckland Region,Auckland.,1/05/2024,0189200,Auckland Region,Teritorial Authority,Auckland,Polygon,Polygon,MultiPolygon,MultiPolygon,1,MultiPolygon,1
Auckland,"Robbery, blackmail, and extortion",Non-aggravated robbery,North Harbour East.,NZ,Auckland Region,Auckland.,1/12/2023,0180301,Auckland Region,Teritorial Authority,Auckland,Polygon,Polygon,MultiPolygon,MultiPolygon,1,MultiPolygon,1
Auckland,"Robbery, blackmail, and extortion",Aggravated robbery,Mt Wellington North.,NZ,Auckland Region,Auckland.,1/08/2023,0627500,Auckland Region,Teritorial Authority,Auckland,Polygon,Polygon,MultiPolygon,MultiPolygon,2,MultiPolygon,2
Auckland,"Robbery, blackmail, and extortion",Aggravated robbery,Te Atatu Central.,NZ,Auckland Region,Auckland.,1/12/2024,0252000,Auckland Region,Teritorial Authority,Auckland,Polygon,Polygon,MultiPolygon,MultiPolygon,1,MultiPolygon,1
Auckland,"Robbery, blackmail, and extortion",Aggravated robbery,Sunnynook.,NZ,Auckland Region,Auckland.,1/02/2024,0192400,Auckland Region,Teritorial Authority,Auckland,Polygon,Polygon,MultiPolygon,MultiPolygon,1,MultiPolygon,1
Auckland,"Robbery, blackmail, and extortion",Blackmail or other extortion,Forrest Hill.,NZ,Auckland Region,Auckland.,1/06/2024,0195300,Auckland Region,Teritorial Authority,Auckland,Polygon,Polygon,MultiPolygon,MultiPolygon,1,MultiPolygon,1
Auckland,"Robbery, blackmail, and extortion",Aggravated robbery,Riverhead.,NZ,Auckland Region,Auckland.,1/12/2024,0217602,Auckland Region,Teritorial Authority,Auckland,Polygon,Polygon,MultiPolygon,MultiPolygon,1,MultiPolygon,1
Auckland,"Robbery, blackmail, and extortion",Aggravated robbery,Totara Heights.,NZ,Auckland Region,Auckland.,1/09/2023,0760702,Auckland Region,Teritorial Authority,Auckland,Polygon,Polygon,MultiPolygon,MultiPolygon,1,MultiPolygon,1
Auckland,"Robbery, blackmail, and extortion",Blackmail or other extortion,Monarch Park.,NZ,Auckland Region,Auckland.,1/06/2024,0205802,Auckland Region,Teritorial Authority,Auckland,Polygon,Polygon,MultiPolygon,MultiPolygon,1,MultiPolygon,1
Auckland,"Robbery, blackmail, and extortion",Blackmail or other extortion,Paremoremo East.,NZ,Auckland Region,Auckland.,1/09/2024,0179701,Auckland Region,Teritorial Authority,Auckland,Polygon,Polygon,MultiPolygon,MultiPolygon,1,MultiPolygon,1
Auckland,"Robbery, blackmail, and extortion",Aggravated robbery,Wakeling.,NZ,Auckland Region,Auckland.,1/09/2023,0254500,Auckland Region,Teritorial Authority,Auckland,Polygon,Polygon,MultiPolygon,MultiPolygon,1,MultiPolygon,1
Auckland,"Robbery, blackmail, and extortion",Aggravated robbery,Takanini South.,NZ,Auckland Region,Auckland.,1/03/2024,0767600,Auckland Region,Teritorial Authority,Auckland,Polygon,Polygon,MultiPolygon,MultiPolygon,2,MultiPolygon,2
Auckland,"Robbery, blackmail, and extortion",Blackmail or other extortion,Mt Victoria.,NZ,Auckland Region,Auckland.,1/06/2024,0331600,Auckland Region,Teritorial Authority,Auckland,Polygon,Polygon,MultiPolygon,MultiPolygon,1,MultiPolygon,1
Auckland,"Robbery, blackmail, and extortion",Aggravated robbery,Kingdale.,NZ,Auckland Region,Auckland.,1/07/2024,0231900,Auckland Region,Teritorial Authority,Auckland,Polygon,Polygon,MultiPolygon,MultiPolygon,1,MultiPolygon,1
Auckland,"Robbery, blackmail, and extortion",Aggravated robbery,Rosehill.,NZ,Auckland Region,Auckland.,1/10/2023,0805300,Auckland Region,Teritorial Authority,Auckland,Polygon,Polygon,MultiPolygon,MultiPolygon,2,MultiPolygon,2
Auckland,"Robbery, blackmail, and extortion",Blackmail or other extortion,Weiti River.,NZ,Auckland Region,Auckland.,1/06/2024,0175502,Auckland Region,Teritorial Authority,Auckland,Polygon,Polygon,MultiPolygon,MultiPolygon,1,MultiPolygon,1
Auckland,"Robbery, blackmail, and extortion",Aggravated robbery,Glen Eden East.,NZ,Auckland Region,Auckland.,1/03/2024,0286100,Auckland Region,Teritorial Authority,Auckland,Polygon,Polygon,MultiPolygon,MultiPolygon,1,MultiPolygon,1
Auckland,"Robbery, blackmail, and extortion",Blackmail or other extortion,Randwick Park.,NZ,Auckland Region,Auckland.,1/05/2024,0759717,Auckland Region,Teritorial Authority,Auckland,Polygon,Polygon,MultiPolygon,MultiPolygon,1,MultiPolygon,1
Auckland,"Robbery, blackmail, and extortion",Aggravated robbery,Wade Heads.,NZ,Auckland Region,Auckland.,1/08/2024,0173807,Auckland Region,Teritorial Authority,Auckland,Polygon,Polygon,MultiPolygon,MultiPolygon,1,MultiPolygon,1
Auckland,"Robbery, blackmail, and extortion",Aggravated robbery,Albany.,NZ,Auckland Region,Auckland.,1/10/2024,0179000,Auckland Region,Teritorial Authority,Auckland,Polygon,Polygon,MultiPolygon,MultiPolygon,1,MultiPolygon,1
Auckland,"Robbery, blackmail, and extortion",Aggravated robbery,Meadowland.,NZ,Auckland Region,Auckland.,1/08/2023,0711024,Auckland Region,Teritorial Authority,Auckland,Polygon,Polygon,MultiPolygon,MultiPolygon,1,MultiPolygon,1
Auckland,"Robbery, blackmail, and extortion",Non-aggravated robbery,Mcleod.,NZ,Auckland Region,Auckland.,1/12/2024,0258300,Auckland Region,Teritorial Authority,Auckland,Polygon,Polygon,MultiPolygon,MultiPolygon,1,MultiPolygon,1
Auckland,"Robbery, blackmail, and extortion",Aggravated robbery,Redoubt North.,NZ,Auckland Region,Auckland.,1/09/2023,0715701,Auckland Region,Teritorial Authority,Auckland,Polygon,Polygon,MultiPolygon,MultiPolygon,1,MultiPolygon,1
Auckland,"Robbery, blackmail, and extortion",Aggravated robbery,Rosehill.,NZ,Auckland Region,Auckland.,1/02/2025,0805500,Auckland Region,Teritorial Authority,Auckland,Polygon,Polygon,MultiPolygon,MultiPolygon,1,MultiPolygon,1
Auckland,"Robbery, blackmail, and extortion",Non-aggravated robbery,Massey Park.,NZ,Auckland Region,Auckland.,1/08/2024,0797700,Auckland Region,Teritorial Authority,Auckland,Polygon,Polygon,MultiPolygon,MultiPolygon,1,MultiPolygon,1
Auckland,"Robbery, blackmail, and extortion",Aggravated robbery,Albany.,NZ,Auckland Region,Auckland.,1/09/2023,0179000,Auckland Region,Teritorial Authority,Auckland,Polygon,Polygon,MultiPolygon,MultiPolygon,1,MultiPolygon,1
Auckland,"Robbery, blackmail, and extortion",Aggravated robbery,Takanini West.,NZ,Auckland Region,Auckland.,1/01/2025,0767921,Auckland Region,Teritorial Authority,Auckland,Polygon,Polygon,MultiPolygon,MultiPolygon,2,MultiPolygon,2
Auckland,"Robbery, blackmail, and extortion",Aggravated robbery,Lynfield South.,NZ,Auckland Region,Auckland.,1/10/2023,0587300,Auckland Region,Teritorial Authority,Auckland,Polygon,Polygon,MultiPolygon,MultiPolygon,2,MultiPolygon,2
Auckland,"Robbery, blackmail, and extortion",Aggravated robbery,Durham Green.,NZ,Auckland Region,Auckland.,1/06/2024,0248900,Auckland Region,Teritorial Authority,Auckland,Polygon,Polygon,MultiPolygon,MultiPolygon,1,MultiPolygon,1
Auckland,"Robbery, blackmail, and extortion",Blackmail or other extortion,Takanini South.,NZ,Auckland Region,Auckland.,1/09/2023,0765410,Auckland Region,Teritorial Authority,Auckland,Polygon,Polygon,MultiPolygon,MultiPolygon,1,MultiPolygon,1
Auckland,"Robbery, blackmail, and extortion",Aggravated robbery,Waiuku West.,NZ,Auckland Region,Auckland.,1/08/2024,0837001,Auckland Region,Teritorial Authority,Auckland,Polygon,Polygon,MultiPolygon,MultiPolygon,2,MultiPolygon,2
Auckland,"Robbery, blackmail, and extortion",Blackmail or other extortion,Glenavon.,NZ,Auckland Region,Auckland.,1/01/2025,0381400,Auckland Region,Teritorial Authority,Auckland,Polygon,Polygon,MultiPolygon,MultiPolygon,1,MultiPolygon,1
Auckland,"Robbery, blackmail, and extortion",Non-aggravated robbery,Westlake.,NZ,Auckland Region,Auckland.,1/07/2024,0305202,Auckland Region,Teritorial Authority,Auckland,Polygon,Polygon,MultiPolygon,MultiPolygon,1,MultiPolygon,1
Auckland,"Robbery, blackmail, and extortion",Aggravated robbery,Takanini South.,NZ,Auckland Region,Auckland.,1/08/2023,0767400,Auckland Region,Teritorial Authority,Auckland,Polygon,Polygon,MultiPolygon,MultiPolygon,1,MultiPolygon,1
Auckland,"Robbery, blackmail, and extortion",Aggravated robbery,Silverdale Central.,NZ,Auckland Region,Auckland.,1/09/2024,0176504,Auckland Region,Teritorial Authority,Auckland,Polygon,Polygon,MultiPolygon,MultiPolygon,1,MultiPolygon,1
Auckland,"Robbery, blackmail, and extortion",Blackmail or other extortion,Orakei North.,NZ,Auckland Region,Auckland.,1/06/2024,0499803,Auckland Region,Teritorial Authority,Auckland,Polygon,Polygon,MultiPolygon,MultiPolygon,1,MultiPolygon,1
Auckland,"Robbery, blackmail, and extortion",Aggravated robbery,Onehunga North East.,NZ,Auckland Region,Auckland.,1/08/2023,0592900,Auckland Region,Teritorial Authority,Auckland,Polygon,Polygon,MultiPolygon,MultiPolygon,3,MultiPolygon,3
Auckland,"Robbery, blackmail, and extortion",Aggravated robbery,Fairdene.,NZ,Auckland Region,Auckland.,1/08/2023,0232800,Auckland Region,Teritorial Authority,Auckland,Polygon,Polygon,MultiPolygon,MultiPolygon,1,MultiPolygon,1
Auckland,"Robbery, blackmail, and extortion",Blackmail or other extortion,Otara East.,NZ,Auckland Region,Auckland.,1/06/2024,0701000,Auckland Region,Teritorial Authority,Auckland,Polygon,Polygon,MultiPolygon,MultiPolygon,1,MultiPolygon,1
Auckland,"Robbery, blackmail, and extortion",Aggravated robbery,North Harbour East.,NZ,Auckland Region,Auckland.,1/12/2024,0180809,Auckland Region,Teritorial Authority,Auckland,Polygon,Polygon,MultiPolygon,MultiPolygon,1,MultiPolygon,1
Auckland,"Robbery, blackmail, and extortion",Aggravated robbery,Fairdene.,NZ,Auckland Region,Auckland.,1/09/2023,0230701,Auckland Region,Teritorial Authority,Auckland,Polygon,Polygon,MultiPolygon,MultiPolygon,1,MultiPolygon,1
Auckland,"Robbery, blackmail, and extortion",Aggravated robbery,Westlake.,NZ,Auckland Region,Auckland.,1/10/2023,0304100,Auckland Region,Teritorial Authority,Auckland,Polygon,Polygon,MultiPolygon,MultiPolygon,1,MultiPolygon,1
Auckland,"Robbery, blackmail, and extortion",Non-aggravated robbery,Henderson North.,NZ,Auckland Region,Auckland.,1/09/2023,0239900,Auckland Region,Teritorial Authority,Auckland,Polygon,Polygon,MultiPolygon,MultiPolygon,1,MultiPolygon,1
Auckland,"Robbery, blackmail, and extortion",Blackmail or other extortion,Auckland Harbourside.,NZ,Auckland Region,Auckland.,1/02/2024,0433005,Auckland Region,Teritorial Authority,Auckland,Polygon,Polygon,MultiPolygon,MultiPolygon,1,MultiPolygon,1
Auckland,"Robbery, blackmail, and extortion",Blackmail or other extortion,Ambury.,NZ,Auckland Region,Auckland.,1/07/2024,0723202,Auckland Region,Teritorial Authority,Auckland,MultiPolygon,Polygon,MultiPolygon,MultiPolygon,1,MultiPolygon,1
Auckland,"Robbery, blackmail, and extortion",Non-aggravated robbery,Mairangi Bay.,NZ,Auckland Region,Auckland.,1/05/2024,0151000,Auckland Region,Teritorial Authority,Auckland,Polygon,Polygon,MultiPolygon,MultiPolygon,1,MultiPolygon,1
Auckland,"Robbery, blackmail, and extortion",Blackmail or other extortion,Howick Central.,NZ,Auckland Region,Auckland.,1/02/2024,0649900,Auckland Region,Teritorial Authority,Auckland,Polygon,Polygon,MultiPolygon,MultiPolygon,1,MultiPolygon,1
Auckland,"Robbery, blackmail, and extortion",Non-aggravated robbery,Northcross.,NZ,Auckland Region,Auckland.,1/08/2024,0178608,Auckland Region,Teritorial Authority,Auckland,Polygon,Polygon,MultiPolygon,MultiPolygon,1,MultiPolygon,1
Auckland,"Robbery, blackmail, and extortion",Aggravated robbery,Onehunga South East.,NZ,Auckland Region,Auckland.,1/04/2024,0601901,Auckland Region,Teritorial Authority,Auckland,Polygon,Polygon,MultiPolygon,MultiPolygon,1,MultiPolygon,1
Auckland,"Robbery, blackmail, and extortion",Blackmail or other extortion,Howick Central.,NZ,Auckland Region,Auckland.,1/07/2024,0649900,Auckland Region,Teritorial Authority,Auckland,Polygon,Polygon,MultiPolygon,MultiPolygon,1,MultiPolygon,1
Auckland,"Robbery, blackmail, and extortion",Blackmail or other extortion,Wattle Farm.,NZ,Auckland Region,Auckland.,1/07/2024,0769014,Auckland Region,Teritorial Authority,Auckland,Polygon,Polygon,MultiPolygon,MultiPolygon,1,MultiPolygon,1
Auckland,"Robbery, blackmail, and extortion",Aggravated robbery,New Lynn North.,NZ,Auckland Region,Auckland.,1/09/2023,0267200,Auckland Region,Teritorial Authority,Auckland,Polygon,Polygon,MultiPolygon,MultiPolygon,1,MultiPolygon,1
Auckland,"Robbery, blackmail, and extortion",Aggravated robbery,Kingdale.,NZ,Auckland Region,Auckland.,1/08/2023,0231900,Auckland Region,Teritorial Authority,Auckland,Polygon,Polygon,MultiPolygon,MultiPolygon,1,MultiPolygon,1
Auckland,"Robbery, blackmail, and extortion",Blackmail or other extortion,New Lynn South.,NZ,Auckland Region,Auckland.,1/07/2024,0268200,Auckland Region,Teritorial Authority,Auckland,Polygon,Polygon,MultiPolygon,MultiPolygon,1,MultiPolygon,1
Auckland,"Robbery, blackmail, and extortion",Aggravated robbery,Titirangi South.,NZ,Auckland Region,Auckland.,1/08/2023,0295300,Auckland Region,Teritorial Authority,Auckland,Polygon,Polygon,MultiPolygon,MultiPolygon,2,MultiPolygon,2
Auckland,"Robbery, blackmail, and extortion",Blackmail or other extortion,Titirangi South.,NZ,Auckland Region,Auckland.,1/08/2024,0295900,Auckland Region,Teritorial Authority,Auckland,Polygon,Polygon,MultiPolygon,MultiPolygon,1,MultiPolygon,1
Auckland,"Robbery, blackmail, and extortion",Aggravated robbery,Henderson South.,NZ,Auckland Region,Auckland.,1/06/2024,0242900,Auckland Region,Teritorial Authority,Auckland,Polygon,Polygon,MultiPolygon,MultiPolygon,1,MultiPolygon,1
Auckland,"Robbery, blackmail, and extortion",Aggravated robbery,Mangere Central.,NZ,Auckland Region,Auckland.,1/04/2024,0740500,Auckland Region,Teritorial Authority,Auckland,Polygon,Polygon,MultiPolygon,MultiPolygon,3,MultiPolygon,3
Auckland,"Robbery, blackmail, and extortion",Blackmail or other extortion,Tamaki.,NZ,Auckland Region,Auckland.,1/09/2024,0631200,Auckland Region,Teritorial Authority,Auckland,Polygon,Polygon,MultiPolygon,MultiPolygon,1,MultiPolygon,1
Auckland,"Robbery, blackmail, and extortion",Aggravated robbery,Henderson South.,NZ,Auckland Region,Auckland.,1/02/2024,0243000,Auckland Region,Teritorial Authority,Auckland,Polygon,Polygon,MultiPolygon,MultiPolygon,1,MultiPolygon,1
Auckland,"Robbery, blackmail, and extortion",Non-aggravated robbery,Windsor Park.,NZ,Auckland Region,Auckland.,1/08/2023,0180826,Auckland Region,Teritorial Authority,Auckland,Polygon,Polygon,MultiPolygon,MultiPolygon,1,MultiPolygon,1
Auckland,"Robbery, blackmail, and extortion",Blackmail or other extortion,Auckland Central West.,NZ,Auckland Region,Auckland.,1/09/2024,0432603,Auckland Region,Teritorial Authority,Auckland,Polygon,Polygon,MultiPolygon,MultiPolygon,1,MultiPolygon,1
Auckland,"Robbery, blackmail, and extortion",Aggravated robbery,Mt Victoria.,NZ,Auckland Region,Auckland.,1/07/2024,0332000,Auckland Region,Teritorial Authority,Auckland,Polygon,Polygon,MultiPolygon,MultiPolygon,1,MultiPolygon,1
Auckland,"Robbery, blackmail, and extortion",Blackmail or other extortion,Oratia.,NZ,Auckland Region,Auckland.,1/05/2024,0278517,Auckland Region,Teritorial Authority,Auckland,Polygon,Polygon,MultiPolygon,MultiPolygon,1,MultiPolygon,1
Auckland,"Robbery, blackmail, and extortion",Blackmail or other extortion,Mangere Bridge.,NZ,Auckland Region,Auckland.,1/08/2023,0722100,Auckland Region,Teritorial Authority,Auckland,Polygon,Polygon,MultiPolygon,MultiPolygon,1,MultiPolygon,1
Auckland,"Robbery, blackmail, and extortion",Aggravated robbery,Henderson South.,NZ,Auckland Region,Auckland.,1/08/2024,0244600,Auckland Region,Teritorial Authority,Auckland,Polygon,Polygon,MultiPolygon,MultiPolygon,1,MultiPolygon,1
Auckland,"Robbery, blackmail, and extortion",Blackmail or other extortion,Auckland Central West.,NZ,Auckland Region,Auckland.,1/06/2024,0434103,Auckland Region,Teritorial Authority,Auckland,Polygon,Polygon,MultiPolygon,MultiPolygon,1,MultiPolygon,1
Auckland,"Robbery, blackmail, and extortion",Aggravated robbery,Roberton.,NZ,Auckland Region,Auckland.,1/10/2023,0382800,Auckland Region,Teritorial Authority,Auckland,Polygon,Polygon,MultiPolygon,MultiPolygon,1,MultiPolygon,1
Auckland,"Robbery, blackmail, and extortion",Aggravated robbery,Mt Victoria.,NZ,Auckland Region,Auckland.,1/12/2024,0330000,Auckland Region,Teritorial Authority,Auckland,Polygon,Polygon,MultiPolygon,MultiPolygon,1,MultiPolygon,1
Auckland,"Robbery, blackmail, and extortion",Aggravated robbery,Royal Heights.,NZ,Auckland Region,Auckland.,1/10/2023,0224416,Auckland Region,Teritorial Authority,Auckland,Polygon,Polygon,MultiPolygon,MultiPolygon,1,MultiPolygon,1
Auckland,"Robbery, blackmail, and extortion",Blackmail or other extortion,Hillsborough West.,NZ,Auckland Region,Auckland.,1/06/2024,0574000,Auckland Region,Teritorial Authority,Auckland,Polygon,Polygon,MultiPolygon,MultiPolygon,1,MultiPolygon,1
Auckland,"Robbery, blackmail, and extortion",Non-aggravated robbery,Birkenhead East.,NZ,Auckland Region,Auckland.,1/04/2025,0357300,Auckland Region,Teritorial Authority,Auckland,Polygon,Polygon,MultiPolygon,MultiPolygon,1,MultiPolygon,1
Auckland,"Robbery, blackmail, and extortion",Aggravated robbery,Sandringham West.,NZ,Auckland Region,Auckland.,1/01/2025,0540900,Auckland Region,Teritorial Authority,Auckland,Polygon,Polygon,MultiPolygon,MultiPolygon,1,MultiPolygon,1
Auckland,"Robbery, blackmail, and extortion",Aggravated robbery,Abbotts Park.,NZ,Auckland Region,Auckland.,1/02/2024,0495200,Auckland Region,Teritorial Authority,Auckland,Polygon,Polygon,MultiPolygon,MultiPolygon,1,MultiPolygon,1
Auckland,"Robbery, blackmail, and extortion",Blackmail or other extortion,Warkworth.,NZ,Auckland Region,Auckland.,1/05/2024,0140500,Auckland Region,Teritorial Authority,Auckland,Polygon,Polygon,MultiPolygon,MultiPolygon,1,MultiPolygon,1
Auckland,"Robbery, blackmail, and extortion",Aggravated robbery,Beachhaven North.,NZ,Auckland Region,Auckland.,1/12/2024,0342900,Auckland Region,Teritorial Authority,Auckland,Polygon,Polygon,MultiPolygon,MultiPolygon,1,MultiPolygon,1
Auckland,"Robbery, blackmail, and extortion",Aggravated robbery,Grafton West.,NZ,Auckland Region,Auckland.,1/01/2025,0440600,Auckland Region,Teritorial Authority,Auckland,Polygon,Polygon,MultiPolygon,MultiPolygon,1,MultiPolygon,1
Auckland,"Robbery, blackmail, and extortion",Aggravated robbery,Balmoral.,NZ,Auckland Region,Auckland.,1/08/2023,0547800,Auckland Region,Teritorial Authority,Auckland,Polygon,Polygon,MultiPolygon,MultiPolygon,1,MultiPolygon,1
Auckland,"Robbery, blackmail, and extortion",Aggravated robbery,Albany.,NZ,Auckland Region,Auckland.,1/04/2024,0178900,Auckland Region,Teritorial Authority,Auckland,Polygon,Polygon,MultiPolygon,MultiPolygon,1,MultiPolygon,1
Auckland,"Robbery, blackmail, and extortion",Aggravated robbery,Owairaka East.,NZ,Auckland Region,Auckland.,1/08/2024,0520400,Auckland Region,Teritorial Authority,Auckland,Polygon,Polygon,MultiPolygon,MultiPolygon,1,MultiPolygon,1
Auckland,"Robbery, blackmail, and extortion",Blackmail or other extortion,Mascot.,NZ,Auckland Region,Auckland.,1/10/2023,0737500,Auckland Region,Teritorial Authority,Auckland,Polygon,Polygon,MultiPolygon,MultiPolygon,1,MultiPolygon,1
Auckland,"Robbery, blackmail, and extortion",Blackmail or other extortion,Algies Bay.,NZ,Auckland Region,Auckland.,1/10/2023,0141717,Auckland Region,Teritorial Authority,Auckland,Polygon,Polygon,MultiPolygon,MultiPolygon,1,MultiPolygon,1
Auckland,"Robbery, blackmail, and extortion",Aggravated robbery,Manukau Central.,NZ,Auckland Region,Auckland.,1/09/2024,0780302,Auckland Region,Teritorial Authority,Auckland,Polygon,Polygon,MultiPolygon,MultiPolygon,1,MultiPolygon,1
Auckland,"Robbery, blackmail, and extortion",Aggravated robbery,Auckland Central West.,NZ,Auckland Region,Auckland.,1/02/2024,0433802,Auckland Region,Teritorial Authority,Auckland,Polygon,Polygon,MultiPolygon,MultiPolygon,1,MultiPolygon,1
Auckland,"Robbery, blackmail, and extortion",Non-aggravated robbery,Orewa.,NZ,Auckland Region,Auckland.,1/09/2023,0172300,Auckland Region,Teritorial Authority,Auckland,MultiPolygon,Polygon,MultiPolygon,MultiPolygon,1,MultiPolygon,1
Auckland,"Robbery, blackmail, and extortion",Aggravated robbery,Lynnmall.,NZ,Auckland Region,Auckland.,1/06/2024,0265001,Auckland Region,Teritorial Authority,Auckland,Polygon,Polygon,MultiPolygon,MultiPolygon,2,MultiPolygon,2
Auckland,"Robbery, blackmail, and extortion",Aggravated robbery,Oranga.,NZ,Auckland Region,Auckland.,1/10/2023,0603400,Auckland Region,Teritorial Authority,Auckland,Polygon,Polygon,MultiPolygon,MultiPolygon,1,MultiPolygon,1
Auckland,"Robbery, blackmail, and extortion",Aggravated robbery,Takanini South.,NZ,Auckland Region,Auckland.,1/09/2023,0767400,Auckland Region,Teritorial Authority,Auckland,Polygon,Polygon,MultiPolygon,MultiPolygon,1,MultiPolygon,1
Auckland,"Robbery, blackmail, and extortion",Non-aggravated robbery,Clendon South.,NZ,Auckland Region,Auckland.,1/09/2024,0774434,Auckland Region,Teritorial Authority,Auckland,Polygon,Polygon,MultiPolygon,MultiPolygon,2,MultiPolygon,2
Auckland,"Robbery, blackmail, and extortion",Aggravated robbery,Surrey Crescent.,NZ,Auckland Region,Auckland.,1/03/2024,0406300,Auckland Region,Teritorial Authority,Auckland,Polygon,Polygon,MultiPolygon,MultiPolygon,2,MultiPolygon,2
Auckland,"Robbery, blackmail, and extortion",Aggravated robbery,Randwick Park.,NZ,Auckland Region,Auckland.,1/12/2023,0759712,Auckland Region,Teritorial Authority,Auckland,Polygon,Polygon,MultiPolygon,MultiPolygon,1,MultiPolygon,1
Auckland,"Robbery, blackmail, and extortion",Aggravated robbery,Ferguson.,NZ,Auckland Region,Auckland.,1/07/2024,0705600,Auckland Region,Teritorial Authority,Auckland,Polygon,Polygon,MultiPolygon,MultiPolygon,3,MultiPolygon,3
Auckland,"Robbery, blackmail, and extortion",Aggravated robbery,Kingdale.,NZ,Auckland Region,Auckland.,1/02/2024,0233700,Auckland Region,Teritorial Authority,Auckland,Polygon,Polygon,MultiPolygon,MultiPolygon,1,MultiPolygon,1
Auckland,"Robbery, blackmail, and extortion",Aggravated robbery,Takanini North.,NZ,Auckland Region,Auckland.,1/04/2024,0766901,Auckland Region,Teritorial Authority,Auckland,Polygon,Polygon,MultiPolygon,MultiPolygon,1,MultiPolygon,1
Auckland,"Robbery, blackmail, and extortion",Blackmail or other extortion,Glendene North.,NZ,Auckland Region,Auckland.,1/01/2025,0276006,Auckland Region,Teritorial Authority,Auckland,Polygon,Polygon,MultiPolygon,MultiPolygon,1,MultiPolygon,1
Auckland,"Robbery, blackmail, and extortion",Aggravated robbery,Auckland Central West.,NZ,Auckland Region,Auckland.,1/09/2023,0434105,Auckland Region,Teritorial Authority,Auckland,Polygon,Polygon,MultiPolygon,MultiPolygon,2,MultiPolygon,2
Auckland,"Robbery, blackmail, and extortion",Aggravated robbery,Takanini West.,NZ,Auckland Region,Auckland.,1/03/2025,0768001,Auckland Region,Teritorial Authority,Auckland,Polygon,Polygon,MultiPolygon,MultiPolygon,1,MultiPolygon,1
Auckland,"Robbery, blackmail, and extortion",Blackmail or other extortion,Hobsonville East.,NZ,Auckland Region,Auckland.,1/01/2025,0221904,Auckland Region,Teritorial Authority,Auckland,Polygon,Polygon,MultiPolygon,MultiPolygon,1,MultiPolygon,1
Auckland,"Robbery, blackmail, and extortion",Aggravated robbery,Three Kings.,NZ,Auckland Region,Auckland.,1/02/2024,0560900,Auckland Region,Teritorial Authority,Auckland,Polygon,Polygon,MultiPolygon,MultiPolygon,5,MultiPolygon,5
Auckland,"Robbery, blackmail, and extortion",Aggravated robbery,Rewarewa.,NZ,Auckland Region,Auckland.,1/09/2023,0262100,Auckland Region,Teritorial Authority,Auckland,Polygon,Polygon,MultiPolygon,MultiPolygon,1,MultiPolygon,1
Auckland,"Robbery, blackmail, and extortion",Blackmail or other extortion,Cape Rodney.,NZ,Auckland Region,Auckland.,1/02/2025,0143900,Auckland Region,Teritorial Authority,Auckland,MultiPolygon,Polygon,MultiPolygon,MultiPolygon,1,MultiPolygon,1
Auckland,"Robbery, blackmail, and extortion",Aggravated robbery,Auckland Central East.,NZ,Auckland Region,Auckland.,1/03/2024,0437702,Auckland Region,Teritorial Authority,Auckland,Polygon,Polygon,MultiPolygon,MultiPolygon,1,MultiPolygon,1
Auckland,"Robbery, blackmail, and extortion",Aggravated robbery,Auckland Central West.,NZ,Auckland Region,Auckland.,1/07/2024,0434701,Auckland Region,Teritorial Authority,Auckland,Polygon,Polygon,MultiPolygon,MultiPolygon,1,MultiPolygon,1
Auckland,"Robbery, blackmail, and extortion",Blackmail or other extortion,Wakeling.,NZ,Auckland Region,Auckland.,1/07/2024,0256200,Auckland Region,Teritorial Authority,Auckland,Polygon,Polygon,MultiPolygon,MultiPolygon,1,MultiPolygon,1
Auckland,"Robbery, blackmail, and extortion",Aggravated robbery,Mt Wellington Domain.,NZ,Auckland Region,Auckland.,1/08/2023,0628300,Auckland Region,Teritorial Authority,Auckland,Polygon,Polygon,MultiPolygon,MultiPolygon,1,MultiPolygon,1
Auckland,"Robbery, blackmail, and extortion",Blackmail or other extortion,Hamlin.,NZ,Auckland Region,Auckland.,1/09/2024,0641501,Auckland Region,Teritorial Authority,Auckland,Polygon,Polygon,MultiPolygon,MultiPolygon,1,MultiPolygon,1
Auckland,"Robbery, blackmail, and extortion",Blackmail or other extortion,Pinehill.,NZ,Auckland Region,Auckland.,1/08/2024,0180605,Auckland Region,Teritorial Authority,Auckland,Polygon,Polygon,MultiPolygon,MultiPolygon,1,MultiPolygon,1
Auckland,"Robbery, blackmail, and extortion",Aggravated robbery,Freemans Bay.,NZ,Auckland Region,Auckland.,1/09/2023,0413800,Auckland Region,Teritorial Authority,Auckland,Polygon,Polygon,MultiPolygon,MultiPolygon,1,MultiPolygon,1
Auckland,"Robbery, blackmail, and extortion",Aggravated robbery,Otahuhu West.,NZ,Auckland Region,Auckland.,1/08/2023,0784000,Auckland Region,Teritorial Authority,Auckland,Polygon,Polygon,MultiPolygon,MultiPolygon,1,MultiPolygon,1
Auckland,"Robbery, blackmail, and extortion",Blackmail or other extortion,Henderson South.,NZ,Auckland Region,Auckland.,1/08/2024,0243700,Auckland Region,Teritorial Authority,Auckland,Polygon,Polygon,MultiPolygon,MultiPolygon,1,MultiPolygon,1
Auckland,"Robbery, blackmail, and extortion",Aggravated robbery,Auckland Harbourside.,NZ,Auckland Region,Auckland.,1/08/2023,0437902,Auckland Region,Teritorial Authority,Auckland,Polygon,Polygon,MultiPolygon,MultiPolygon,2,MultiPolygon,2
Auckland,"Robbery, blackmail, and extortion",Aggravated robbery,Harania East.,NZ,Auckland Region,Auckland.,1/10/2023,0734201,Auckland Region,Teritorial Authority,Auckland,Polygon,Polygon,MultiPolygon,MultiPolygon,1,MultiPolygon,1
Auckland,"Robbery, blackmail, and extortion",Blackmail or other extortion,North Harbour West.,NZ,Auckland Region,Auckland.,1/09/2024,0180102,Auckland Region,Teritorial Authority,Auckland,Polygon,Polygon,MultiPolygon,MultiPolygon,1,MultiPolygon,1
Auckland,"Robbery, blackmail, and extortion",Aggravated robbery,Manukau Central.,NZ,Auckland Region,Auckland.,1/09/2023,0780403,Auckland Region,Teritorial Authority,Auckland,Polygon,Polygon,MultiPolygon,MultiPolygon,2,MultiPolygon,2
Auckland,"Robbery, blackmail, and extortion",Blackmail or other extortion,West Harbour.,NZ,Auckland Region,Auckland.,1/09/2024,0224234,Auckland Region,Teritorial Authority,Auckland,Polygon,Polygon,MultiPolygon,MultiPolygon,1,MultiPolygon,1
Auckland,"Robbery, blackmail, and extortion",Blackmail or other extortion,Otahuhu West.,NZ,Auckland Region,Auckland.,1/08/2023,0781900,Auckland Region,Teritorial Authority,Auckland,Polygon,Polygon,MultiPolygon,MultiPolygon,1,MultiPolygon,1
Auckland,"Robbery, blackmail, and extortion",Blackmail or other extortion,McLaren Park.,NZ,Auckland Region,Auckland.,1/06/2024,0281512,Auckland Region,Teritorial Authority,Auckland,Polygon,Polygon,MultiPolygon,MultiPolygon,1,MultiPolygon,1
Auckland,"Robbery, blackmail, and extortion",Aggravated robbery,Manurewa Central.,NZ,Auckland Region,Auckland.,1/05/2024,0751400,Auckland Region,Teritorial Authority,Auckland,Polygon,Polygon,MultiPolygon,MultiPolygon,1,MultiPolygon,1
Auckland,"Robbery, blackmail, and extortion",Blackmail or other extortion,Murrays Bay.,NZ,Auckland Region,Auckland.,1/06/2024,0155901,Auckland Region,Teritorial Authority,Auckland,Polygon,Polygon,MultiPolygon,MultiPolygon,1,MultiPolygon,1
Auckland,"Robbery, blackmail, and extortion",Aggravated robbery,Favona West.,NZ,Auckland Region,Auckland.,1/10/2023,0729600,Auckland Region,Teritorial Authority,Auckland,Polygon,Polygon,MultiPolygon,MultiPolygon,1,MultiPolygon,1
Auckland,"Robbery, blackmail, and extortion",Aggravated robbery,Fairdene.,NZ,Auckland Region,Auckland.,1/02/2025,0230802,Auckland Region,Teritorial Authority,Auckland,Polygon,Polygon,MultiPolygon,MultiPolygon,1,MultiPolygon,1
Auckland,"Robbery, blackmail, and extortion",Aggravated robbery,Hillpark.,NZ,Auckland Region,Auckland.,1/06/2024,0757100,Auckland Region,Teritorial Authority,Auckland,Polygon,Polygon,MultiPolygon,MultiPolygon,1,MultiPolygon,1
Auckland,"Robbery, blackmail, and extortion",Blackmail or other extortion,Hauraki.,NZ,Auckland Region,Auckland.,1/07/2024,0323900,Auckland Region,Teritorial Authority,Auckland,Polygon,Polygon,MultiPolygon,MultiPolygon,2,MultiPolygon,2
Auckland,"Robbery, blackmail, and extortion",Aggravated robbery,Dingwall.,NZ,Auckland Region,Auckland.,1/08/2024,0666800,Auckland Region,Teritorial Authority,Auckland,Polygon,Polygon,MultiPolygon,MultiPolygon,1,MultiPolygon,1
Auckland,"Robbery, blackmail, and extortion",Aggravated robbery,Massey Park.,NZ,Auckland Region,Auckland.,1/08/2024,0797700,Auckland Region,Teritorial Authority,Auckland,Polygon,Polygon,MultiPolygon,MultiPolygon,2,MultiPolygon,2
Auckland,"Robbery, blackmail, and extortion",Aggravated robbery,Murvale.,NZ,Auckland Region,Auckland.,1/08/2023,0680808,Auckland Region,Teritorial Authority,Auckland,Polygon,Polygon,MultiPolygon,MultiPolygon,1,MultiPolygon,1
Auckland,"Robbery, blackmail, and extortion",Aggravated robbery,Kohimarama West.,NZ,Auckland Region,Auckland.,1/01/2025,0505301,Auckland Region,Teritorial Authority,Auckland,Polygon,Polygon,MultiPolygon,MultiPolygon,1,MultiPolygon,1
Auckland,"Robbery, blackmail, and extortion",Aggravated robbery,Auckland Central West.,NZ,Auckland Region,Auckland.,1/08/2023,0434603,Auckland Region,Teritorial Authority,Auckland,Polygon,Polygon,MultiPolygon,MultiPolygon,1,MultiPolygon,1
Auckland,"Robbery, blackmail, and extortion",Aggravated robbery,Lynnmall.,NZ,Auckland Region,Auckland.,1/02/2025,0265002,Auckland Region,Teritorial Authority,Auckland,Polygon,Polygon,MultiPolygon,MultiPolygon,1,MultiPolygon,1
Auckland,"Robbery, blackmail, and extortion",Aggravated robbery,Onehunga South East.,NZ,Auckland Region,Auckland.,1/10/2023,0600900,Auckland Region,Teritorial Authority,Auckland,Polygon,Polygon,MultiPolygon,MultiPolygon,1,MultiPolygon,1
Auckland,"Robbery, blackmail, and extortion",Aggravated robbery,Elsmore Park.,NZ,Auckland Region,Auckland.,1/02/2025,0682900,Auckland Region,Teritorial Authority,Auckland,Polygon,Polygon,MultiPolygon,MultiPolygon,1,MultiPolygon,1
Auckland,"Robbery, blackmail, and extortion",Aggravated robbery,Oratia.,NZ,Auckland Region,Auckland.,1/12/2023,0278516,Auckland Region,Teritorial Authority,Auckland,Polygon,Polygon,MultiPolygon,MultiPolygon,1,MultiPolygon,1
Auckland,"Robbery, blackmail, and extortion",Aggravated robbery,Manukau Central.,NZ,Auckland Region,Auckland.,1/06/2024,0780209,Auckland Region,Teritorial Authority,Auckland,Polygon,Polygon,MultiPolygon,MultiPolygon,1,MultiPolygon,1
Auckland,"Robbery, blackmail, and extortion",Aggravated robbery,Homai East.,NZ,Auckland Region,Auckland.,1/08/2024,0777800,Auckland Region,Teritorial Authority,Auckland,Polygon,Polygon,MultiPolygon,MultiPolygon,1,MultiPolygon,1
Auckland,"Robbery, blackmail, and extortion",Aggravated robbery,Three Kings.,NZ,Auckland Region,Auckland.,1/09/2024,0561000,Auckland Region,Teritorial Authority,Auckland,Polygon,Polygon,MultiPolygon,MultiPolygon,1,MultiPolygon,1
Auckland,"Robbery, blackmail, and extortion",Aggravated robbery,Harania West.,NZ,Auckland Region,Auckland.,1/08/2024,0735800,Auckland Region,Teritorial Authority,Auckland,Polygon,Polygon,MultiPolygon,MultiPolygon,1,MultiPolygon,1
Auckland,"Robbery, blackmail, and extortion",Aggravated robbery,Wellsford.,NZ,Auckland Region,Auckland.,1/05/2024,0143600,Auckland Region,Teritorial Authority,Auckland,Polygon,Polygon,MultiPolygon,MultiPolygon,1,MultiPolygon,1
Auckland,"Robbery, blackmail, and extortion",Aggravated robbery,Manurewa Central.,NZ,Auckland Region,Auckland.,1/04/2024,0751400,Auckland Region,Teritorial Authority,Auckland,Polygon,Polygon,MultiPolygon,MultiPolygon,1,MultiPolygon,1
Auckland,"Robbery, blackmail, and extortion",Aggravated robbery,Hingaia.,NZ,Auckland Region,Auckland.,1/01/2025,0806604,Auckland Region,Teritorial Authority,Auckland,Polygon,Polygon,MultiPolygon,MultiPolygon,1,MultiPolygon,1
Auckland,"Robbery, blackmail, and extortion",Aggravated robbery,Glen Innes West.,NZ,Auckland Region,Auckland.,1/01/2025,0475000,Auckland Region,Teritorial Authority,Auckland,Polygon,Polygon,MultiPolygon,MultiPolygon,1,MultiPolygon,1
Auckland,"Robbery, blackmail, and extortion",Aggravated robbery,Oranga.,NZ,Auckland Region,Auckland.,1/04/2025,0602600,Auckland Region,Teritorial Authority,Auckland,Polygon,Polygon,MultiPolygon,MultiPolygon,1,MultiPolygon,1
Auckland,"Robbery, blackmail, and extortion",Aggravated robbery,Orakei North.,NZ,Auckland Region,Auckland.,1/01/2025,0498801,Auckland Region,Teritorial Authority,Auckland,Polygon,Polygon,MultiPolygon,MultiPolygon,1,MultiPolygon,1
Auckland,"Robbery, blackmail, and extortion",Aggravated robbery,Point England.,NZ,Auckland Region,Auckland.,1/12/2023,0477201,Auckland Region,Teritorial Authority,Auckland,Polygon,Polygon,MultiPolygon,MultiPolygon,2,MultiPolygon,2
Auckland,"Robbery, blackmail, and extortion",Aggravated robbery,Onehunga South East.,NZ,Auckland Region,Auckland.,1/01/2025,0601901,Auckland Region,Teritorial Authority,Auckland,Polygon,Polygon,MultiPolygon,MultiPolygon,1,MultiPolygon,1
Auckland,"Robbery, blackmail, and extortion",Aggravated robbery,Lynnmall.,NZ,Auckland Region,Auckland.,1/10/2024,0266000,Auckland Region,Teritorial Authority,Auckland,Polygon,Polygon,MultiPolygon,MultiPolygon,3,MultiPolygon,3
Auckland,"Robbery, blackmail, and extortion",Aggravated robbery,Auckland Central West.,NZ,Auckland Region,Auckland.,1/02/2025,0435802,Auckland Region,Teritorial Authority,Auckland,Polygon,Polygon,MultiPolygon,MultiPolygon,1,MultiPolygon,1
Auckland,"Robbery, blackmail, and extortion",Aggravated robbery,Penrose.,NZ,Auckland Region,Auckland.,1/12/2023,0620900,Auckland Region,Teritorial Authority,Auckland,Polygon,Polygon,MultiPolygon,MultiPolygon,1,MultiPolygon,1
Auckland,"Robbery, blackmail, and extortion",Aggravated robbery,Mt Eden South.,NZ,Auckland Region,Auckland.,1/06/2024,0558200,Auckland Region,Teritorial Authority,Auckland,Polygon,Polygon,MultiPolygon,MultiPolygon,1,MultiPolygon,1
Auckland,"Robbery, blackmail, and extortion",Aggravated robbery,Point England.,NZ,Auckland Region,Auckland.,1/08/2024,0478500,Auckland Region,Teritorial Authority,Auckland,Polygon,Polygon,MultiPolygon,MultiPolygon,1,MultiPolygon,1
Auckland,"Robbery, blackmail, and extortion",Aggravated robbery,Papatoetoe North.,NZ,Auckland Region,Auckland.,1/09/2024,0663200,Auckland Region,Teritorial Authority,Auckland,Polygon,Polygon,MultiPolygon,MultiPolygon,1,MultiPolygon,1
Auckland,"Robbery, blackmail, and extortion",Aggravated robbery,Aorere.,NZ,Auckland Region,Auckland.,1/12/2024,0745000,Auckland Region,Teritorial Authority,Auckland,Polygon,Polygon,MultiPolygon,MultiPolygon,1,MultiPolygon,1
Auckland,"Robbery, blackmail, and extortion",Aggravated robbery,Point Chevalier East.,NZ,Auckland Region,Auckland.,1/05/2024,0390701,Auckland Region,Teritorial Authority,Auckland,Polygon,Polygon,MultiPolygon,MultiPolygon,2,MultiPolygon,2
Auckland,"Robbery, blackmail, and extortion",Blackmail or other extortion,Manukau Central.,NZ,Auckland Region,Auckland.,1/04/2025,0780204,Auckland Region,Teritorial Authority,Auckland,Polygon,Polygon,MultiPolygon,MultiPolygon,1,MultiPolygon,1
Auckland,"Robbery, blackmail, and extortion",Aggravated robbery,Royal Road West.,NZ,Auckland Region,Auckland.,1/01/2025,0224900,Auckland Region,Teritorial Authority,Auckland,Polygon,Polygon,MultiPolygon,MultiPolygon,2,MultiPolygon,2
Auckland,"Robbery, blackmail, and extortion",Aggravated robbery,Clendon South.,NZ,Auckland Region,Auckland.,1/09/2023,0774442,Auckland Region,Teritorial Authority,Auckland,Polygon,Polygon,MultiPolygon,MultiPolygon,1,MultiPolygon,1
Auckland,"Robbery, blackmail, and extortion",Aggravated robbery,Birkdale North.,NZ,Auckland Region,Auckland.,1/08/2024,0348800,Auckland Region,Teritorial Authority,Auckland,Polygon,Polygon,MultiPolygon,MultiPolygon,3,MultiPolygon,3
Auckland,"Robbery, blackmail, and extortion",Aggravated robbery,Manurewa East.,NZ,Auckland Region,Auckland.,1/12/2023,0757800,Auckland Region,Teritorial Authority,Auckland,Polygon,Polygon,MultiPolygon,MultiPolygon,1,MultiPolygon,1
Auckland,"Robbery, blackmail, and extortion",Aggravated robbery,Hingaia.,NZ,Auckland Region,Auckland.,1/10/2024,0806604,Auckland Region,Teritorial Authority,Auckland,Polygon,Polygon,MultiPolygon,MultiPolygon,1,MultiPolygon,1
Auckland,"Robbery, blackmail, and extortion",Aggravated robbery,Manurewa Central.,NZ,Auckland Region,Auckland.,1/09/2024,0752400,Auckland Region,Teritorial Authority,Auckland,Polygon,Polygon,MultiPolygon,MultiPolygon,1,MultiPolygon,1
Auckland,"Robbery, blackmail, and extortion",Aggravated robbery,Remuera South.,NZ,Auckland Region,Auckland.,1/03/2025,0492500,Auckland Region,Teritorial Authority,Auckland,Polygon,Polygon,MultiPolygon,MultiPolygon,1,MultiPolygon,1
Auckland,"Robbery, blackmail, and extortion",Aggravated robbery,Newton.,NZ,Auckland Region,Auckland.,1/04/2024,0412401,Auckland Region,Teritorial Authority,Auckland,Polygon,Polygon,MultiPolygon,MultiPolygon,1,MultiPolygon,1
Auckland,"Robbery, blackmail, and extortion",Aggravated robbery,Springleigh.,NZ,Auckland Region,Auckland.,1/06/2024,0524800,Auckland Region,Teritorial Authority,Auckland,Polygon,Polygon,MultiPolygon,MultiPolygon,1,MultiPolygon,1
Auckland,"Robbery, blackmail, and extortion",Aggravated robbery,Manukau Central.,NZ,Auckland Region,Auckland.,1/06/2024,0780209,Auckland Region,Teritorial Authority,Auckland,Polygon,Polygon,MultiPolygon,MultiPolygon,1,MultiPolygon,1
Auckland,"Robbery, blackmail, and extortion",Aggravated robbery,Burbank.,NZ,Auckland Region,Auckland.,1/08/2024,0774900,Auckland Region,Teritorial Authority,Auckland,Polygon,Polygon,MultiPolygon,MultiPolygon,1,MultiPolygon,1
Auckland,"Robbery, blackmail, and extortion",Aggravated robbery,Mt Wellington North.,NZ,Auckland Region,Auckland.,1/06/2024,0627205,Auckland Region,Teritorial Authority,Auckland,Polygon,Polygon,MultiPolygon,MultiPolygon,1,MultiPolygon,1
Auckland,"Robbery, blackmail, and extortion",Aggravated robbery,Mt Eden South.,NZ,Auckland Region,Auckland.,1/08/2024,0558000,Auckland Region,Teritorial Authority,Auckland,Polygon,Polygon,MultiPolygon,MultiPolygon,1,MultiPolygon,1
Auckland,"Robbery, blackmail, and extortion",Aggravated robbery,Point England.,NZ,Auckland Region,Auckland.,1/07/2024,0477201,Auckland Region,Teritorial Authority,Auckland,Polygon,Polygon,MultiPolygon,MultiPolygon,1,MultiPolygon,1
Auckland,"Robbery, blackmail, and extortion",Aggravated robbery,Pakuranga East.,NZ,Auckland Region,Auckland.,1/02/2025,0688800,Auckland Region,Teritorial Authority,Auckland,Polygon,Polygon,MultiPolygon,MultiPolygon,2,MultiPolygon,2
Auckland,"Robbery, blackmail, and extortion",Aggravated robbery,Manukau Central.,NZ,Auckland Region,Auckland.,1/09/2024,0780209,Auckland Region,Teritorial Authority,Auckland,Polygon,Polygon,MultiPolygon,MultiPolygon,1,MultiPolygon,1
Auckland,"Robbery, blackmail, and extortion",Aggravated robbery,Ferguson.,NZ,Auckland Region,Auckland.,1/09/2024,0710100,Auckland Region,Teritorial Authority,Auckland,Polygon,Polygon,MultiPolygon,MultiPolygon,1,MultiPolygon,1
Auckland,"Robbery, blackmail, and extortion",Aggravated robbery,Glen Innes West.,NZ,Auckland Region,Auckland.,1/12/2024,0476100,Auckland Region,Teritorial Authority,Auckland,Polygon,Polygon,MultiPolygon,MultiPolygon,1,MultiPolygon,1
Auckland,"Robbery, blackmail, and extortion",Aggravated robbery,Fruitvale.,NZ,Auckland Region,Auckland.,1/10/2024,0263500,Auckland Region,Teritorial Authority,Auckland,Polygon,Polygon,MultiPolygon,MultiPolygon,1,MultiPolygon,1
Auckland,"Robbery, blackmail, and extortion",Aggravated robbery,Hamlin.,NZ,Auckland Region,Auckland.,1/04/2024,0641502,Auckland Region,Teritorial Authority,Auckland,Polygon,Polygon,MultiPolygon,MultiPolygon,1,MultiPolygon,1
Auckland,"Robbery, blackmail, and extortion",Aggravated robbery,Walmsley.,NZ,Auckland Region,Auckland.,1/05/2024,0578400,Auckland Region,Teritorial Authority,Auckland,Polygon,Polygon,MultiPolygon,MultiPolygon,1,MultiPolygon,1
Auckland,"Robbery, blackmail, and extortion",Aggravated robbery,Henderson South.,NZ,Auckland Region,Auckland.,1/09/2024,0244600,Auckland Region,Teritorial Authority,Auckland,Polygon,Polygon,MultiPolygon,MultiPolygon,1,MultiPolygon,1
Auckland,"Robbery, blackmail, and extortion",Aggravated robbery,Kelston Central.,NZ,Auckland Region,Auckland.,1/09/2024,0272300,Auckland Region,Teritorial Authority,Auckland,Polygon,Polygon,MultiPolygon,MultiPolygon,2,MultiPolygon,2
Auckland,"Robbery, blackmail, and extortion",Aggravated robbery,Beachhaven North.,NZ,Auckland Region,Auckland.,1/12/2023,0342000,Auckland Region,Teritorial Authority,Auckland,Polygon,Polygon,MultiPolygon,MultiPolygon,1,MultiPolygon,1
Auckland,"Robbery, blackmail, and extortion",Aggravated robbery,Redoubt North.,NZ,Auckland Region,Auckland.,1/05/2024,0715904,Auckland Region,Teritorial Authority,Auckland,Polygon,Polygon,MultiPolygon,MultiPolygon,2,MultiPolygon,2
Auckland,"Robbery, blackmail, and extortion",Aggravated robbery,Stanmore Bay West.,NZ,Auckland Region,Auckland.,1/12/2024,0173408,Auckland Region,Teritorial Authority,Auckland,Polygon,Polygon,MultiPolygon,MultiPolygon,1,MultiPolygon,1
Auckland,"Robbery, blackmail, and extortion",Aggravated robbery,Papatoetoe North.,NZ,Auckland Region,Auckland.,1/06/2024,0662400,Auckland Region,Teritorial Authority,Auckland,Polygon,Polygon,MultiPolygon,MultiPolygon,5,MultiPolygon,5
Auckland,"Robbery, blackmail, and extortion",Aggravated robbery,Westgate.,NZ,Auckland Region,Auckland.,1/10/2024,0224306,Auckland Region,Teritorial Authority,Auckland,Polygon,Polygon,MultiPolygon,MultiPolygon,2,MultiPolygon,2
Auckland,"Robbery, blackmail, and extortion",Aggravated robbery,Hillpark.,NZ,Auckland Region,Auckland.,1/01/2025,0757400,Auckland Region,Teritorial Authority,Auckland,Polygon,Polygon,MultiPolygon,MultiPolygon,1,MultiPolygon,1
Auckland,"Robbery, blackmail, and extortion",Aggravated robbery,Glendene North.,NZ,Auckland Region,Auckland.,1/04/2024,0274202,Auckland Region,Teritorial Authority,Auckland,Polygon,Polygon,MultiPolygon,MultiPolygon,4,MultiPolygon,4
Auckland,"Robbery, blackmail, and extortion",Aggravated robbery,Auckland Central East.,NZ,Auckland Region,Auckland.,1/06/2024,0436300,Auckland Region,Teritorial Authority,Auckland,Polygon,Polygon,MultiPolygon,MultiPolygon,1,MultiPolygon,1
Auckland,"Robbery, blackmail, and extortion",Blackmail or other extortion,Waimumu North.,NZ,Auckland Region,Auckland.,1/07/2024,0227009,Auckland Region,Teritorial Authority,Auckland,Polygon,Polygon,MultiPolygon,MultiPolygon,2,MultiPolygon,2
Auckland,"Robbery, blackmail, and extortion",Aggravated robbery,Dingwall.,NZ,Auckland Region,Auckland.,1/09/2024,0665800,Auckland Region,Teritorial Authority,Auckland,Polygon,Polygon,MultiPolygon,MultiPolygon,1,MultiPolygon,1
Auckland,"Robbery, blackmail, and extortion",Aggravated robbery,Papakura East.,NZ,Auckland Region,Auckland.,1/04/2025,0797500,Auckland Region,Teritorial Authority,Auckland,Polygon,Polygon,MultiPolygon,MultiPolygon,1,MultiPolygon,1
Auckland,"Robbery, blackmail, and extortion",Aggravated robbery,Mt Wellington North.,NZ,Auckland Region,Auckland.,1/09/2024,0627300,Auckland Region,Teritorial Authority,Auckland,Polygon,Polygon,MultiPolygon,MultiPolygon,1,MultiPolygon,1
Auckland,"Robbery, blackmail, and extortion",Aggravated robbery,Totara Heights.,NZ,Auckland Region,Auckland.,1/08/2023,0759523,Auckland Region,Teritorial Authority,Auckland,Polygon,Polygon,MultiPolygon,MultiPolygon,1,MultiPolygon,1
Auckland,"Robbery, blackmail, and extortion",Aggravated robbery,Clendon South.,NZ,Auckland Region,Auckland.,1/05/2024,0774431,Auckland Region,Teritorial Authority,Auckland,Polygon,Polygon,MultiPolygon,MultiPolygon,1,MultiPolygon,1
Auckland,"Robbery, blackmail, and extortion",Aggravated robbery,Randwick Park.,NZ,Auckland Region,Auckland.,1/10/2024,0759735,Auckland Region,Teritorial Authority,Auckland,Polygon,Polygon,MultiPolygon,MultiPolygon,2,MultiPolygon,2
Auckland,"Robbery, blackmail, and extortion",Aggravated robbery,Kelston Central.,NZ,Auckland Region,Auckland.,1/05/2024,0272300,Auckland Region,Teritorial Authority,Auckland,Polygon,Polygon,MultiPolygon,MultiPolygon,3,MultiPolygon,3
Auckland,"Robbery, blackmail, and extortion",Aggravated robbery,Ormiston.,NZ,Auckland Region,Auckland.,1/08/2023,0712701,Auckland Region,Teritorial Authority,Auckland,Polygon,Polygon,MultiPolygon,MultiPolygon,1,MultiPolygon,1
Auckland,"Robbery, blackmail, and extortion",Aggravated robbery,Donegal Park.,NZ,Auckland Region,Auckland.,1/09/2024,0712804,Auckland Region,Teritorial Authority,Auckland,Polygon,Polygon,MultiPolygon,MultiPolygon,1,MultiPolygon,1
Auckland,"Robbery, blackmail, and extortion",Aggravated robbery,Mt Eden North.,NZ,Auckland Region,Auckland.,1/05/2024,0542800,Auckland Region,Teritorial Authority,Auckland,Polygon,Polygon,MultiPolygon,MultiPolygon,1,MultiPolygon,1
Auckland,"Robbery, blackmail, and extortion",Aggravated robbery,Burbank.,NZ,Auckland Region,Auckland.,1/09/2024,0774900,Auckland Region,Teritorial Authority,Auckland,Polygon,Polygon,MultiPolygon,MultiPolygon,1,MultiPolygon,1
Auckland,"Robbery, blackmail, and extortion",Aggravated robbery,Auckland Central East.,NZ,Auckland Region,Auckland.,1/08/2024,0437000,Auckland Region,Teritorial Authority,Auckland,Polygon,Polygon,MultiPolygon,MultiPolygon,1,MultiPolygon,1
Auckland,"Robbery, blackmail, and extortion",Aggravated robbery,Papatoetoe North.,NZ,Auckland Region,Auckland.,1/01/2025,0663200,Auckland Region,Teritorial Authority,Auckland,Polygon,Polygon,MultiPolygon,MultiPolygon,2,MultiPolygon,2
Auckland,"Robbery, blackmail, and extortion",Aggravated robbery,Wattle Farm.,NZ,Auckland Region,Auckland.,1/10/2024,0769011,Auckland Region,Teritorial Authority,Auckland,Polygon,Polygon,MultiPolygon,MultiPolygon,1,MultiPolygon,1
Auckland,"Robbery, blackmail, and extortion",Aggravated robbery,Blockhouse Bay.,NZ,Auckland Region,Auckland.,1/05/2024,0368500,Auckland Region,Teritorial Authority,Auckland,Polygon,Polygon,MultiPolygon,MultiPolygon,2,MultiPolygon,2
Auckland,"Robbery, blackmail, and extortion",Aggravated robbery,Onehunga South East.,NZ,Auckland Region,Auckland.,1/07/2024,0600800,Auckland Region,Teritorial Authority,Auckland,Polygon,Polygon,MultiPolygon,MultiPolygon,2,MultiPolygon,2
Auckland,"Robbery, blackmail, and extortion",Blackmail or other extortion,Remuera South.,NZ,Auckland Region,Auckland.,1/10/2023,0494100,Auckland Region,Teritorial Authority,Auckland,Polygon,Polygon,MultiPolygon,MultiPolygon,1,MultiPolygon,1
Auckland,"Robbery, blackmail, and extortion",Aggravated robbery,Kelston Central.,NZ,Auckland Region,Auckland.,1/06/2024,0272300,Auckland Region,Teritorial Authority,Auckland,Polygon,Polygon,MultiPolygon,MultiPolygon,4,MultiPolygon,4
Auckland,"Robbery, blackmail, and extortion",Aggravated robbery,Auckland Harbourside.,NZ,Auckland Region,Auckland.,1/09/2023,0432900,Auckland Region,Teritorial Authority,Auckland,Polygon,Polygon,MultiPolygon,MultiPolygon,1,MultiPolygon,1
Auckland,"Robbery, blackmail, and extortion",Aggravated robbery,Henderson South.,NZ,Auckland Region,Auckland.,1/06/2024,0241500,Auckland Region,Teritorial Authority,Auckland,Polygon,Polygon,MultiPolygon,MultiPolygon,1,MultiPolygon,1
Auckland,"Robbery, blackmail, and extortion",Aggravated robbery,Otahuhu North.,NZ,Auckland Region,Auckland.,1/09/2023,0786801,Auckland Region,Teritorial Authority,Auckland,Polygon,Polygon,MultiPolygon,MultiPolygon,1,MultiPolygon,1
Auckland,"Robbery, blackmail, and extortion",Aggravated robbery,Glen Eden East.,NZ,Auckland Region,Auckland.,1/01/2025,0285202,Auckland Region,Teritorial Authority,Auckland,Polygon,Polygon,MultiPolygon,MultiPolygon,1,MultiPolygon,1
Auckland,"Robbery, blackmail, and extortion",Aggravated robbery,Point Chevalier East.,NZ,Auckland Region,Auckland.,1/10/2023,0396000,Auckland Region,Teritorial Authority,Auckland,Polygon,Polygon,MultiPolygon,MultiPolygon,1,MultiPolygon,1
Auckland,"Robbery, blackmail, and extortion",Aggravated robbery,Papakura North East.,NZ,Auckland Region,Auckland.,1/05/2024,0794600,Auckland Region,Teritorial Authority,Auckland,Polygon,Polygon,MultiPolygon,MultiPolygon,1,MultiPolygon,1
Auckland,"Robbery, blackmail, and extortion",Aggravated robbery,Glen Eden East.,NZ,Auckland Region,Auckland.,1/12/2023,0286200,Auckland Region,Teritorial Authority,Auckland,Polygon,Polygon,MultiPolygon,MultiPolygon,1,MultiPolygon,1
Auckland,"Robbery, blackmail, and extortion",Aggravated robbery,Papakura North East.,NZ,Auckland Region,Auckland.,1/08/2024,0793900,Auckland Region,Teritorial Authority,Auckland,Polygon,Polygon,MultiPolygon,MultiPolygon,3,MultiPolygon,3
Auckland,"Robbery, blackmail, and extortion",Aggravated robbery,St Lukes North.,NZ,Auckland Region,Auckland.,1/12/2023,0405600,Auckland Region,Teritorial Authority,Auckland,Polygon,Polygon,MultiPolygon,MultiPolygon,1,MultiPolygon,1
Auckland,"Robbery, blackmail, and extortion",Blackmail or other extortion,Papatoetoe West.,NZ,Auckland Region,Auckland.,1/01/2025,0659300,Auckland Region,Teritorial Authority,Auckland,Polygon,Polygon,MultiPolygon,MultiPolygon,1,MultiPolygon,1
Auckland,"Robbery, blackmail, and extortion",Aggravated robbery,Grafton East.,NZ,Auckland Region,Auckland.,1/08/2024,0442900,Auckland Region,Teritorial Authority,Auckland,Polygon,Polygon,MultiPolygon,MultiPolygon,1,MultiPolygon,1
Auckland,"Robbery, blackmail, and extortion",Aggravated robbery,Mangere Central.,NZ,Auckland Region,Auckland.,1/01/2025,0740400,Auckland Region,Teritorial Authority,Auckland,Polygon,Polygon,MultiPolygon,MultiPolygon,1,MultiPolygon,1
Auckland,"Robbery, blackmail, and extortion",Aggravated robbery,Mt Hobson.,NZ,Auckland Region,Auckland.,1/10/2024,0491302,Auckland Region,Teritorial Authority,Auckland,Polygon,Polygon,MultiPolygon,MultiPolygon,1,MultiPolygon,1
Auckland,"Robbery, blackmail, and extortion",Aggravated robbery,Edgewater.,NZ,Auckland Region,Auckland.,1/01/2025,0684500,Auckland Region,Teritorial Authority,Auckland,Polygon,Polygon,MultiPolygon,MultiPolygon,1,MultiPolygon,1
Auckland,"Robbery, blackmail, and extortion",Aggravated robbery,Epsom Central.,NZ,Auckland Region,Auckland.,1/09/2023,0446700,Auckland Region,Teritorial Authority,Auckland,Polygon,Polygon,MultiPolygon,MultiPolygon,3,MultiPolygon,3
Auckland,"Robbery, blackmail, and extortion",Aggravated robbery,Burswood.,NZ,Auckland Region,Auckland.,1/09/2024,0711408,Auckland Region,Teritorial Authority,Auckland,Polygon,Polygon,MultiPolygon,MultiPolygon,1,MultiPolygon,1
Auckland,"Robbery, blackmail, and extortion",Aggravated robbery,Mt St John.,NZ,Auckland Region,Auckland.,1/05/2024,0613700,Auckland Region,Teritorial Authority,Auckland,Polygon,Polygon,MultiPolygon,MultiPolygon,1,MultiPolygon,1
Auckland,"Robbery, blackmail, and extortion",Aggravated robbery,Kelston Central.,NZ,Auckland Region,Auckland.,1/05/2024,0270202,Auckland Region,Teritorial Authority,Auckland,Polygon,Polygon,MultiPolygon,MultiPolygon,2,MultiPolygon,2
Auckland,"Robbery, blackmail, and extortion",Aggravated robbery,Leabank.,NZ,Auckland Region,Auckland.,1/06/2024,0771300,Auckland Region,Teritorial Authority,Auckland,Polygon,Polygon,MultiPolygon,MultiPolygon,1,MultiPolygon,1
Auckland,"Robbery, blackmail, and extortion",Aggravated robbery,Arahanga.,NZ,Auckland Region,Auckland.,1/08/2024,0737600,Auckland Region,Teritorial Authority,Auckland,Polygon,Polygon,MultiPolygon,MultiPolygon,1,MultiPolygon,1
Auckland,"Robbery, blackmail, and extortion",Aggravated robbery,Redoubt South.,NZ,Auckland Region,Auckland.,1/01/2025,0760000,Auckland Region,Teritorial Authority,Auckland,Polygon,Polygon,MultiPolygon,MultiPolygon,1,MultiPolygon,1
Auckland,"Robbery, blackmail, and extortion",Aggravated robbery,Dingwall.,NZ,Auckland Region,Auckland.,1/08/2024,0666800,Auckland Region,Teritorial Authority,Auckland,Polygon,Polygon,MultiPolygon,MultiPolygon,1,MultiPolygon,1
Auckland,"Robbery, blackmail, and extortion",Aggravated robbery,Beachlands-Maraetai.,NZ,Auckland Region,Auckland.,1/07/2024,0720200,Auckland Region,Teritorial Authority,Auckland,MultiPolygon,Polygon,MultiPolygon,MultiPolygon,1,MultiPolygon,1
Auckland,"Robbery, blackmail, and extortion",Aggravated robbery,Mt Wellington South.,NZ,Auckland Region,Auckland.,1/12/2024,0638906,Auckland Region,Teritorial Authority,Auckland,Polygon,Polygon,MultiPolygon,MultiPolygon,1,MultiPolygon,1
Auckland,"Robbery, blackmail, and extortion",Aggravated robbery,Drury.,NZ,Auckland Region,Auckland.,1/10/2024,0809300,Auckland Region,Teritorial Authority,Auckland,Polygon,Polygon,MultiPolygon,MultiPolygon,2,MultiPolygon,2
Auckland,"Robbery, blackmail, and extortion",Aggravated robbery,Papakura Central.,NZ,Auckland Region,Auckland.,1/07/2024,0793400,Auckland Region,Teritorial Authority,Auckland,Polygon,Polygon,MultiPolygon,MultiPolygon,3,MultiPolygon,3
Auckland,"Robbery, blackmail, and extortion",Aggravated robbery,Woodglen.,NZ,Auckland Region,Auckland.,1/01/2025,0284701,Auckland Region,Teritorial Authority,Auckland,Polygon,Polygon,MultiPolygon,MultiPolygon,1,MultiPolygon,1
Auckland,"Robbery, blackmail, and extortion",Aggravated robbery,Manurewa Central.,NZ,Auckland Region,Auckland.,1/12/2024,0751400,Auckland Region,Teritorial Authority,Auckland,Polygon,Polygon,MultiPolygon,MultiPolygon,1,MultiPolygon,1
Auckland,"Robbery, blackmail, and extortion",Aggravated robbery,Glen Innes West.,NZ,Auckland Region,Auckland.,1/01/2025,0475000,Auckland Region,Teritorial Authority,Auckland,Polygon,Polygon,MultiPolygon,MultiPolygon,1,MultiPolygon,1
Auckland,"Robbery, blackmail, and extortion",Aggravated robbery,Wesley.,NZ,Auckland Region,Auckland.,1/08/2024,0579200,Auckland Region,Teritorial Authority,Auckland,Polygon,Polygon,MultiPolygon,MultiPolygon,1,MultiPolygon,1
Auckland,"Robbery, blackmail, and extortion",Aggravated robbery,Waima.,NZ,Auckland Region,Auckland.,1/04/2025,0300100,Auckland Region,Teritorial Authority,Auckland,Polygon,Polygon,MultiPolygon,MultiPolygon,1,MultiPolygon,1
Auckland,"Robbery, blackmail, and extortion",Aggravated robbery,Westgate.,NZ,Auckland Region,Auckland.,1/05/2024,0224305,Auckland Region,Teritorial Authority,Auckland,Polygon,Polygon,MultiPolygon,MultiPolygon,1,MultiPolygon,1
Auckland,"Robbery, blackmail, and extortion",Blackmail or other extortion,Papatoetoe East.,NZ,Auckland Region,Auckland.,1/08/2024,0669200,Auckland Region,Teritorial Authority,Auckland,Polygon,Polygon,MultiPolygon,MultiPolygon,1,MultiPolygon,1
Auckland,"Robbery, blackmail, and extortion",Aggravated robbery,Meadowbank South.,NZ,Auckland Region,Auckland.,1/04/2025,0462811,Auckland Region,Teritorial Authority,Auckland,Polygon,Polygon,MultiPolygon,MultiPolygon,1,MultiPolygon,1
Auckland,"Robbery, blackmail, and extortion",Aggravated robbery,Beaumont.,NZ,Auckland Region,Auckland.,1/01/2025,0753900,Auckland Region,Teritorial Authority,Auckland,Polygon,Polygon,MultiPolygon,MultiPolygon,2,MultiPolygon,2
Auckland,"Robbery, blackmail, and extortion",Blackmail or other extortion,Mt Wellington Domain.,NZ,Auckland Region,Auckland.,1/08/2023,0628002,Auckland Region,Teritorial Authority,Auckland,Polygon,Polygon,MultiPolygon,MultiPolygon,1,MultiPolygon,1
Auckland,"Robbery, blackmail, and extortion",Aggravated robbery,Newton.,NZ,Auckland Region,Auckland.,1/10/2024,0412100,Auckland Region,Teritorial Authority,Auckland,Polygon,Polygon,MultiPolygon,MultiPolygon,3,MultiPolygon,3
Auckland,"Robbery, blackmail, and extortion",Blackmail or other extortion,Otahuhu West.,NZ,Auckland Region,Auckland.,1/10/2024,0783000,Auckland Region,Teritorial Authority,Auckland,Polygon,Polygon,MultiPolygon,MultiPolygon,1,MultiPolygon,1
Auckland,"Robbery, blackmail, and extortion",Aggravated robbery,Te Atatu Central.,NZ,Auckland Region,Auckland.,1/07/2024,0252000,Auckland Region,Teritorial Authority,Auckland,Polygon,Polygon,MultiPolygon,MultiPolygon,1,MultiPolygon,1
Auckland,"Robbery, blackmail, and extortion",Aggravated robbery,Dannemora.,NZ,Auckland Region,Auckland.,1/08/2023,0711709,Auckland Region,Teritorial Authority,Auckland,Polygon,Polygon,MultiPolygon,MultiPolygon,1,MultiPolygon,1
Auckland,"Robbery, blackmail, and extortion",Aggravated robbery,Warkworth.,NZ,Auckland Region,Auckland.,1/10/2024,0140600,Auckland Region,Teritorial Authority,Auckland,Polygon,Polygon,MultiPolygon,MultiPolygon,1,MultiPolygon,1
Auckland,"Robbery, blackmail, and extortion",Aggravated robbery,Onehunga North West.,NZ,Auckland Region,Auckland.,1/08/2023,0596300,Auckland Region,Teritorial Authority,Auckland,Polygon,Polygon,MultiPolygon,MultiPolygon,1,MultiPolygon,1
Auckland,"Robbery, blackmail, and extortion",Aggravated robbery,Totara Heights.,NZ,Auckland Region,Auckland.,1/09/2024,0760702,Auckland Region,Teritorial Authority,Auckland,Polygon,Polygon,MultiPolygon,MultiPolygon,1,MultiPolygon,1
Auckland,"Robbery, blackmail, and extortion",Aggravated robbery,Newton.,NZ,Auckland Region,Auckland.,1/12/2023,0412100,Auckland Region,Teritorial Authority,Auckland,Polygon,Polygon,MultiPolygon,MultiPolygon,1,MultiPolygon,1
Auckland,"Robbery, blackmail, and extortion",Aggravated robbery,Papakura East.,NZ,Auckland Region,Auckland.,1/01/2025,0799400,Auckland Region,Teritorial Authority,Auckland,Polygon,Polygon,MultiPolygon,MultiPolygon,3,MultiPolygon,3
Auckland,"Robbery, blackmail, and extortion",Aggravated robbery,Wesley.,NZ,Auckland Region,Auckland.,1/08/2024,0579200,Auckland Region,Teritorial Authority,Auckland,Polygon,Polygon,MultiPolygon,MultiPolygon,1,MultiPolygon,1
Auckland,"Robbery, blackmail, and extortion",Aggravated robbery,Mangere Station.,NZ,Auckland Region,Auckland.,1/01/2025,0750000,Auckland Region,Teritorial Authority,Auckland,Polygon,Polygon,MultiPolygon,MultiPolygon,1,MultiPolygon,1
Auckland,"Robbery, blackmail, and extortion",Aggravated robbery,Puhinui South.,NZ,Auckland Region,Auckland.,1/01/2025,0674100,Auckland Region,Teritorial Authority,Auckland,Polygon,Polygon,MultiPolygon,MultiPolygon,1,MultiPolygon,1
Auckland,"Robbery, blackmail, and extortion",Aggravated robbery,Otahuhu West.,NZ,Auckland Region,Auckland.,1/09/2024,0783900,Auckland Region,Teritorial Authority,Auckland,Polygon,Polygon,MultiPolygon,MultiPolygon,1,MultiPolygon,1
Auckland,"Robbery, blackmail, and extortion",Aggravated robbery,Newmarket.,NZ,Auckland Region,Auckland.,1/02/2025,0451300,Auckland Region,Teritorial Authority,Auckland,Polygon,Polygon,MultiPolygon,MultiPolygon,1,MultiPolygon,1
Auckland,"Robbery, blackmail, and extortion",Aggravated robbery,St Lukes.,NZ,Auckland Region,Auckland.,1/03/2025,0535207,Auckland Region,Teritorial Authority,Auckland,Polygon,Polygon,MultiPolygon,MultiPolygon,1,MultiPolygon,1
Auckland,"Robbery, blackmail, and extortion",Aggravated robbery,Mt Wellington South.,NZ,Auckland Region,Auckland.,1/09/2024,0637400,Auckland Region,Teritorial Authority,Auckland,Polygon,Polygon,MultiPolygon,MultiPolygon,1,MultiPolygon,1
Auckland,"Robbery, blackmail, and extortion",Aggravated robbery,Mt St John.,NZ,Auckland Region,Auckland.,1/06/2024,0615000,Auckland Region,Teritorial Authority,Auckland,Polygon,Polygon,MultiPolygon,MultiPolygon,1,MultiPolygon,1
Auckland,"Robbery, blackmail, and extortion",Aggravated robbery,Auckland Harbourside.,NZ,Auckland Region,Auckland.,1/10/2024,0438215,Auckland Region,Teritorial Authority,Auckland,Polygon,Polygon,MultiPolygon,MultiPolygon,1,MultiPolygon,1
Auckland,"Robbery, blackmail, and extortion",Aggravated robbery,Walmsley.,NZ,Auckland Region,Auckland.,1/06/2024,0578400,Auckland Region,Teritorial Authority,Auckland,Polygon,Polygon,MultiPolygon,MultiPolygon,1,MultiPolygon,1
Auckland,"Robbery, blackmail, and extortion",Aggravated robbery,Oranga.,NZ,Auckland Region,Auckland.,1/04/2025,0603000,Auckland Region,Teritorial Authority,Auckland,Polygon,Polygon,MultiPolygon,MultiPolygon,1,MultiPolygon,1
Auckland,"Robbery, blackmail, and extortion",Aggravated robbery,Newmarket.,NZ,Auckland Region,Auckland.,1/09/2024,0451300,Auckland Region,Teritorial Authority,Auckland,Polygon,Polygon,MultiPolygon,MultiPolygon,1,MultiPolygon,1
Auckland,"Robbery, blackmail, and extortion",Aggravated robbery,Pigeon Mountain North.,NZ,Auckland Region,Auckland.,1/05/2024,0680722,Auckland Region,Teritorial Authority,Auckland,Polygon,Polygon,MultiPolygon,MultiPolygon,1,MultiPolygon,1
Auckland,"Robbery, blackmail, and extortion",Aggravated robbery,Auckland Harbourside.,NZ,Auckland Region,Auckland.,1/08/2024,0432400,Auckland Region,Teritorial Authority,Auckland,Polygon,Polygon,MultiPolygon,MultiPolygon,2,MultiPolygon,2
Auckland,"Robbery, blackmail, and extortion",Aggravated robbery,Burbank.,NZ,Auckland Region,Auckland.,1/01/2025,0774802,Auckland Region,Teritorial Authority,Auckland,Polygon,Polygon,MultiPolygon,MultiPolygon,2,MultiPolygon,2
Auckland,"Robbery, blackmail, and extortion",Aggravated robbery,Surrey Crescent.,NZ,Auckland Region,Auckland.,1/09/2024,0405000,Auckland Region,Teritorial Authority,Auckland,Polygon,Polygon,MultiPolygon,MultiPolygon,2,MultiPolygon,2
Auckland,"Robbery, blackmail, and extortion",Aggravated robbery,Ponsonby East.,NZ,Auckland Region,Auckland.,1/01/2025,0429300,Auckland Region,Teritorial Authority,Auckland,Polygon,Polygon,MultiPolygon,MultiPolygon,2,MultiPolygon,2
Auckland,"Robbery, blackmail, and extortion",Aggravated robbery,Beaumont.,NZ,Auckland Region,Auckland.,1/08/2023,0753500,Auckland Region,Teritorial Authority,Auckland,Polygon,Polygon,MultiPolygon,MultiPolygon,1,MultiPolygon,1
Auckland,"Robbery, blackmail, and extortion",Aggravated robbery,Homai East.,NZ,Auckland Region,Auckland.,1/07/2024,0777601,Auckland Region,Teritorial Authority,Auckland,Polygon,Polygon,MultiPolygon,MultiPolygon,2,MultiPolygon,2
Auckland,"Robbery, blackmail, and extortion",Aggravated robbery,Ormiston.,NZ,Auckland Region,Auckland.,1/09/2024,0713100,Auckland Region,Teritorial Authority,Auckland,Polygon,Polygon,MultiPolygon,MultiPolygon,1,MultiPolygon,1
Auckland,"Robbery, blackmail, and extortion",Aggravated robbery,Waterview.,NZ,Auckland Region,Auckland.,1/07/2024,0384902,Auckland Region,Teritorial Authority,Auckland,Polygon,Polygon,MultiPolygon,MultiPolygon,1,MultiPolygon,1
Auckland,"Robbery, blackmail, and extortion",Aggravated robbery,Mangere South.,NZ,Auckland Region,Auckland.,1/08/2024,0727901,Auckland Region,Teritorial Authority,Auckland,MultiPolygon,Polygon,MultiPolygon,MultiPolygon,1,MultiPolygon,1
Auckland,"Robbery, blackmail, and extortion",Aggravated robbery,Glen Innes West.,NZ,Auckland Region,Auckland.,1/08/2024,0470700,Auckland Region,Teritorial Authority,Auckland,Polygon,Polygon,MultiPolygon,MultiPolygon,1,MultiPolygon,1
Auckland,"Robbery, blackmail, and extortion",Aggravated robbery,Lynnmall.,NZ,Auckland Region,Auckland.,1/01/2025,0266200,Auckland Region,Teritorial Authority,Auckland,Polygon,Polygon,MultiPolygon,MultiPolygon,2,MultiPolygon,2
Auckland,"Robbery, blackmail, and extortion",Aggravated robbery,Glen Innes West.,NZ,Auckland Region,Auckland.,1/10/2024,0476000,Auckland Region,Teritorial Authority,Auckland,Polygon,Polygon,MultiPolygon,MultiPolygon,1,MultiPolygon,1
Auckland,"Robbery, blackmail, and extortion",Aggravated robbery,Royal Heights.,NZ,Auckland Region,Auckland.,1/07/2024,0224422,Auckland Region,Teritorial Authority,Auckland,Polygon,Polygon,MultiPolygon,MultiPolygon,1,MultiPolygon,1
Auckland,"Robbery, blackmail, and extortion",Aggravated robbery,Harania West.,NZ,Auckland Region,Auckland.,1/04/2024,0735700,Auckland Region,Teritorial Authority,Auckland,Polygon,Polygon,MultiPolygon,MultiPolygon,1,MultiPolygon,1
Auckland,"Robbery, blackmail, and extortion",Blackmail or other extortion,Kingdale.,NZ,Auckland Region,Auckland.,1/01/2025,0230601,Auckland Region,Teritorial Authority,Auckland,Polygon,Polygon,MultiPolygon,MultiPolygon,2,MultiPolygon,2
Auckland,"Robbery, blackmail, and extortion",Aggravated robbery,Papatoetoe West.,NZ,Auckland Region,Auckland.,1/09/2023,0659702,Auckland Region,Teritorial Authority,Auckland,Polygon,Polygon,MultiPolygon,MultiPolygon,1,MultiPolygon,1
Auckland,"Robbery, blackmail, and extortion",Aggravated robbery,Takapuna Central.,NZ,Auckland Region,Auckland.,1/01/2025,0326300,Auckland Region,Teritorial Authority,Auckland,Polygon,Polygon,MultiPolygon,MultiPolygon,4,MultiPolygon,4
Auckland,"Robbery, blackmail, and extortion",Aggravated robbery,Kohuora.,NZ,Auckland Region,Auckland.,1/01/2025,0657300,Auckland Region,Teritorial Authority,Auckland,Polygon,Polygon,MultiPolygon,MultiPolygon,1,MultiPolygon,1
Auckland,"Robbery, blackmail, and extortion",Aggravated robbery,Mt St John.,NZ,Auckland Region,Auckland.,1/12/2023,0614400,Auckland Region,Teritorial Authority,Auckland,Polygon,Polygon,MultiPolygon,MultiPolygon,1,MultiPolygon,1
Auckland,"Robbery, blackmail, and extortion",Aggravated robbery,Grey Lynn East.,NZ,Auckland Region,Auckland.,1/09/2024,0410900,Auckland Region,Teritorial Authority,Auckland,Polygon,Polygon,MultiPolygon,MultiPolygon,1,MultiPolygon,1
Auckland,"Robbery, blackmail, and extortion",Aggravated robbery,Auckland Central West.,NZ,Auckland Region,Auckland.,1/07/2024,0434701,Auckland Region,Teritorial Authority,Auckland,Polygon,Polygon,MultiPolygon,MultiPolygon,1,MultiPolygon,1
Auckland,"Robbery, blackmail, and extortion",Aggravated robbery,Pakuranga Central.,NZ,Auckland Region,Auckland.,1/09/2024,0685400,Auckland Region,Teritorial Authority,Auckland,Polygon,Polygon,MultiPolygon,MultiPolygon,1,MultiPolygon,1
Auckland,"Robbery, blackmail, and extortion",Aggravated robbery,Newton.,NZ,Auckland Region,Auckland.,1/10/2024,0412100,Auckland Region,Teritorial Authority,Auckland,Polygon,Polygon,MultiPolygon,MultiPolygon,1,MultiPolygon,1
Auckland,"Robbery, blackmail, and extortion",Aggravated robbery,Favona West.,NZ,Auckland Region,Auckland.,1/12/2024,0731103,Auckland Region,Teritorial Authority,Auckland,Polygon,Polygon,MultiPolygon,MultiPolygon,1,MultiPolygon,1
Auckland,"Robbery, blackmail, and extortion",Aggravated robbery,Maungawhau.,NZ,Auckland Region,Auckland.,1/06/2024,0555100,Auckland Region,Teritorial Authority,Auckland,Polygon,Polygon,MultiPolygon,MultiPolygon,3,MultiPolygon,3
Auckland,"Robbery, blackmail, and extortion",Aggravated robbery,Hillpark.,NZ,Auckland Region,Auckland.,1/08/2023,0757100,Auckland Region,Teritorial Authority,Auckland,Polygon,Polygon,MultiPolygon,MultiPolygon,1,MultiPolygon,1
Auckland,"Robbery, blackmail, and extortion",Aggravated robbery,Birkenhead East.,NZ,Auckland Region,Auckland.,1/02/2025,0357300,Auckland Region,Teritorial Authority,Auckland,Polygon,Polygon,MultiPolygon,MultiPolygon,1,MultiPolygon,1
Auckland,"Robbery, blackmail, and extortion",Aggravated robbery,Henderson South.,NZ,Auckland Region,Auckland.,1/08/2024,0244001,Auckland Region,Teritorial Authority,Auckland,Polygon,Polygon,MultiPolygon,MultiPolygon,1,MultiPolygon,1
Auckland,"Robbery, blackmail, and extortion",Aggravated robbery,Freemans Bay.,NZ,Auckland Region,Auckland.,1/09/2023,0414400,Auckland Region,Teritorial Authority,Auckland,Polygon,Polygon,MultiPolygon,MultiPolygon,1,MultiPolygon,1
Auckland,"Robbery, blackmail, and extortion",Aggravated robbery,Auckland Central West.,NZ,Auckland Region,Auckland.,1/02/2025,0435100,Auckland Region,Teritorial Authority,Auckland,Polygon,Polygon,MultiPolygon,MultiPolygon,1,MultiPolygon,1
Auckland,"Robbery, blackmail, and extortion",Aggravated robbery,Otahuhu West.,NZ,Auckland Region,Auckland.,1/09/2023,0784600,Auckland Region,Teritorial Authority,Auckland,Polygon,Polygon,MultiPolygon,MultiPolygon,1,MultiPolygon,1
Auckland,"Robbery, blackmail, and extortion",Aggravated robbery,Auckland Central East.,NZ,Auckland Region,Auckland.,1/07/2024,0437702,Auckland Region,Teritorial Authority,Auckland,Polygon,Polygon,MultiPolygon,MultiPolygon,2,MultiPolygon,2
Auckland,"Robbery, blackmail, and extortion",Aggravated robbery,Wiri.,NZ,Auckland Region,Auckland.,1/05/2024,0780416,Auckland Region,Teritorial Authority,Auckland,Polygon,Polygon,MultiPolygon,MultiPolygon,1,MultiPolygon,1
Auckland,"Robbery, blackmail, and extortion",Aggravated robbery,Takapuna Central.,NZ,Auckland Region,Auckland.,1/03/2025,0327800,Auckland Region,Teritorial Authority,Auckland,Polygon,Polygon,MultiPolygon,MultiPolygon,2,MultiPolygon,2
Auckland,"Robbery, blackmail, and extortion",Aggravated robbery,Clendon North.,NZ,Auckland Region,Auckland.,1/12/2024,0774402,Auckland Region,Teritorial Authority,Auckland,Polygon,Polygon,MultiPolygon,MultiPolygon,1,MultiPolygon,1
Auckland,"Robbery, blackmail, and extortion",Aggravated robbery,Hillpark.,NZ,Auckland Region,Auckland.,1/01/2025,0757100,Auckland Region,Teritorial Authority,Auckland,Polygon,Polygon,MultiPolygon,MultiPolygon,1,MultiPolygon,1
Auckland,"Robbery, blackmail, and extortion",Aggravated robbery,Clendon South.,NZ,Auckland Region,Auckland.,1/09/2023,0774449,Auckland Region,Teritorial Authority,Auckland,Polygon,Polygon,MultiPolygon,MultiPolygon,1,MultiPolygon,1
Auckland,"Robbery, blackmail, and extortion",Aggravated robbery,Newmarket.,NZ,Auckland Region,Auckland.,1/02/2025,0451300,Auckland Region,Teritorial Authority,Auckland,Polygon,Polygon,MultiPolygon,MultiPolygon,1,MultiPolygon,1
Auckland,"Robbery, blackmail, and extortion",Aggravated robbery,Auckland Central West.,NZ,Auckland Region,Auckland.,1/05/2024,0435802,Auckland Region,Teritorial Authority,Auckland,Polygon,Polygon,MultiPolygon,MultiPolygon,1,MultiPolygon,1
Auckland,"Robbery, blackmail, and extortion",Aggravated robbery,Mt Wellington North.,NZ,Auckland Region,Auckland.,1/07/2024,0627400,Auckland Region,Teritorial Authority,Auckland,Polygon,Polygon,MultiPolygon,MultiPolygon,1,MultiPolygon,1
Auckland,"Robbery, blackmail, and extortion",Aggravated robbery,Auckland Central West.,NZ,Auckland Region,Auckland.,1/07/2024,0433200,Auckland Region,Teritorial Authority,Auckland,Polygon,Polygon,MultiPolygon,MultiPolygon,1,MultiPolygon,1
Auckland,"Robbery, blackmail, and extortion",Aggravated robbery,Weymouth East.,NZ,Auckland Region,Auckland.,1/03/2025,0773400,Auckland Region,Teritorial Authority,Auckland,Polygon,Polygon,MultiPolygon,MultiPolygon,1,MultiPolygon,1
Auckland,"Robbery, blackmail, and extortion",Aggravated robbery,Meadowland.,NZ,Auckland Region,Auckland.,1/07/2024,0711023,Auckland Region,Teritorial Authority,Auckland,Polygon,Polygon,MultiPolygon,MultiPolygon,1,MultiPolygon,1
Auckland,"Robbery, blackmail, and extortion",Aggravated robbery,Remuera South.,NZ,Auckland Region,Auckland.,1/06/2024,0492200,Auckland Region,Teritorial Authority,Auckland,Polygon,Polygon,MultiPolygon,MultiPolygon,3,MultiPolygon,3
Auckland,"Robbery, blackmail, and extortion",Aggravated robbery,Wesley.,NZ,Auckland Region,Auckland.,1/09/2024,0579200,Auckland Region,Teritorial Authority,Auckland,Polygon,Polygon,MultiPolygon,MultiPolygon,1,MultiPolygon,1
Auckland,"Robbery, blackmail, and extortion",Aggravated robbery,Ranui South.,NZ,Auckland Region,Auckland.,1/09/2024,0236201,Auckland Region,Teritorial Authority,Auckland,Polygon,Polygon,MultiPolygon,MultiPolygon,1,MultiPolygon,1
Auckland,"Robbery, blackmail, and extortion",Blackmail or other extortion,Westgate.,NZ,Auckland Region,Auckland.,1/12/2023,0224306,Auckland Region,Teritorial Authority,Auckland,Polygon,Polygon,MultiPolygon,MultiPolygon,1,MultiPolygon,1
Auckland,"Robbery, blackmail, and extortion",Aggravated robbery,Newton.,NZ,Auckland Region,Auckland.,1/05/2024,0412302,Auckland Region,Teritorial Authority,Auckland,Polygon,Polygon,MultiPolygon,MultiPolygon,1,MultiPolygon,1
Auckland,"Robbery, blackmail, and extortion",Blackmail or other extortion,Albany.,NZ,Auckland Region,Auckland.,1/06/2024,0179000,Auckland Region,Teritorial Authority,Auckland,Polygon,Polygon,MultiPolygon,MultiPolygon,1,MultiPolygon,1
Auckland,"Robbery, blackmail, and extortion",Aggravated robbery,Paremoremo East.,NZ,Auckland Region,Auckland.,1/12/2024,0179502,Auckland Region,Teritorial Authority,Auckland,Polygon,Polygon,MultiPolygon,MultiPolygon,1,MultiPolygon,1
Auckland,"Robbery, blackmail, and extortion",Aggravated robbery,Birkenhead East.,NZ,Auckland Region,Auckland.,1/08/2023,0358300,Auckland Region,Teritorial Authority,Auckland,Polygon,Polygon,MultiPolygon,MultiPolygon,1,MultiPolygon,1
Auckland,"Robbery, blackmail, and extortion",Aggravated robbery,Helensville.,NZ,Auckland Region,Auckland.,1/08/2024,0209702,Auckland Region,Teritorial Authority,Auckland,Polygon,Polygon,MultiPolygon,MultiPolygon,1,MultiPolygon,1
Auckland,"Robbery, blackmail, and extortion",Aggravated robbery,Huapai.,NZ,Auckland Region,Auckland.,1/04/2025,0216003,Auckland Region,Teritorial Authority,Auckland,Polygon,Polygon,MultiPolygon,MultiPolygon,2,MultiPolygon,2
Auckland,"Robbery, blackmail, and extortion",Aggravated robbery,Greenhithe.,NZ,Auckland Region,Auckland.,1/09/2023,0181503,Auckland Region,Teritorial Authority,Auckland,Polygon,Polygon,MultiPolygon,MultiPolygon,1,MultiPolygon,1
Auckland,"Robbery, blackmail, and extortion",Aggravated robbery,Westlake.,NZ,Auckland Region,Auckland.,1/05/2024,0305202,Auckland Region,Teritorial Authority,Auckland,Polygon,Polygon,MultiPolygon,MultiPolygon,1,MultiPolygon,1
Auckland,"Robbery, blackmail, and extortion",Aggravated robbery,Huapai.,NZ,Auckland Region,Auckland.,1/07/2024,0214102,Auckland Region,Teritorial Authority,Auckland,Polygon,Polygon,MultiPolygon,MultiPolygon,1,MultiPolygon,1
Auckland,"Robbery, blackmail, and extortion",Aggravated robbery,Ranui Domain.,NZ,Auckland Region,Auckland.,1/04/2025,0235104,Auckland Region,Teritorial Authority,Auckland,Polygon,Polygon,MultiPolygon,MultiPolygon,1,MultiPolygon,1
Auckland,"Robbery, blackmail, and extortion",Aggravated robbery,Point England.,NZ,Auckland Region,Auckland.,1/12/2024,0479200,Auckland Region,Teritorial Authority,Auckland,Polygon,Polygon,MultiPolygon,MultiPolygon,1,MultiPolygon,1
Auckland,"Robbery, blackmail, and extortion",Aggravated robbery,Akarana.,NZ,Auckland Region,Auckland.,1/10/2023,0583300,Auckland Region,Teritorial Authority,Auckland,Polygon,Polygon,MultiPolygon,MultiPolygon,1,MultiPolygon,1
Auckland,"Robbery, blackmail, and extortion",Aggravated robbery,Ormiston.,NZ,Auckland Region,Auckland.,1/10/2023,0712500,Auckland Region,Teritorial Authority,Auckland,Polygon,Polygon,MultiPolygon,MultiPolygon,1,MultiPolygon,1
Auckland,"Robbery, blackmail, and extortion",Aggravated robbery,Surrey Crescent.,NZ,Auckland Region,Auckland.,1/02/2024,0406000,Auckland Region,Teritorial Authority,Auckland,Polygon,Polygon,MultiPolygon,MultiPolygon,2,MultiPolygon,2
Auckland,"Robbery, blackmail, and extortion",Blackmail or other extortion,Favona West.,NZ,Auckland Region,Auckland.,1/09/2024,0731103,Auckland Region,Teritorial Authority,Auckland,Polygon,Polygon,MultiPolygon,MultiPolygon,2,MultiPolygon,2
Auckland,"Robbery, blackmail, and extortion",Blackmail or other extortion,Waiheke Island.,NZ,Auckland Region,Auckland.,1/03/2025,0515401,Auckland Region,Teritorial Authority,Auckland,MultiPolygon,Polygon,MultiPolygon,MultiPolygon,1,MultiPolygon,1
Auckland,"Robbery, blackmail, and extortion",Aggravated robbery,Auckland Central West.,NZ,Auckland Region,Auckland.,1/03/2024,0433501,Auckland Region,Teritorial Authority,Auckland,Polygon,Polygon,MultiPolygon,MultiPolygon,2,MultiPolygon,2
Auckland,"Robbery, blackmail, and extortion",Blackmail or other extortion,Albany.,NZ,Auckland Region,Auckland.,1/08/2024,0179000,Auckland Region,Teritorial Authority,Auckland,Polygon,Polygon,MultiPolygon,MultiPolygon,1,MultiPolygon,1
Auckland,"Robbery, blackmail, and extortion",Aggravated robbery,Fairdene.,NZ,Auckland Region,Auckland.,1/08/2023,0233300,Auckland Region,Teritorial Authority,Auckland,Polygon,Polygon,MultiPolygon,MultiPolygon,1,MultiPolygon,1
Auckland,"Robbery, blackmail, and extortion",Aggravated robbery,Otahuhu West.,NZ,Auckland Region,Auckland.,1/04/2025,0781500,Auckland Region,Teritorial Authority,Auckland,Polygon,Polygon,MultiPolygon,MultiPolygon,1,MultiPolygon,1
Auckland,"Robbery, blackmail, and extortion",Blackmail or other extortion,Mt Eden North.,NZ,Auckland Region,Auckland.,1/03/2024,0542700,Auckland Region,Teritorial Authority,Auckland,Polygon,Polygon,MultiPolygon,MultiPolygon,1,MultiPolygon,1
Auckland,"Robbery, blackmail, and extortion",Aggravated robbery,Surrey Crescent.,NZ,Auckland Region,Auckland.,1/04/2025,0406102,Auckland Region,Teritorial Authority,Auckland,Polygon,Polygon,MultiPolygon,MultiPolygon,1,MultiPolygon,1
Auckland,"Robbery, blackmail, and extortion",Aggravated robbery,Mt Albert Central.,NZ,Auckland Region,Auckland.,1/12/2023,0526000,Auckland Region,Teritorial Authority,Auckland,Polygon,Polygon,MultiPolygon,MultiPolygon,1,MultiPolygon,1
Auckland,"Robbery, blackmail, and extortion",Aggravated robbery,Henderson North.,NZ,Auckland Region,Auckland.,1/08/2024,0240700,Auckland Region,Teritorial Authority,Auckland,Polygon,Polygon,MultiPolygon,MultiPolygon,1,MultiPolygon,1
Auckland,"Robbery, blackmail, and extortion",Aggravated robbery,Papakura North East.,NZ,Auckland Region,Auckland.,1/12/2023,0795302,Auckland Region,Teritorial Authority,Auckland,Polygon,Polygon,MultiPolygon,MultiPolygon,2,MultiPolygon,2
Auckland,"Robbery, blackmail, and extortion",Blackmail or other extortion,Royal Heights.,NZ,Auckland Region,Auckland.,1/02/2025,0224501,Auckland Region,Teritorial Authority,Auckland,Polygon,Polygon,MultiPolygon,MultiPolygon,1,MultiPolygon,1
Auckland,"Robbery, blackmail, and extortion",Blackmail or other extortion,Waiheke Island.,NZ,Auckland Region,Auckland.,1/04/2024,0515605,Auckland Region,Teritorial Authority,Auckland,MultiPolygon,Polygon,MultiPolygon,MultiPolygon,1,MultiPolygon,1
Auckland,"Robbery, blackmail, and extortion",Aggravated robbery,Murvale.,NZ,Auckland Region,Auckland.,1/09/2023,0680200,Auckland Region,Teritorial Authority,Auckland,Polygon,Polygon,MultiPolygon,MultiPolygon,1,MultiPolygon,1
Auckland,"Robbery, blackmail, and extortion",Non-aggravated robbery,Islands-Motutapu Rangitoto Rakino.,NZ,Auckland Region,Auckland.,1/02/2024,0516900,Auckland Region,Teritorial Authority,Auckland,MultiPolygon,Polygon,MultiPolygon,MultiPolygon,1,MultiPolygon,1
Auckland,"Robbery, blackmail, and extortion",Aggravated robbery,Ocean View.,NZ,Auckland Region,Auckland.,1/11/2023,0363200,Auckland Region,Teritorial Authority,Auckland,Polygon,Polygon,MultiPolygon,MultiPolygon,1,MultiPolygon,1
Auckland,"Robbery, blackmail, and extortion",Aggravated robbery,West Harbour.,NZ,Auckland Region,Auckland.,1/11/2024,0224236,Auckland Region,Teritorial Authority,Auckland,Polygon,Polygon,MultiPolygon,MultiPolygon,1,MultiPolygon,1
Auckland,"Robbery, blackmail, and extortion",Aggravated robbery,Starling Park.,NZ,Auckland Region,Auckland.,1/07/2024,0235600,Auckland Region,Teritorial Authority,Auckland,Polygon,Polygon,MultiPolygon,MultiPolygon,1,MultiPolygon,1
Auckland,"Robbery, blackmail, and extortion",Aggravated robbery,Manukau Central.,NZ,Auckland Region,Auckland.,1/06/2025,0781302,Auckland Region,Teritorial Authority,Auckland,Polygon,Polygon,MultiPolygon,MultiPolygon,1,MultiPolygon,1
Auckland,"Robbery, blackmail, and extortion",Aggravated robbery,Clendon South.,NZ,Auckland Region,Auckland.,1/05/2025,0774434,Auckland Region,Teritorial Authority,Auckland,Polygon,Polygon,MultiPolygon,MultiPolygon,1,MultiPolygon,1
Auckland,"Robbery, blackmail, and extortion",Aggravated robbery,Hingaia.,NZ,Auckland Region,Auckland.,1/12/2024,0806604,Auckland Region,Teritorial Authority,Auckland,Polygon,Polygon,MultiPolygon,MultiPolygon,1,MultiPolygon,1
Auckland,"Robbery, blackmail, and extortion",Aggravated robbery,Auckland Harbourside.,NZ,Auckland Region,Auckland.,1/12/2023,0432900,Auckland Region,Teritorial Authority,Auckland,Polygon,Polygon,MultiPolygon,MultiPolygon,2,MultiPolygon,2
Auckland,"Robbery, blackmail, and extortion",Aggravated robbery,Mangere South.,NZ,Auckland Region,Auckland.,1/04/2025,0726000,Auckland Region,Teritorial Authority,Auckland,MultiPolygon,Polygon,MultiPolygon,MultiPolygon,1,MultiPolygon,1
Auckland,"Robbery, blackmail, and extortion",Aggravated robbery,Mt Albert Central.,NZ,Auckland Region,Auckland.,1/03/2024,0528000,Auckland Region,Teritorial Authority,Auckland,Polygon,Polygon,MultiPolygon,MultiPolygon,1,MultiPolygon,1
