Map Detail Name,ANZSOC Division,ANZSOC Group,Area Unit,Country,Region,Territorial Authority,Year Month,Mb2014,REGC2014 label,Selected Detail Level,Ta2014 Nam,Geometry,Geometry (MB2014 GV Clipped.shp),Geometry (REGC2014 GV Clipped.shp),Geometry (TA2014 GV Clipped.shp),Number of Victimisations,Selected Geographic Level ,Victimisations
Auckland,Sexual Offences,Unlawful sexual penetration of an adult,Tamaki Strait.,NZ,Auckland Region,Auckland.,1/08/2023,,Auckland Region,Teritorial Authority,Auckland,,,MultiPolygon,MultiPolygon,1,MultiPolygon,1
Auckland,Sexual Offences,Offensive sexual acts,Waiheke Island.,NZ,Auckland Region,Auckland.,1/12/2024,0515901,Auckland Region,Teritorial Authority,Auckland,MultiPolygon,Polygon,MultiPolygon,MultiPolygon,1,MultiPolygon,1
Auckland,Sexual Offences,Unlawful sexual penetration of an adult,Tidal-Manukau Harbour North.,NZ,Auckland Region,Auckland.,1/01/2025,,Auckland Region,Teritorial Authority,Auckland,,,MultiPolygon,MultiPolygon,1,MultiPolygon,1
Auckland,Sexual Offences,Unlawful sexual contact of a child,Mangere Bridge.,NZ,Auckland Region,Auckland.,1/03/2024,0725601,Auckland Region,Teritorial Authority,Auckland,Polygon,Polygon,MultiPolygon,MultiPolygon,1,MultiPolygon,1
Auckland,Sexual Offences,Unlawful sexual contact of an adult,Waiheke Island.,NZ,Auckland Region,Auckland.,1/06/2024,0515704,Auckland Region,Teritorial Authority,Auckland,MultiPolygon,Polygon,MultiPolygon,MultiPolygon,1,MultiPolygon,1
Auckland,Sexual Offences,Unlawful sexual contact of a child,Waiheke Island.,NZ,Auckland Region,Auckland.,1/09/2023,0516705,Auckland Region,Teritorial Authority,Auckland,MultiPolygon,Polygon,MultiPolygon,MultiPolygon,1,MultiPolygon,1
Auckland,Sexual Offences,Unlawful sexual penetration of a child,Green Bay.,NZ,Auckland Region,Auckland.,1/03/2024,0289800,Auckland Region,Teritorial Authority,Auckland,Polygon,Polygon,MultiPolygon,MultiPolygon,1,MultiPolygon,1
Auckland,Sexual Offences,Unlawful sexual contact of an adult,Tidal-Waitemata Harbour.,NZ,Auckland Region,Auckland.,1/03/2025,,Auckland Region,Teritorial Authority,Auckland,,,MultiPolygon,MultiPolygon,1,MultiPolygon,1
Auckland,Sexual Offences,Unlawful sexual contact of a child,Waiuku East.,NZ,Auckland Region,Auckland.,1/02/2024,0836500,Auckland Region,Teritorial Authority,Auckland,Polygon,Polygon,MultiPolygon,MultiPolygon,1,MultiPolygon,1
Auckland,Sexual Offences,Unlawful sexual penetration of a child,Drury.,NZ,Auckland Region,Auckland.,1/10/2023,0808301,Auckland Region,Teritorial Authority,Auckland,Polygon,Polygon,MultiPolygon,MultiPolygon,1,MultiPolygon,1
Auckland,Sexual Offences,Unlawful sexual contact of a child,Kohimarama West.,NZ,Auckland Region,Auckland.,1/04/2024,0506400,Auckland Region,Teritorial Authority,Auckland,Polygon,Polygon,MultiPolygon,MultiPolygon,1,MultiPolygon,1
Auckland,Sexual Offences,Offensive sexual acts,Takanini South.,NZ,Auckland Region,Auckland.,1/08/2023,0765700,Auckland Region,Teritorial Authority,Auckland,Polygon,Polygon,MultiPolygon,MultiPolygon,1,MultiPolygon,1
Auckland,Sexual Offences,Unlawful sexual contact of a child,Takanini North.,NZ,Auckland Region,Auckland.,1/03/2024,0767302,Auckland Region,Teritorial Authority,Auckland,Polygon,Polygon,MultiPolygon,MultiPolygon,1,MultiPolygon,1
Auckland,Sexual Offences,Offensive sexual acts,Waiheke Island.,NZ,Auckland Region,Auckland.,1/03/2025,0515313,Auckland Region,Teritorial Authority,Auckland,MultiPolygon,Polygon,MultiPolygon,MultiPolygon,1,MultiPolygon,1
Auckland,Sexual Offences,Offensive sexual acts,Hingaia.,NZ,Auckland Region,Auckland.,1/05/2024,0806604,Auckland Region,Teritorial Authority,Auckland,Polygon,Polygon,MultiPolygon,MultiPolygon,1,MultiPolygon,1
Auckland,Sexual Offences,Unlawful sexual penetration of a child,Albany.,NZ,Auckland Region,Auckland.,1/04/2025,0178800,Auckland Region,Teritorial Authority,Auckland,Polygon,Polygon,MultiPolygon,MultiPolygon,1,MultiPolygon,1
Auckland,Sexual Offences,Child procurement or grooming,Newmarket.,NZ,Auckland Region,Auckland.,1/01/2024,0451200,Auckland Region,Teritorial Authority,Auckland,Polygon,Polygon,MultiPolygon,MultiPolygon,1,MultiPolygon,1
Auckland,Sexual Offences,Offensive sexual acts,Remuera West.,NZ,Auckland Region,Auckland.,1/10/2023,0481301,Auckland Region,Teritorial Authority,Auckland,Polygon,Polygon,MultiPolygon,MultiPolygon,1,MultiPolygon,1
Auckland,Sexual Offences,Intimate image offences,Auckland Central East.,NZ,Auckland Region,Auckland.,1/03/2025,0438106,Auckland Region,Teritorial Authority,Auckland,Polygon,Polygon,MultiPolygon,MultiPolygon,1,MultiPolygon,1
Auckland,Sexual Offences,Unlawful sexual penetration of an adult,Islands-Motutapu Rangitoto Rakino.,NZ,Auckland Region,Auckland.,1/01/2024,0516900,Auckland Region,Teritorial Authority,Auckland,MultiPolygon,Polygon,MultiPolygon,MultiPolygon,1,MultiPolygon,1
Auckland,Sexual Offences,Intimate image offences,Waiheke Island.,NZ,Auckland Region,Auckland.,1/11/2023,0515104,Auckland Region,Teritorial Authority,Auckland,MultiPolygon,Polygon,MultiPolygon,MultiPolygon,1,MultiPolygon,1
Auckland,Sexual Offences,Child procurement or grooming,Oratia.,NZ,Auckland Region,Auckland.,1/02/2024,0278514,Auckland Region,Teritorial Authority,Auckland,Polygon,Polygon,MultiPolygon,MultiPolygon,1,MultiPolygon,1
Auckland,Sexual Offences,Unlawful sexual contact of an adult,Burswood.,NZ,Auckland Region,Auckland.,1/03/2024,0711408,Auckland Region,Teritorial Authority,Auckland,Polygon,Polygon,MultiPolygon,MultiPolygon,1,MultiPolygon,1
Auckland,Sexual Offences,Unlawful sexual contact of a child,Oceanic-Auckland Region East.,NZ,Auckland Region,Auckland.,1/06/2024,,Auckland Region,Teritorial Authority,Auckland,,,MultiPolygon,MultiPolygon,1,MultiPolygon,1
Auckland,Sexual Offences,Unlawful sexual contact of an adult,Puhinui North.,NZ,Auckland Region,Auckland.,1/10/2023,0673203,Auckland Region,Teritorial Authority,Auckland,Polygon,Polygon,MultiPolygon,MultiPolygon,1,MultiPolygon,1
Auckland,Sexual Offences,Offensive sexual acts,Kelston Central.,NZ,Auckland Region,Auckland.,1/01/2025,0272100,Auckland Region,Teritorial Authority,Auckland,Polygon,Polygon,MultiPolygon,MultiPolygon,1,MultiPolygon,1
Auckland,Sexual Offences,Offensive sexual acts,Lynnmall.,NZ,Auckland Region,Auckland.,1/02/2024,0264904,Auckland Region,Teritorial Authority,Auckland,Polygon,Polygon,MultiPolygon,MultiPolygon,1,MultiPolygon,1
Auckland,Sexual Offences,Unlawful sexual contact of a child,Massey Park.,NZ,Auckland Region,Auckland.,1/03/2024,0797800,Auckland Region,Teritorial Authority,Auckland,Polygon,Polygon,MultiPolygon,MultiPolygon,1,MultiPolygon,1
Auckland,Sexual Offences,Unlawful sexual contact of a child,Ardmore.,NZ,Auckland Region,Auckland.,1/05/2024,0759600,Auckland Region,Teritorial Authority,Auckland,Polygon,Polygon,MultiPolygon,MultiPolygon,1,MultiPolygon,1
Auckland,Sexual Offences,Offensive sexual acts,Mangere South.,NZ,Auckland Region,Auckland.,1/12/2023,0727200,Auckland Region,Teritorial Authority,Auckland,MultiPolygon,Polygon,MultiPolygon,MultiPolygon,1,MultiPolygon,1
Auckland,Sexual Offences,Unlawful sexual penetration of a child,Glenbrook.,NZ,Auckland Region,Auckland.,1/10/2023,0833800,Auckland Region,Teritorial Authority,Auckland,Polygon,Polygon,MultiPolygon,MultiPolygon,1,MultiPolygon,1
Auckland,Sexual Offences,Unlawful sexual penetration of an adult,Pukekohe West.,NZ,Auckland Region,Auckland.,1/01/2024,0820703,Auckland Region,Teritorial Authority,Auckland,Polygon,Polygon,MultiPolygon,MultiPolygon,1,MultiPolygon,1
Auckland,Sexual Offences,Offensive sexual acts,Monarch Park.,NZ,Auckland Region,Auckland.,1/04/2024,0205700,Auckland Region,Teritorial Authority,Auckland,Polygon,Polygon,MultiPolygon,MultiPolygon,1,MultiPolygon,1
Auckland,Sexual Offences,Offensive sexual acts,Papakura Central.,NZ,Auckland Region,Auckland.,1/01/2024,0793400,Auckland Region,Teritorial Authority,Auckland,Polygon,Polygon,MultiPolygon,MultiPolygon,1,MultiPolygon,1
Auckland,Sexual Offences,Unlawful sexual contact of a child,Eden Road-Hill Top.,NZ,Auckland Region,Auckland.,1/09/2024,0826000,Auckland Region,Teritorial Authority,Auckland,Polygon,Polygon,MultiPolygon,MultiPolygon,1,MultiPolygon,1
Auckland,Sexual Offences,Offensive sexual acts,Point England.,NZ,Auckland Region,Auckland.,1/08/2023,0477000,Auckland Region,Teritorial Authority,Auckland,Polygon,Polygon,MultiPolygon,MultiPolygon,1,MultiPolygon,1
Auckland,Sexual Offences,Child procurement or grooming,Papakura East.,NZ,Auckland Region,Auckland.,1/04/2025,0799117,Auckland Region,Teritorial Authority,Auckland,Polygon,Polygon,MultiPolygon,MultiPolygon,1,MultiPolygon,1
Auckland,Sexual Offences,Unlawful sexual penetration of an adult,Otahuhu West.,NZ,Auckland Region,Auckland.,1/11/2024,0782000,Auckland Region,Teritorial Authority,Auckland,Polygon,Polygon,MultiPolygon,MultiPolygon,1,MultiPolygon,1
Auckland,Sexual Offences,Intimate image offences,Weymouth East.,NZ,Auckland Region,Auckland.,1/03/2024,0773300,Auckland Region,Teritorial Authority,Auckland,Polygon,Polygon,MultiPolygon,MultiPolygon,1,MultiPolygon,1
Auckland,Sexual Offences,Unlawful sexual penetration of an adult,Kingseat.,NZ,Auckland Region,Auckland.,1/05/2025,0810500,Auckland Region,Teritorial Authority,Auckland,Polygon,Polygon,MultiPolygon,MultiPolygon,1,MultiPolygon,1
Auckland,Sexual Offences,Offensive sexual acts,Panmure Basin.,NZ,Auckland Region,Auckland.,1/12/2023,0628601,Auckland Region,Teritorial Authority,Auckland,Polygon,Polygon,MultiPolygon,MultiPolygon,1,MultiPolygon,1
Auckland,Sexual Offences,Child procurement or grooming,Waiata.,NZ,Auckland Region,Auckland.,1/02/2025,0489900,Auckland Region,Teritorial Authority,Auckland,Polygon,Polygon,MultiPolygon,MultiPolygon,1,MultiPolygon,1
Auckland,Sexual Offences,Unlawful sexual contact of an adult,Papakura Central.,NZ,Auckland Region,Auckland.,1/11/2023,0793000,Auckland Region,Teritorial Authority,Auckland,Polygon,Polygon,MultiPolygon,MultiPolygon,1,MultiPolygon,1
Auckland,Sexual Offences,Unlawful sexual contact of a child,Laingholm.,NZ,Auckland Region,Auckland.,1/02/2024,0302402,Auckland Region,Teritorial Authority,Auckland,Polygon,Polygon,MultiPolygon,MultiPolygon,1,MultiPolygon,1
Auckland,Sexual Offences,Offensive sexual acts,Eden Terrace.,NZ,Auckland Region,Auckland.,1/02/2024,0419703,Auckland Region,Teritorial Authority,Auckland,Polygon,Polygon,MultiPolygon,MultiPolygon,1,MultiPolygon,1
Auckland,Sexual Offences,Offensive sexual acts,Pukekohe North.,NZ,Auckland Region,Auckland.,1/08/2024,0816504,Auckland Region,Teritorial Authority,Auckland,Polygon,Polygon,MultiPolygon,MultiPolygon,1,MultiPolygon,1
Auckland,Sexual Offences,Offensive sexual acts,Tidal-Eastern Bays.,NZ,Auckland Region,Auckland.,1/04/2025,,Auckland Region,Teritorial Authority,Auckland,,,MultiPolygon,MultiPolygon,1,MultiPolygon,1
Auckland,Sexual Offences,Child procurement or grooming,Pakuranga Central.,NZ,Auckland Region,Auckland.,1/03/2024,0686000,Auckland Region,Teritorial Authority,Auckland,Polygon,Polygon,MultiPolygon,MultiPolygon,1,MultiPolygon,1
Auckland,Sexual Offences,Child procurement or grooming,Leabank.,NZ,Auckland Region,Auckland.,1/05/2025,0770800,Auckland Region,Teritorial Authority,Auckland,Polygon,Polygon,MultiPolygon,MultiPolygon,1,MultiPolygon,1
Auckland,Sexual Offences,Unlawful sexual contact of a child,North Harbour West.,NZ,Auckland Region,Auckland.,1/03/2024,0179913,Auckland Region,Teritorial Authority,Auckland,Polygon,Polygon,MultiPolygon,MultiPolygon,1,MultiPolygon,1
Auckland,Sexual Offences,Offensive sexual acts,Titirangi South.,NZ,Auckland Region,Auckland.,1/10/2023,0295600,Auckland Region,Teritorial Authority,Auckland,Polygon,Polygon,MultiPolygon,MultiPolygon,1,MultiPolygon,1
Auckland,Sexual Offences,Unlawful sexual penetration of an adult,Takanini North.,NZ,Auckland Region,Auckland.,1/06/2024,0766902,Auckland Region,Teritorial Authority,Auckland,Polygon,Polygon,MultiPolygon,MultiPolygon,1,MultiPolygon,1
Auckland,Sexual Offences,Unlawful sexual contact of a child,Papakura East.,NZ,Auckland Region,Auckland.,1/05/2024,0797400,Auckland Region,Teritorial Authority,Auckland,Polygon,Polygon,MultiPolygon,MultiPolygon,1,MultiPolygon,1
Auckland,Sexual Offences,Offensive sexual acts,Ormiston.,NZ,Auckland Region,Auckland.,1/03/2025,0713100,Auckland Region,Teritorial Authority,Auckland,Polygon,Polygon,MultiPolygon,MultiPolygon,1,MultiPolygon,1
Auckland,Sexual Offences,Intimate image offences,Hunua.,NZ,Auckland Region,Auckland.,1/04/2025,0815900,Auckland Region,Teritorial Authority,Auckland,Polygon,Polygon,MultiPolygon,MultiPolygon,1,MultiPolygon,1
Auckland,Sexual Offences,Unlawful sexual penetration of a child,Clendon South.,NZ,Auckland Region,Auckland.,1/01/2024,0774447,Auckland Region,Teritorial Authority,Auckland,Polygon,Polygon,MultiPolygon,MultiPolygon,1,MultiPolygon,1
Auckland,Sexual Offences,Unlawful sexual penetration of a child,Hobsonville East.,NZ,Auckland Region,Auckland.,1/04/2024,0221907,Auckland Region,Teritorial Authority,Auckland,Polygon,Polygon,MultiPolygon,MultiPolygon,1,MultiPolygon,1
Auckland,Sexual Offences,Unlawful sexual contact of an adult,Tahekeroa.,NZ,Auckland Region,Auckland.,1/10/2023,0178001,Auckland Region,Teritorial Authority,Auckland,Polygon,Polygon,MultiPolygon,MultiPolygon,1,MultiPolygon,1
Auckland,Sexual Offences,Unlawful sexual contact of an adult,Massey Park.,NZ,Auckland Region,Auckland.,1/09/2024,0797700,Auckland Region,Teritorial Authority,Auckland,Polygon,Polygon,MultiPolygon,MultiPolygon,1,MultiPolygon,1
Auckland,Sexual Offences,Offensive sexual acts,Glen Innes West.,NZ,Auckland Region,Auckland.,1/01/2025,0476200,Auckland Region,Teritorial Authority,Auckland,Polygon,Polygon,MultiPolygon,MultiPolygon,1,MultiPolygon,1
Auckland,Sexual Offences,Unlawful sexual contact of an adult,Bombay.,NZ,Auckland Region,Auckland.,1/11/2024,0827800,Auckland Region,Teritorial Authority,Auckland,Polygon,Polygon,MultiPolygon,MultiPolygon,1,MultiPolygon,1
Auckland,Sexual Offences,Offensive sexual acts,Grey Lynn East.,NZ,Auckland Region,Auckland.,1/01/2025,0410200,Auckland Region,Teritorial Authority,Auckland,Polygon,Polygon,MultiPolygon,MultiPolygon,1,MultiPolygon,1
Auckland,Sexual Offences,Intimate image offences,Aorere.,NZ,Auckland Region,Auckland.,1/09/2023,0745800,Auckland Region,Teritorial Authority,Auckland,Polygon,Polygon,MultiPolygon,MultiPolygon,1,MultiPolygon,1
Auckland,Sexual Offences,Unlawful sexual penetration of a child,Puhinui North.,NZ,Auckland Region,Auckland.,1/06/2025,0672104,Auckland Region,Teritorial Authority,Auckland,Polygon,Polygon,MultiPolygon,MultiPolygon,1,MultiPolygon,1
Auckland,Sexual Offences,Unlawful sexual penetration of a child,Papatoetoe Central.,NZ,Auckland Region,Auckland.,1/12/2023,0663800,Auckland Region,Teritorial Authority,Auckland,Polygon,Polygon,MultiPolygon,MultiPolygon,1,MultiPolygon,1
Auckland,Sexual Offences,Intimate image offences,Auckland Central West.,NZ,Auckland Region,Auckland.,1/07/2024,0433801,Auckland Region,Teritorial Authority,Auckland,Polygon,Polygon,MultiPolygon,MultiPolygon,1,MultiPolygon,1
Auckland,Sexual Offences,Intimate image offences,Bucklands and Eastern Beaches.,NZ,Auckland Region,Auckland.,1/07/2025,0678100,Auckland Region,Teritorial Authority,Auckland,Polygon,Polygon,MultiPolygon,MultiPolygon,1,MultiPolygon,1
Auckland,Sexual Offences,Unlawful sexual contact of an adult,Akarana.,NZ,Auckland Region,Auckland.,1/12/2023,0580500,Auckland Region,Teritorial Authority,Auckland,Polygon,Polygon,MultiPolygon,MultiPolygon,1,MultiPolygon,1
Auckland,Sexual Offences,Unlawful sexual contact of a child,Balmoral.,NZ,Auckland Region,Auckland.,1/02/2024,0548600,Auckland Region,Teritorial Authority,Auckland,Polygon,Polygon,MultiPolygon,MultiPolygon,1,MultiPolygon,1
Auckland,Sexual Offences,Unlawful sexual penetration of an adult,Bledisloe Park.,NZ,Auckland Region,Auckland.,1/04/2025,0823200,Auckland Region,Teritorial Authority,Auckland,Polygon,Polygon,MultiPolygon,MultiPolygon,1,MultiPolygon,1
Auckland,Sexual Offences,Unlawful sexual penetration of an adult,Otahuhu West.,NZ,Auckland Region,Auckland.,1/08/2024,0782200,Auckland Region,Teritorial Authority,Auckland,Polygon,Polygon,MultiPolygon,MultiPolygon,1,MultiPolygon,1
Auckland,Sexual Offences,Offensive sexual acts,Waiheke Island.,NZ,Auckland Region,Auckland.,1/11/2023,0516100,Auckland Region,Teritorial Authority,Auckland,MultiPolygon,Polygon,MultiPolygon,MultiPolygon,1,MultiPolygon,1
Auckland,Sexual Offences,Unlawful sexual contact of an adult,Manukau Central.,NZ,Auckland Region,Auckland.,1/05/2025,0780204,Auckland Region,Teritorial Authority,Auckland,Polygon,Polygon,MultiPolygon,MultiPolygon,1,MultiPolygon,1
Auckland,Sexual Offences,Unlawful sexual penetration of a child,Wattle Farm.,NZ,Auckland Region,Auckland.,1/11/2023,0769049,Auckland Region,Teritorial Authority,Auckland,Polygon,Polygon,MultiPolygon,MultiPolygon,1,MultiPolygon,1
Auckland,Sexual Offences,Unlawful sexual penetration of a child,Kingseat.,NZ,Auckland Region,Auckland.,1/09/2024,0812900,Auckland Region,Teritorial Authority,Auckland,Polygon,Polygon,MultiPolygon,MultiPolygon,1,MultiPolygon,1
Auckland,Sexual Offences,Offensive sexual acts,Roberton.,NZ,Auckland Region,Auckland.,1/03/2025,0381802,Auckland Region,Teritorial Authority,Auckland,Polygon,Polygon,MultiPolygon,MultiPolygon,1,MultiPolygon,1
Auckland,Sexual Offences,Child procurement or grooming,Remuera West.,NZ,Auckland Region,Auckland.,1/12/2024,0481101,Auckland Region,Teritorial Authority,Auckland,Polygon,Polygon,MultiPolygon,MultiPolygon,1,MultiPolygon,1
Auckland,Sexual Offences,Unlawful sexual penetration of a child,Ranui Domain.,NZ,Auckland Region,Auckland.,1/10/2023,0235905,Auckland Region,Teritorial Authority,Auckland,Polygon,Polygon,MultiPolygon,MultiPolygon,1,MultiPolygon,1
Auckland,Sexual Offences,Unlawful sexual contact of a child,Westlake.,NZ,Auckland Region,Auckland.,1/04/2024,0304800,Auckland Region,Teritorial Authority,Auckland,Polygon,Polygon,MultiPolygon,MultiPolygon,1,MultiPolygon,1
Auckland,Sexual Offences,Unlawful sexual penetration of an adult,Newmarket.,NZ,Auckland Region,Auckland.,1/05/2025,0449700,Auckland Region,Teritorial Authority,Auckland,Polygon,Polygon,MultiPolygon,MultiPolygon,1,MultiPolygon,1
Auckland,Sexual Offences,Unlawful sexual penetration of a child,Papatoetoe West.,NZ,Auckland Region,Auckland.,1/12/2023,0660100,Auckland Region,Teritorial Authority,Auckland,Polygon,Polygon,MultiPolygon,MultiPolygon,1,MultiPolygon,1
Auckland,Sexual Offences,Intimate image offences,Mangere Central.,NZ,Auckland Region,Auckland.,1/09/2024,0740500,Auckland Region,Teritorial Authority,Auckland,Polygon,Polygon,MultiPolygon,MultiPolygon,1,MultiPolygon,1
Auckland,Sexual Offences,Unlawful sexual contact of an adult,Weiti River.,NZ,Auckland Region,Auckland.,1/03/2024,0175501,Auckland Region,Teritorial Authority,Auckland,Polygon,Polygon,MultiPolygon,MultiPolygon,1,MultiPolygon,1
Auckland,Sexual Offences,Offensive sexual acts,Middlemore.,NZ,Auckland Region,Auckland.,1/05/2025,0786500,Auckland Region,Teritorial Authority,Auckland,Polygon,Polygon,MultiPolygon,MultiPolygon,1,MultiPolygon,1
Auckland,Sexual Offences,Unlawful sexual penetration of an adult,Warkworth.,NZ,Auckland Region,Auckland.,1/12/2023,0141001,Auckland Region,Teritorial Authority,Auckland,Polygon,Polygon,MultiPolygon,MultiPolygon,1,MultiPolygon,1
Auckland,Sexual Offences,Unlawful sexual contact of an adult,Lynnmall.,NZ,Auckland Region,Auckland.,1/02/2024,0264904,Auckland Region,Teritorial Authority,Auckland,Polygon,Polygon,MultiPolygon,MultiPolygon,1,MultiPolygon,1
Auckland,Sexual Offences,Unlawful sexual contact of an adult,Glenbrook.,NZ,Auckland Region,Auckland.,1/04/2024,0833702,Auckland Region,Teritorial Authority,Auckland,Polygon,Polygon,MultiPolygon,MultiPolygon,1,MultiPolygon,1
Auckland,Sexual Offences,Unlawful sexual penetration of an adult,Mt Eden North.,NZ,Auckland Region,Auckland.,1/08/2024,0542600,Auckland Region,Teritorial Authority,Auckland,Polygon,Polygon,MultiPolygon,MultiPolygon,1,MultiPolygon,1
Auckland,Sexual Offences,Child procurement or grooming,Windsor Park.,NZ,Auckland Region,Auckland.,1/06/2025,0180876,Auckland Region,Teritorial Authority,Auckland,Polygon,Polygon,MultiPolygon,MultiPolygon,1,MultiPolygon,1
Auckland,Sexual Offences,Unlawful sexual contact of a child,Wymondley.,NZ,Auckland Region,Auckland.,1/03/2024,0699900,Auckland Region,Teritorial Authority,Auckland,Polygon,Polygon,MultiPolygon,MultiPolygon,1,MultiPolygon,1
Auckland,Sexual Offences,Unlawful sexual contact of an adult,Ormiston.,NZ,Auckland Region,Auckland.,1/09/2023,0713100,Auckland Region,Teritorial Authority,Auckland,Polygon,Polygon,MultiPolygon,MultiPolygon,1,MultiPolygon,1
Auckland,Sexual Offences,Offensive sexual acts,Onehunga South East.,NZ,Auckland Region,Auckland.,1/03/2025,0602401,Auckland Region,Teritorial Authority,Auckland,Polygon,Polygon,MultiPolygon,MultiPolygon,1,MultiPolygon,1
Auckland,Sexual Offences,Offensive sexual acts,Freemans Bay.,NZ,Auckland Region,Auckland.,1/12/2024,0413500,Auckland Region,Teritorial Authority,Auckland,Polygon,Polygon,MultiPolygon,MultiPolygon,1,MultiPolygon,1
Auckland,Sexual Offences,Unlawful sexual penetration of a child,Waiheke Island.,NZ,Auckland Region,Auckland.,1/09/2023,0516601,Auckland Region,Teritorial Authority,Auckland,MultiPolygon,Polygon,MultiPolygon,MultiPolygon,1,MultiPolygon,1
Auckland,Sexual Offences,Unlawful sexual contact of a child,Wattle Farm.,NZ,Auckland Region,Auckland.,1/02/2025,0768300,Auckland Region,Teritorial Authority,Auckland,Polygon,Polygon,MultiPolygon,MultiPolygon,1,MultiPolygon,1
Auckland,Sexual Offences,Intimate image offences,Weymouth East.,NZ,Auckland Region,Auckland.,1/09/2023,0773200,Auckland Region,Teritorial Authority,Auckland,Polygon,Polygon,MultiPolygon,MultiPolygon,1,MultiPolygon,1
Auckland,Sexual Offences,Offensive sexual acts,Newmarket.,NZ,Auckland Region,Auckland.,1/03/2024,0450300,Auckland Region,Teritorial Authority,Auckland,Polygon,Polygon,MultiPolygon,MultiPolygon,1,MultiPolygon,1
Auckland,Sexual Offences,Unlawful sexual contact of an adult,Manurewa Central.,NZ,Auckland Region,Auckland.,1/02/2024,0751200,Auckland Region,Teritorial Authority,Auckland,Polygon,Polygon,MultiPolygon,MultiPolygon,1,MultiPolygon,1
Auckland,Sexual Offences,Unlawful sexual penetration of an adult,Papakura East.,NZ,Auckland Region,Auckland.,1/04/2024,0799107,Auckland Region,Teritorial Authority,Auckland,Polygon,Polygon,MultiPolygon,MultiPolygon,1,MultiPolygon,1
Auckland,Sexual Offences,Unlawful sexual penetration of an adult,Auckland Central East.,NZ,Auckland Region,Auckland.,1/09/2024,0436300,Auckland Region,Teritorial Authority,Auckland,Polygon,Polygon,MultiPolygon,MultiPolygon,1,MultiPolygon,1
Auckland,Sexual Offences,Unlawful sexual contact of an adult,Albany.,NZ,Auckland Region,Auckland.,1/05/2025,0179000,Auckland Region,Teritorial Authority,Auckland,Polygon,Polygon,MultiPolygon,MultiPolygon,1,MultiPolygon,1
Auckland,Sexual Offences,Unlawful sexual contact of a child,St Lukes.,NZ,Auckland Region,Auckland.,1/12/2023,0535300,Auckland Region,Teritorial Authority,Auckland,Polygon,Polygon,MultiPolygon,MultiPolygon,1,MultiPolygon,1
Auckland,Sexual Offences,Offensive sexual acts,Papakura Central.,NZ,Auckland Region,Auckland.,1/04/2025,0793200,Auckland Region,Teritorial Authority,Auckland,Polygon,Polygon,MultiPolygon,MultiPolygon,1,MultiPolygon,1
Auckland,Sexual Offences,Unlawful sexual penetration of a child,Owairaka East.,NZ,Auckland Region,Auckland.,1/01/2024,0521300,Auckland Region,Teritorial Authority,Auckland,Polygon,Polygon,MultiPolygon,MultiPolygon,1,MultiPolygon,1
Auckland,Sexual Offences,Unlawful sexual contact of an adult,Kingsland.,NZ,Auckland Region,Auckland.,1/05/2024,0532400,Auckland Region,Teritorial Authority,Auckland,Polygon,Polygon,MultiPolygon,MultiPolygon,1,MultiPolygon,1
Auckland,Sexual Offences,Unlawful sexual penetration of a child,Hingaia.,NZ,Auckland Region,Auckland.,1/09/2023,0806601,Auckland Region,Teritorial Authority,Auckland,Polygon,Polygon,MultiPolygon,MultiPolygon,1,MultiPolygon,1
Auckland,Sexual Offences,Unlawful sexual penetration of a child,Hunua.,NZ,Auckland Region,Auckland.,1/02/2025,0814304,Auckland Region,Teritorial Authority,Auckland,Polygon,Polygon,MultiPolygon,MultiPolygon,1,MultiPolygon,1
Auckland,Sexual Offences,Unlawful sexual contact of a child,Sturges North.,NZ,Auckland Region,Auckland.,1/07/2025,0236803,Auckland Region,Teritorial Authority,Auckland,Polygon,Polygon,MultiPolygon,MultiPolygon,1,MultiPolygon,1
Auckland,Sexual Offences,Unlawful sexual contact of an adult,Papatoetoe Central.,NZ,Auckland Region,Auckland.,1/11/2023,0663500,Auckland Region,Teritorial Authority,Auckland,Polygon,Polygon,MultiPolygon,MultiPolygon,1,MultiPolygon,1
Auckland,Sexual Offences,Offensive sexual acts,Homai East.,NZ,Auckland Region,Auckland.,1/02/2025,0780100,Auckland Region,Teritorial Authority,Auckland,Polygon,Polygon,MultiPolygon,MultiPolygon,1,MultiPolygon,1
Auckland,Sexual Offences,Unlawful sexual contact of an adult,Fairdene.,NZ,Auckland Region,Auckland.,1/04/2024,0231001,Auckland Region,Teritorial Authority,Auckland,Polygon,Polygon,MultiPolygon,MultiPolygon,1,MultiPolygon,1
Auckland,Sexual Offences,Offensive sexual acts,New Lynn North.,NZ,Auckland Region,Auckland.,1/07/2025,0267300,Auckland Region,Teritorial Authority,Auckland,Polygon,Polygon,MultiPolygon,MultiPolygon,1,MultiPolygon,1
Auckland,Sexual Offences,Offensive sexual acts,New Lynn North.,NZ,Auckland Region,Auckland.,1/11/2023,0267703,Auckland Region,Teritorial Authority,Auckland,Polygon,Polygon,MultiPolygon,MultiPolygon,1,MultiPolygon,1
Auckland,Sexual Offences,Offensive sexual acts,Waiake.,NZ,Auckland Region,Auckland.,1/01/2024,0162800,Auckland Region,Teritorial Authority,Auckland,Polygon,Polygon,MultiPolygon,MultiPolygon,1,MultiPolygon,1
Auckland,Sexual Offences,Unlawful sexual contact of a child,Oranga.,NZ,Auckland Region,Auckland.,1/02/2025,0603202,Auckland Region,Teritorial Authority,Auckland,Polygon,Polygon,MultiPolygon,MultiPolygon,1,MultiPolygon,1
Auckland,Sexual Offences,Unlawful sexual contact of an adult,Parnell West.,NZ,Auckland Region,Auckland.,1/04/2025,0453103,Auckland Region,Teritorial Authority,Auckland,Polygon,Polygon,MultiPolygon,MultiPolygon,1,MultiPolygon,1
Auckland,Sexual Offences,Unlawful sexual penetration of a child,Papakura North East.,NZ,Auckland Region,Auckland.,1/09/2023,0793900,Auckland Region,Teritorial Authority,Auckland,Polygon,Polygon,MultiPolygon,MultiPolygon,1,MultiPolygon,1
Auckland,Sexual Offences,Offensive sexual acts,Clendon South.,NZ,Auckland Region,Auckland.,1/02/2025,0774423,Auckland Region,Teritorial Authority,Auckland,Polygon,Polygon,MultiPolygon,MultiPolygon,1,MultiPolygon,1
Auckland,Sexual Offences,Offensive sexual acts,Papatoetoe East.,NZ,Auckland Region,Auckland.,1/05/2025,0669200,Auckland Region,Teritorial Authority,Auckland,Polygon,Polygon,MultiPolygon,MultiPolygon,1,MultiPolygon,1
Auckland,Sexual Offences,Unlawful sexual contact of an adult,Ponsonby East.,NZ,Auckland Region,Auckland.,1/11/2023,0429300,Auckland Region,Teritorial Authority,Auckland,Polygon,Polygon,MultiPolygon,MultiPolygon,1,MultiPolygon,1
Auckland,Sexual Offences,Offensive sexual acts,Auckland Central East.,NZ,Auckland Region,Auckland.,1/03/2025,0438104,Auckland Region,Teritorial Authority,Auckland,Polygon,Polygon,MultiPolygon,MultiPolygon,1,MultiPolygon,1
Auckland,Sexual Offences,Unlawful sexual contact of an adult,Ormiston.,NZ,Auckland Region,Auckland.,1/04/2024,0712500,Auckland Region,Teritorial Authority,Auckland,Polygon,Polygon,MultiPolygon,MultiPolygon,1,MultiPolygon,1
Auckland,Sexual Offences,Offensive sexual acts,Papatoetoe North.,NZ,Auckland Region,Auckland.,1/07/2025,0660700,Auckland Region,Teritorial Authority,Auckland,Polygon,Polygon,MultiPolygon,MultiPolygon,1,MultiPolygon,1
Auckland,Sexual Offences,Unlawful sexual contact of a child,New Windsor.,NZ,Auckland Region,Auckland.,1/04/2024,0376500,Auckland Region,Teritorial Authority,Auckland,Polygon,Polygon,MultiPolygon,MultiPolygon,1,MultiPolygon,1
Auckland,Sexual Offences,Unlawful sexual contact of an adult,Middlemore.,NZ,Auckland Region,Auckland.,1/02/2024,0786500,Auckland Region,Teritorial Authority,Auckland,Polygon,Polygon,MultiPolygon,MultiPolygon,1,MultiPolygon,1
Auckland,Sexual Offences,Unlawful sexual contact of a child,Harania East.,NZ,Auckland Region,Auckland.,1/05/2024,0732902,Auckland Region,Teritorial Authority,Auckland,Polygon,Polygon,MultiPolygon,MultiPolygon,1,MultiPolygon,1
Auckland,Sexual Offences,Offensive sexual acts,Sandringham East.,NZ,Auckland Region,Auckland.,1/05/2024,0538900,Auckland Region,Teritorial Authority,Auckland,Polygon,Polygon,MultiPolygon,MultiPolygon,1,MultiPolygon,1
Auckland,Sexual Offences,Intimate image offences,Takanini South.,NZ,Auckland Region,Auckland.,1/06/2025,0765401,Auckland Region,Teritorial Authority,Auckland,Polygon,Polygon,MultiPolygon,MultiPolygon,1,MultiPolygon,1
Auckland,Sexual Offences,Unlawful sexual contact of a child,Otara West.,NZ,Auckland Region,Auckland.,1/12/2023,0697300,Auckland Region,Teritorial Authority,Auckland,Polygon,Polygon,MultiPolygon,MultiPolygon,1,MultiPolygon,1
Auckland,Sexual Offences,Unlawful sexual penetration of an adult,Kaukapakapa Rural.,NZ,Auckland Region,Auckland.,1/06/2025,0211402,Auckland Region,Teritorial Authority,Auckland,MultiPolygon,Polygon,MultiPolygon,MultiPolygon,1,MultiPolygon,1
Auckland,Sexual Offences,Unlawful sexual contact of an adult,Mangere South.,NZ,Auckland Region,Auckland.,1/11/2023,0727200,Auckland Region,Teritorial Authority,Auckland,MultiPolygon,Polygon,MultiPolygon,MultiPolygon,1,MultiPolygon,1
Auckland,Sexual Offences,Offensive sexual acts,Blockhouse Bay.,NZ,Auckland Region,Auckland.,1/03/2025,0367300,Auckland Region,Teritorial Authority,Auckland,Polygon,Polygon,MultiPolygon,MultiPolygon,1,MultiPolygon,1
Auckland,Sexual Offences,Unlawful sexual penetration of a child,Auckland Central East.,NZ,Auckland Region,Auckland.,1/04/2024,0438404,Auckland Region,Teritorial Authority,Auckland,Polygon,Polygon,MultiPolygon,MultiPolygon,1,MultiPolygon,1
Auckland,Sexual Offences,Offensive sexual acts,Ellerslie North.,NZ,Auckland Region,Auckland.,1/11/2024,0611200,Auckland Region,Teritorial Authority,Auckland,Polygon,Polygon,MultiPolygon,MultiPolygon,1,MultiPolygon,1
Auckland,Sexual Offences,Unlawful sexual penetration of an adult,Mission Bay.,NZ,Auckland Region,Auckland.,1/03/2024,0501800,Auckland Region,Teritorial Authority,Auckland,Polygon,Polygon,MultiPolygon,MultiPolygon,1,MultiPolygon,1
Auckland,Sexual Offences,Offensive sexual acts,Massey West.,NZ,Auckland Region,Auckland.,1/02/2024,0226403,Auckland Region,Teritorial Authority,Auckland,Polygon,Polygon,MultiPolygon,MultiPolygon,1,MultiPolygon,1
Auckland,Sexual Offences,Unlawful sexual penetration of a child,Remuera South.,NZ,Auckland Region,Auckland.,1/05/2024,0492100,Auckland Region,Teritorial Authority,Auckland,Polygon,Polygon,MultiPolygon,MultiPolygon,1,MultiPolygon,1
Auckland,Sexual Offences,Offensive sexual acts,Gulf Harbour.,NZ,Auckland Region,Auckland.,1/08/2024,0175120,Auckland Region,Teritorial Authority,Auckland,MultiPolygon,Polygon,MultiPolygon,MultiPolygon,1,MultiPolygon,1
Auckland,Sexual Offences,Offensive sexual acts,Ferndale.,NZ,Auckland Region,Auckland.,1/06/2025,0643100,Auckland Region,Teritorial Authority,Auckland,Polygon,Polygon,MultiPolygon,MultiPolygon,1,MultiPolygon,1
Auckland,Sexual Offences,Unlawful sexual penetration of an adult,Totara Heights.,NZ,Auckland Region,Auckland.,1/07/2024,0760702,Auckland Region,Teritorial Authority,Auckland,Polygon,Polygon,MultiPolygon,MultiPolygon,1,MultiPolygon,1
Auckland,Sexual Offences,Offensive sexual acts,Sunnyvale.,NZ,Auckland Region,Auckland.,1/12/2023,0276102,Auckland Region,Teritorial Authority,Auckland,Polygon,Polygon,MultiPolygon,MultiPolygon,1,MultiPolygon,1
Auckland,Sexual Offences,Unlawful sexual contact of an adult,Auckland Harbourside.,NZ,Auckland Region,Auckland.,1/01/2024,0432900,Auckland Region,Teritorial Authority,Auckland,Polygon,Polygon,MultiPolygon,MultiPolygon,1,MultiPolygon,1
Auckland,Sexual Offences,Unlawful sexual contact of an adult,Burswood.,NZ,Auckland Region,Auckland.,1/04/2025,0711408,Auckland Region,Teritorial Authority,Auckland,Polygon,Polygon,MultiPolygon,MultiPolygon,1,MultiPolygon,1
Auckland,Sexual Offences,Unlawful sexual contact of a child,Drury.,NZ,Auckland Region,Auckland.,1/09/2023,0808608,Auckland Region,Teritorial Authority,Auckland,Polygon,Polygon,MultiPolygon,MultiPolygon,1,MultiPolygon,1
Auckland,Sexual Offences,Unlawful sexual contact of an adult,Surrey Crescent.,NZ,Auckland Region,Auckland.,1/02/2025,0402800,Auckland Region,Teritorial Authority,Auckland,Polygon,Polygon,MultiPolygon,MultiPolygon,1,MultiPolygon,1
Auckland,Sexual Offences,Unlawful sexual contact of a child,Beaumont.,NZ,Auckland Region,Auckland.,1/12/2023,0753202,Auckland Region,Teritorial Authority,Auckland,Polygon,Polygon,MultiPolygon,MultiPolygon,1,MultiPolygon,1
Auckland,Sexual Offences,Unlawful sexual contact of an adult,Glen Eden East.,NZ,Auckland Region,Auckland.,1/12/2023,0285201,Auckland Region,Teritorial Authority,Auckland,Polygon,Polygon,MultiPolygon,MultiPolygon,1,MultiPolygon,1
Auckland,Sexual Offences,Offensive sexual acts,Pakuranga East.,NZ,Auckland Region,Auckland.,1/07/2024,0691000,Auckland Region,Teritorial Authority,Auckland,Polygon,Polygon,MultiPolygon,MultiPolygon,1,MultiPolygon,1
Auckland,Sexual Offences,Unlawful sexual contact of an adult,Auckland Central West.,NZ,Auckland Region,Auckland.,1/04/2024,0435500,Auckland Region,Teritorial Authority,Auckland,Polygon,Polygon,MultiPolygon,MultiPolygon,1,MultiPolygon,1
Auckland,Sexual Offences,Offensive sexual acts,Otahuhu West.,NZ,Auckland Region,Auckland.,1/11/2024,0784100,Auckland Region,Teritorial Authority,Auckland,Polygon,Polygon,MultiPolygon,MultiPolygon,1,MultiPolygon,1
Auckland,Sexual Offences,Unlawful sexual contact of an adult,One Tree Hill Central.,NZ,Auckland Region,Auckland.,1/02/2024,0624900,Auckland Region,Teritorial Authority,Auckland,Polygon,Polygon,MultiPolygon,MultiPolygon,1,MultiPolygon,1
Auckland,Sexual Offences,Offensive sexual acts,Westgate.,NZ,Auckland Region,Auckland.,1/02/2024,0224306,Auckland Region,Teritorial Authority,Auckland,Polygon,Polygon,MultiPolygon,MultiPolygon,1,MultiPolygon,1
Auckland,Sexual Offences,Unlawful sexual contact of a child,Donegal Park.,NZ,Auckland Region,Auckland.,1/12/2023,0712809,Auckland Region,Teritorial Authority,Auckland,Polygon,Polygon,MultiPolygon,MultiPolygon,1,MultiPolygon,1
Auckland,Sexual Offences,Unlawful sexual penetration of a child,Puhinui South.,NZ,Auckland Region,Auckland.,1/04/2024,0673500,Auckland Region,Teritorial Authority,Auckland,Polygon,Polygon,MultiPolygon,MultiPolygon,1,MultiPolygon,1
Auckland,Sexual Offences,Unlawful sexual penetration of a child,Auckland Harbourside.,NZ,Auckland Region,Auckland.,1/08/2024,0438209,Auckland Region,Teritorial Authority,Auckland,Polygon,Polygon,MultiPolygon,MultiPolygon,1,MultiPolygon,1
Auckland,Sexual Offences,Unlawful sexual contact of an adult,Tamaki.,NZ,Auckland Region,Auckland.,1/05/2025,0630700,Auckland Region,Teritorial Authority,Auckland,Polygon,Polygon,MultiPolygon,MultiPolygon,1,MultiPolygon,1
Auckland,Sexual Offences,Offensive sexual acts,Pahurehure.,NZ,Auckland Region,Auckland.,1/07/2024,0806103,Auckland Region,Teritorial Authority,Auckland,Polygon,Polygon,MultiPolygon,MultiPolygon,1,MultiPolygon,1
Auckland,Sexual Offences,Unlawful sexual contact of an adult,Unsworth Heights.,NZ,Auckland Region,Auckland.,1/12/2023,0180819,Auckland Region,Teritorial Authority,Auckland,Polygon,Polygon,MultiPolygon,MultiPolygon,1,MultiPolygon,1
Auckland,Sexual Offences,Unlawful sexual contact of an adult,Green Bay.,NZ,Auckland Region,Auckland.,1/01/2025,0290300,Auckland Region,Teritorial Authority,Auckland,Polygon,Polygon,MultiPolygon,MultiPolygon,1,MultiPolygon,1
Auckland,Sexual Offences,Unlawful sexual contact of an adult,Penrose.,NZ,Auckland Region,Auckland.,1/11/2024,0621700,Auckland Region,Teritorial Authority,Auckland,Polygon,Polygon,MultiPolygon,MultiPolygon,1,MultiPolygon,1
Auckland,Sexual Offences,Unlawful sexual contact of a child,Papakura East.,NZ,Auckland Region,Auckland.,1/09/2023,0799121,Auckland Region,Teritorial Authority,Auckland,Polygon,Polygon,MultiPolygon,MultiPolygon,1,MultiPolygon,1
Auckland,Sexual Offences,Unlawful sexual penetration of an adult,Newton.,NZ,Auckland Region,Auckland.,1/03/2025,0412302,Auckland Region,Teritorial Authority,Auckland,Polygon,Polygon,MultiPolygon,MultiPolygon,1,MultiPolygon,1
Auckland,Sexual Offences,Unlawful sexual contact of an adult,Burbank.,NZ,Auckland Region,Auckland.,1/05/2025,0774801,Auckland Region,Teritorial Authority,Auckland,Polygon,Polygon,MultiPolygon,MultiPolygon,1,MultiPolygon,1
Auckland,Sexual Offences,Unlawful sexual contact of an adult,St Marys.,NZ,Auckland Region,Auckland.,1/12/2023,0426108,Auckland Region,Teritorial Authority,Auckland,Polygon,Polygon,MultiPolygon,MultiPolygon,1,MultiPolygon,1
Auckland,Sexual Offences,Unlawful sexual penetration of a child,Mt Wellington South.,NZ,Auckland Region,Auckland.,1/07/2024,0637500,Auckland Region,Teritorial Authority,Auckland,Polygon,Polygon,MultiPolygon,MultiPolygon,1,MultiPolygon,1
Auckland,Sexual Offences,Unlawful sexual contact of an adult,Auckland Central West.,NZ,Auckland Region,Auckland.,1/04/2024,0435500,Auckland Region,Teritorial Authority,Auckland,Polygon,Polygon,MultiPolygon,MultiPolygon,1,MultiPolygon,1
Auckland,Sexual Offences,Unlawful sexual contact of a child,Glen Innes North.,NZ,Auckland Region,Auckland.,1/05/2025,0467500,Auckland Region,Teritorial Authority,Auckland,Polygon,Polygon,MultiPolygon,MultiPolygon,1,MultiPolygon,1
Auckland,Sexual Offences,Unlawful sexual penetration of an adult,Auckland Central West.,NZ,Auckland Region,Auckland.,1/04/2024,0434500,Auckland Region,Teritorial Authority,Auckland,Polygon,Polygon,MultiPolygon,MultiPolygon,1,MultiPolygon,1
Auckland,Sexual Offences,Unlawful sexual contact of a child,Wellsford.,NZ,Auckland Region,Auckland.,1/02/2024,0142500,Auckland Region,Teritorial Authority,Auckland,Polygon,Polygon,MultiPolygon,MultiPolygon,1,MultiPolygon,1
Auckland,Sexual Offences,Unlawful sexual contact of an adult,Rosehill.,NZ,Auckland Region,Auckland.,1/06/2025,0804400,Auckland Region,Teritorial Authority,Auckland,Polygon,Polygon,MultiPolygon,MultiPolygon,1,MultiPolygon,1
Auckland,Sexual Offences,Unlawful sexual contact of a child,Mangere South.,NZ,Auckland Region,Auckland.,1/04/2024,0728612,Auckland Region,Teritorial Authority,Auckland,MultiPolygon,Polygon,MultiPolygon,MultiPolygon,1,MultiPolygon,1
Auckland,Sexual Offences,Unlawful sexual contact of an adult,Auckland Harbourside.,NZ,Auckland Region,Auckland.,1/04/2025,0433001,Auckland Region,Teritorial Authority,Auckland,Polygon,Polygon,MultiPolygon,MultiPolygon,1,MultiPolygon,1
Auckland,Sexual Offences,Unlawful sexual penetration of an adult,Auckland Harbourside.,NZ,Auckland Region,Auckland.,1/08/2024,0438209,Auckland Region,Teritorial Authority,Auckland,Polygon,Polygon,MultiPolygon,MultiPolygon,1,MultiPolygon,1
Auckland,Sexual Offences,Unlawful sexual contact of an adult,Fruitvale.,NZ,Auckland Region,Auckland.,1/06/2025,0263500,Auckland Region,Teritorial Authority,Auckland,Polygon,Polygon,MultiPolygon,MultiPolygon,1,MultiPolygon,1
Auckland,Sexual Offences,Unlawful sexual contact of a child,Takanini South.,NZ,Auckland Region,Auckland.,1/05/2024,0765900,Auckland Region,Teritorial Authority,Auckland,Polygon,Polygon,MultiPolygon,MultiPolygon,1,MultiPolygon,1
Auckland,Sexual Offences,Offensive sexual acts,Bledisloe Park.,NZ,Auckland Region,Auckland.,1/02/2024,0822900,Auckland Region,Teritorial Authority,Auckland,Polygon,Polygon,MultiPolygon,MultiPolygon,1,MultiPolygon,1
Auckland,Sexual Offences,Unlawful sexual contact of an adult,Hillsborough West.,NZ,Auckland Region,Auckland.,1/01/2025,0572702,Auckland Region,Teritorial Authority,Auckland,Polygon,Polygon,MultiPolygon,MultiPolygon,1,MultiPolygon,1
Auckland,Sexual Offences,Unlawful sexual contact of an adult,Auckland Central East.,NZ,Auckland Region,Auckland.,1/12/2024,0437600,Auckland Region,Teritorial Authority,Auckland,Polygon,Polygon,MultiPolygon,MultiPolygon,1,MultiPolygon,1
Auckland,Sexual Offences,Unlawful sexual contact of a child,Pukekohe North.,NZ,Auckland Region,Auckland.,1/10/2023,0817701,Auckland Region,Teritorial Authority,Auckland,Polygon,Polygon,MultiPolygon,MultiPolygon,1,MultiPolygon,1
Auckland,Sexual Offences,Unlawful sexual penetration of a child,Stillwater.,NZ,Auckland Region,Auckland.,1/03/2025,0175810,Auckland Region,Teritorial Authority,Auckland,Polygon,Polygon,MultiPolygon,MultiPolygon,1,MultiPolygon,1
Auckland,Sexual Offences,Unlawful sexual contact of an adult,Wade Heads.,NZ,Auckland Region,Auckland.,1/11/2024,0173903,Auckland Region,Teritorial Authority,Auckland,Polygon,Polygon,MultiPolygon,MultiPolygon,1,MultiPolygon,1
Auckland,Sexual Offences,Unlawful sexual penetration of an adult,Auckland Central West.,NZ,Auckland Region,Auckland.,1/02/2024,0434500,Auckland Region,Teritorial Authority,Auckland,Polygon,Polygon,MultiPolygon,MultiPolygon,1,MultiPolygon,1
Auckland,Sexual Offences,Unlawful sexual penetration of an adult,Mangere Bridge.,NZ,Auckland Region,Auckland.,1/04/2025,0724800,Auckland Region,Teritorial Authority,Auckland,Polygon,Polygon,MultiPolygon,MultiPolygon,1,MultiPolygon,1
Auckland,Sexual Offences,Unlawful sexual contact of an adult,Auckland Central East.,NZ,Auckland Region,Auckland.,1/08/2024,0436805,Auckland Region,Teritorial Authority,Auckland,Polygon,Polygon,MultiPolygon,MultiPolygon,1,MultiPolygon,1
Auckland,Sexual Offences,Unlawful sexual contact of an adult,Grafton East.,NZ,Auckland Region,Auckland.,1/07/2025,0443100,Auckland Region,Teritorial Authority,Auckland,Polygon,Polygon,MultiPolygon,MultiPolygon,1,MultiPolygon,1
Auckland,Sexual Offences,Unlawful sexual penetration of a child,Red Hill.,NZ,Auckland Region,Auckland.,1/09/2024,0800400,Auckland Region,Teritorial Authority,Auckland,Polygon,Polygon,MultiPolygon,MultiPolygon,1,MultiPolygon,1
Auckland,Sexual Offences,Offensive sexual acts,Ranui Domain.,NZ,Auckland Region,Auckland.,1/02/2024,0236001,Auckland Region,Teritorial Authority,Auckland,Polygon,Polygon,MultiPolygon,MultiPolygon,2,MultiPolygon,2
Auckland,Sexual Offences,Unlawful sexual contact of an adult,Middlemore.,NZ,Auckland Region,Auckland.,1/01/2025,0786500,Auckland Region,Teritorial Authority,Auckland,Polygon,Polygon,MultiPolygon,MultiPolygon,1,MultiPolygon,1
Auckland,Sexual Offences,Unlawful sexual penetration of a child,Glendene North.,NZ,Auckland Region,Auckland.,1/11/2024,0276006,Auckland Region,Teritorial Authority,Auckland,Polygon,Polygon,MultiPolygon,MultiPolygon,1,MultiPolygon,1
Auckland,Sexual Offences,Unlawful sexual penetration of a child,Waiuku West.,NZ,Auckland Region,Auckland.,1/08/2023,0837300,Auckland Region,Teritorial Authority,Auckland,Polygon,Polygon,MultiPolygon,MultiPolygon,1,MultiPolygon,1
Auckland,Sexual Offences,Unlawful sexual contact of an adult,Greenmount.,NZ,Auckland Region,Auckland.,1/01/2024,0711801,Auckland Region,Teritorial Authority,Auckland,Polygon,Polygon,MultiPolygon,MultiPolygon,1,MultiPolygon,1
Auckland,Sexual Offences,Unlawful sexual penetration of a child,Harania East.,NZ,Auckland Region,Auckland.,1/08/2024,0733000,Auckland Region,Teritorial Authority,Auckland,Polygon,Polygon,MultiPolygon,MultiPolygon,1,MultiPolygon,1
Auckland,Sexual Offences,Unlawful sexual contact of an adult,Mt Eden North.,NZ,Auckland Region,Auckland.,1/04/2024,0542700,Auckland Region,Teritorial Authority,Auckland,Polygon,Polygon,MultiPolygon,MultiPolygon,1,MultiPolygon,1
Auckland,Sexual Offences,Unlawful sexual penetration of a child,Grafton West.,NZ,Auckland Region,Auckland.,1/06/2025,0440904,Auckland Region,Teritorial Authority,Auckland,Polygon,Polygon,MultiPolygon,MultiPolygon,1,MultiPolygon,1
Auckland,Sexual Offences,Unlawful sexual contact of an adult,Auckland Central East.,NZ,Auckland Region,Auckland.,1/09/2023,0437702,Auckland Region,Teritorial Authority,Auckland,Polygon,Polygon,MultiPolygon,MultiPolygon,1,MultiPolygon,1
Auckland,Sexual Offences,Unlawful sexual contact of a child,Dannemora.,NZ,Auckland Region,Auckland.,1/02/2024,0711709,Auckland Region,Teritorial Authority,Auckland,Polygon,Polygon,MultiPolygon,MultiPolygon,1,MultiPolygon,1
Auckland,Sexual Offences,Intimate image offences,Unsworth Heights.,NZ,Auckland Region,Auckland.,1/09/2023,0180844,Auckland Region,Teritorial Authority,Auckland,Polygon,Polygon,MultiPolygon,MultiPolygon,1,MultiPolygon,1
Auckland,Sexual Offences,Unlawful sexual contact of an adult,Otara South.,NZ,Auckland Region,Auckland.,1/06/2025,0707500,Auckland Region,Teritorial Authority,Auckland,Polygon,Polygon,MultiPolygon,MultiPolygon,1,MultiPolygon,1
Auckland,Sexual Offences,Unlawful sexual penetration of an adult,Auckland Central West.,NZ,Auckland Region,Auckland.,1/02/2025,0434701,Auckland Region,Teritorial Authority,Auckland,Polygon,Polygon,MultiPolygon,MultiPolygon,1,MultiPolygon,1
Auckland,Sexual Offences,Unlawful sexual penetration of an adult,Woodglen.,NZ,Auckland Region,Auckland.,1/03/2024,0283901,Auckland Region,Teritorial Authority,Auckland,Polygon,Polygon,MultiPolygon,MultiPolygon,1,MultiPolygon,1
Auckland,Sexual Offences,Unlawful sexual contact of a child,Wiri.,NZ,Auckland Region,Auckland.,1/04/2024,0780414,Auckland Region,Teritorial Authority,Auckland,Polygon,Polygon,MultiPolygon,MultiPolygon,1,MultiPolygon,1
Auckland,Sexual Offences,Offensive sexual acts,Beachhaven North.,NZ,Auckland Region,Auckland.,1/06/2024,0343703,Auckland Region,Teritorial Authority,Auckland,Polygon,Polygon,MultiPolygon,MultiPolygon,1,MultiPolygon,1
Auckland,Sexual Offences,Unlawful sexual contact of an adult,Mt Eden North.,NZ,Auckland Region,Auckland.,1/02/2024,0542700,Auckland Region,Teritorial Authority,Auckland,Polygon,Polygon,MultiPolygon,MultiPolygon,1,MultiPolygon,1
Auckland,Sexual Offences,Intimate image offences,Sunnybrae.,NZ,Auckland Region,Auckland.,1/06/2025,0204500,Auckland Region,Teritorial Authority,Auckland,Polygon,Polygon,MultiPolygon,MultiPolygon,1,MultiPolygon,1
Auckland,Sexual Offences,Unlawful sexual contact of an adult,Papakura South.,NZ,Auckland Region,Auckland.,1/07/2024,0801500,Auckland Region,Teritorial Authority,Auckland,Polygon,Polygon,MultiPolygon,MultiPolygon,1,MultiPolygon,1
Auckland,Sexual Offences,Offensive sexual acts,Onehunga South West.,NZ,Auckland Region,Auckland.,1/01/2024,0596700,Auckland Region,Teritorial Authority,Auckland,Polygon,Polygon,MultiPolygon,MultiPolygon,1,MultiPolygon,1
Auckland,Sexual Offences,Unlawful sexual contact of an adult,Mt Hobson.,NZ,Auckland Region,Auckland.,1/02/2025,0490900,Auckland Region,Teritorial Authority,Auckland,Polygon,Polygon,MultiPolygon,MultiPolygon,1,MultiPolygon,1
Auckland,Sexual Offences,Unlawful sexual contact of a child,Pukekohe North.,NZ,Auckland Region,Auckland.,1/04/2025,0818600,Auckland Region,Teritorial Authority,Auckland,Polygon,Polygon,MultiPolygon,MultiPolygon,1,MultiPolygon,1
Auckland,Sexual Offences,Unlawful sexual contact of a child,Patumahoe.,NZ,Auckland Region,Auckland.,1/09/2023,0811300,Auckland Region,Teritorial Authority,Auckland,Polygon,Polygon,MultiPolygon,MultiPolygon,1,MultiPolygon,1
Auckland,Sexual Offences,Unlawful sexual penetration of a child,Bledisloe Park.,NZ,Auckland Region,Auckland.,1/01/2024,0824302,Auckland Region,Teritorial Authority,Auckland,Polygon,Polygon,MultiPolygon,MultiPolygon,1,MultiPolygon,1
Auckland,Sexual Offences,Unlawful sexual contact of a child,Redoubt South.,NZ,Auckland Region,Auckland.,1/10/2024,0760138,Auckland Region,Teritorial Authority,Auckland,Polygon,Polygon,MultiPolygon,MultiPolygon,1,MultiPolygon,1
Auckland,Sexual Offences,Unlawful sexual contact of an adult,Ellerslie South.,NZ,Auckland Region,Auckland.,1/04/2024,0611700,Auckland Region,Teritorial Authority,Auckland,Polygon,Polygon,MultiPolygon,MultiPolygon,1,MultiPolygon,1
Auckland,Sexual Offences,Unlawful sexual contact of a child,Panmure Basin.,NZ,Auckland Region,Auckland.,1/06/2025,0628400,Auckland Region,Teritorial Authority,Auckland,Polygon,Polygon,MultiPolygon,MultiPolygon,1,MultiPolygon,1
Auckland,Sexual Offences,Unlawful sexual penetration of an adult,Mangere Central.,NZ,Auckland Region,Auckland.,1/07/2025,0741201,Auckland Region,Teritorial Authority,Auckland,Polygon,Polygon,MultiPolygon,MultiPolygon,1,MultiPolygon,1
Auckland,Sexual Offences,Unlawful sexual penetration of an adult,Point Chevalier East.,NZ,Auckland Region,Auckland.,1/03/2025,0390501,Auckland Region,Teritorial Authority,Auckland,Polygon,Polygon,MultiPolygon,MultiPolygon,1,MultiPolygon,1
Auckland,Sexual Offences,Unlawful sexual contact of a child,Royal Heights.,NZ,Auckland Region,Auckland.,1/04/2024,0226003,Auckland Region,Teritorial Authority,Auckland,Polygon,Polygon,MultiPolygon,MultiPolygon,1,MultiPolygon,1
Auckland,Sexual Offences,Unlawful sexual penetration of an adult,Meadowbank South.,NZ,Auckland Region,Auckland.,1/04/2024,0462823,Auckland Region,Teritorial Authority,Auckland,Polygon,Polygon,MultiPolygon,MultiPolygon,1,MultiPolygon,1
Auckland,Sexual Offences,Unlawful sexual penetration of a child,Manly.,NZ,Auckland Region,Auckland.,1/09/2024,0174509,Auckland Region,Teritorial Authority,Auckland,Polygon,Polygon,MultiPolygon,MultiPolygon,1,MultiPolygon,1
Auckland,Sexual Offences,Unlawful sexual contact of a child,Viscount.,NZ,Auckland Region,Auckland.,1/06/2025,0737700,Auckland Region,Teritorial Authority,Auckland,Polygon,Polygon,MultiPolygon,MultiPolygon,1,MultiPolygon,1
Auckland,Sexual Offences,Unlawful sexual penetration of an adult,Middlemore.,NZ,Auckland Region,Auckland.,1/02/2024,0786500,Auckland Region,Teritorial Authority,Auckland,Polygon,Polygon,MultiPolygon,MultiPolygon,1,MultiPolygon,1
Auckland,Sexual Offences,Unlawful sexual penetration of an adult,Huapai.,NZ,Auckland Region,Auckland.,1/06/2025,0215000,Auckland Region,Teritorial Authority,Auckland,Polygon,Polygon,MultiPolygon,MultiPolygon,1,MultiPolygon,1
Auckland,Sexual Offences,Child procurement or grooming,Waiuku East.,NZ,Auckland Region,Auckland.,1/05/2024,0835201,Auckland Region,Teritorial Authority,Auckland,Polygon,Polygon,MultiPolygon,MultiPolygon,1,MultiPolygon,1
Auckland,Sexual Offences,Unlawful sexual contact of a child,Point Chevalier South.,NZ,Auckland Region,Auckland.,1/02/2024,0391500,Auckland Region,Teritorial Authority,Auckland,Polygon,Polygon,MultiPolygon,MultiPolygon,1,MultiPolygon,1
Auckland,Sexual Offences,Unlawful sexual penetration of an adult,Tamaki.,NZ,Auckland Region,Auckland.,1/02/2025,0630400,Auckland Region,Teritorial Authority,Auckland,Polygon,Polygon,MultiPolygon,MultiPolygon,1,MultiPolygon,1
Auckland,Sexual Offences,Intimate image offences,Kilkenny.,NZ,Auckland Region,Auckland.,1/04/2025,3205001,Auckland Region,Teritorial Authority,Auckland,Polygon,Polygon,MultiPolygon,MultiPolygon,1,MultiPolygon,1
Auckland,Sexual Offences,Unlawful sexual penetration of a child,Papakura North East.,NZ,Auckland Region,Auckland.,1/10/2023,0794400,Auckland Region,Teritorial Authority,Auckland,Polygon,Polygon,MultiPolygon,MultiPolygon,1,MultiPolygon,1
Auckland,Sexual Offences,Intimate image offences,Mascot.,NZ,Auckland Region,Auckland.,1/11/2023,0737500,Auckland Region,Teritorial Authority,Auckland,Polygon,Polygon,MultiPolygon,MultiPolygon,1,MultiPolygon,1
Auckland,Sexual Offences,Unlawful sexual contact of an adult,Glen Eden East.,NZ,Auckland Region,Auckland.,1/02/2025,0286701,Auckland Region,Teritorial Authority,Auckland,Polygon,Polygon,MultiPolygon,MultiPolygon,1,MultiPolygon,1
Auckland,Sexual Offences,Unlawful sexual contact of an adult,Ellerslie South.,NZ,Auckland Region,Auckland.,1/04/2024,0611500,Auckland Region,Teritorial Authority,Auckland,Polygon,Polygon,MultiPolygon,MultiPolygon,1,MultiPolygon,1
Auckland,Sexual Offences,Offensive sexual acts,Hobsonville East.,NZ,Auckland Region,Auckland.,1/04/2024,0221802,Auckland Region,Teritorial Authority,Auckland,Polygon,Polygon,MultiPolygon,MultiPolygon,1,MultiPolygon,1
Auckland,Sexual Offences,Unlawful sexual contact of an adult,Edgewater.,NZ,Auckland Region,Auckland.,1/04/2025,0687001,Auckland Region,Teritorial Authority,Auckland,Polygon,Polygon,MultiPolygon,MultiPolygon,1,MultiPolygon,1
Auckland,Sexual Offences,Unlawful sexual penetration of an adult,Monarch Park.,NZ,Auckland Region,Auckland.,1/07/2024,0207900,Auckland Region,Teritorial Authority,Auckland,Polygon,Polygon,MultiPolygon,MultiPolygon,1,MultiPolygon,1
Auckland,Sexual Offences,Unlawful sexual contact of a child,Puhinui South.,NZ,Auckland Region,Auckland.,1/06/2025,0780205,Auckland Region,Teritorial Authority,Auckland,Polygon,Polygon,MultiPolygon,MultiPolygon,1,MultiPolygon,1
Auckland,Sexual Offences,Offensive sexual acts,Sunnynook.,NZ,Auckland Region,Auckland.,1/02/2024,0192800,Auckland Region,Teritorial Authority,Auckland,Polygon,Polygon,MultiPolygon,MultiPolygon,1,MultiPolygon,1
Auckland,Sexual Offences,Unlawful sexual contact of a child,Greenhithe.,NZ,Auckland Region,Auckland.,1/10/2023,0181114,Auckland Region,Teritorial Authority,Auckland,Polygon,Polygon,MultiPolygon,MultiPolygon,1,MultiPolygon,1
Auckland,Sexual Offences,Child procurement or grooming,Beachlands-Maraetai.,NZ,Auckland Region,Auckland.,1/05/2025,0719203,Auckland Region,Teritorial Authority,Auckland,MultiPolygon,Polygon,MultiPolygon,MultiPolygon,1,MultiPolygon,1
Auckland,Sexual Offences,Offensive sexual acts,Clevedon.,NZ,Auckland Region,Auckland.,1/07/2024,0762800,Auckland Region,Teritorial Authority,Auckland,Polygon,Polygon,MultiPolygon,MultiPolygon,1,MultiPolygon,1
Auckland,Sexual Offences,Child procurement or grooming,Swanson.,NZ,Auckland Region,Auckland.,1/03/2024,0238002,Auckland Region,Teritorial Authority,Auckland,Polygon,Polygon,MultiPolygon,MultiPolygon,1,MultiPolygon,1
Auckland,Sexual Offences,Unlawful sexual contact of an adult,Point Chevalier East.,NZ,Auckland Region,Auckland.,1/02/2025,0392500,Auckland Region,Teritorial Authority,Auckland,Polygon,Polygon,MultiPolygon,MultiPolygon,1,MultiPolygon,1
Auckland,Sexual Offences,Child procurement or grooming,Wellsford.,NZ,Auckland Region,Auckland.,1/12/2024,0142200,Auckland Region,Teritorial Authority,Auckland,Polygon,Polygon,MultiPolygon,MultiPolygon,1,MultiPolygon,1
Auckland,Sexual Offences,Unlawful sexual contact of a child,Point View.,NZ,Auckland Region,Auckland.,1/09/2023,0712105,Auckland Region,Teritorial Authority,Auckland,Polygon,Polygon,MultiPolygon,MultiPolygon,1,MultiPolygon,1
Auckland,Sexual Offences,Intimate image offences,Mt Albert Central.,NZ,Auckland Region,Auckland.,1/12/2023,0527400,Auckland Region,Teritorial Authority,Auckland,Polygon,Polygon,MultiPolygon,MultiPolygon,1,MultiPolygon,1
Auckland,Sexual Offences,Unlawful sexual contact of an adult,Newmarket.,NZ,Auckland Region,Auckland.,1/02/2025,0451300,Auckland Region,Teritorial Authority,Auckland,Polygon,Polygon,MultiPolygon,MultiPolygon,1,MultiPolygon,1
Auckland,Sexual Offences,Unlawful sexual penetration of a child,West Harbour.,NZ,Auckland Region,Auckland.,1/04/2024,0224215,Auckland Region,Teritorial Authority,Auckland,Polygon,Polygon,MultiPolygon,MultiPolygon,1,MultiPolygon,1
Auckland,Sexual Offences,Offensive sexual acts,Parrs Park West.,NZ,Auckland Region,Auckland.,1/07/2025,0278009,Auckland Region,Teritorial Authority,Auckland,Polygon,Polygon,MultiPolygon,MultiPolygon,1,MultiPolygon,1
Auckland,Sexual Offences,Unlawful sexual penetration of a child,Leigh.,NZ,Auckland Region,Auckland.,1/02/2025,0136900,Auckland Region,Teritorial Authority,Auckland,Polygon,Polygon,MultiPolygon,MultiPolygon,1,MultiPolygon,1
Auckland,Sexual Offences,Unlawful sexual contact of an adult,Windy Ridge.,NZ,Auckland Region,Auckland.,1/11/2023,0189200,Auckland Region,Teritorial Authority,Auckland,Polygon,Polygon,MultiPolygon,MultiPolygon,1,MultiPolygon,1
Auckland,Sexual Offences,Unlawful sexual contact of a child,Totara Heights.,NZ,Auckland Region,Auckland.,1/11/2023,0759510,Auckland Region,Teritorial Authority,Auckland,Polygon,Polygon,MultiPolygon,MultiPolygon,1,MultiPolygon,1
Auckland,Sexual Offences,Offensive sexual acts,Clevedon.,NZ,Auckland Region,Auckland.,1/12/2024,0762600,Auckland Region,Teritorial Authority,Auckland,Polygon,Polygon,MultiPolygon,MultiPolygon,1,MultiPolygon,1
Auckland,Sexual Offences,Offensive sexual acts,Grafton East.,NZ,Auckland Region,Auckland.,1/01/2024,0442400,Auckland Region,Teritorial Authority,Auckland,Polygon,Polygon,MultiPolygon,MultiPolygon,2,MultiPolygon,2
Auckland,Sexual Offences,Offensive sexual acts,Henderson North.,NZ,Auckland Region,Auckland.,1/04/2025,0239501,Auckland Region,Teritorial Authority,Auckland,Polygon,Polygon,MultiPolygon,MultiPolygon,1,MultiPolygon,1
Auckland,Sexual Offences,Unlawful sexual penetration of a child,Pukekohe North.,NZ,Auckland Region,Auckland.,1/10/2023,0820300,Auckland Region,Teritorial Authority,Auckland,Polygon,Polygon,MultiPolygon,MultiPolygon,1,MultiPolygon,1
Auckland,Sexual Offences,Offensive sexual acts,Manukau Central.,NZ,Auckland Region,Auckland.,1/11/2023,0780204,Auckland Region,Teritorial Authority,Auckland,Polygon,Polygon,MultiPolygon,MultiPolygon,1,MultiPolygon,1
Auckland,Sexual Offences,Unlawful sexual contact of an adult,Grey Lynn East.,NZ,Auckland Region,Auckland.,1/07/2024,0409200,Auckland Region,Teritorial Authority,Auckland,Polygon,Polygon,MultiPolygon,MultiPolygon,1,MultiPolygon,1
Auckland,Sexual Offences,Unlawful sexual contact of an adult,Albany.,NZ,Auckland Region,Auckland.,1/03/2024,0179000,Auckland Region,Teritorial Authority,Auckland,Polygon,Polygon,MultiPolygon,MultiPolygon,1,MultiPolygon,1
Auckland,Sexual Offences,Unlawful sexual penetration of an adult,Takanini South.,NZ,Auckland Region,Auckland.,1/05/2025,0765404,Auckland Region,Teritorial Authority,Auckland,Polygon,Polygon,MultiPolygon,MultiPolygon,1,MultiPolygon,1
Auckland,Sexual Offences,Unlawful sexual penetration of a child,Homai West.,NZ,Auckland Region,Auckland.,1/12/2024,0778800,Auckland Region,Teritorial Authority,Auckland,Polygon,Polygon,MultiPolygon,MultiPolygon,1,MultiPolygon,1
Auckland,Sexual Offences,Unlawful sexual penetration of a child,Papatoetoe North.,NZ,Auckland Region,Auckland.,1/04/2024,0660700,Auckland Region,Teritorial Authority,Auckland,Polygon,Polygon,MultiPolygon,MultiPolygon,1,MultiPolygon,1
Auckland,Sexual Offences,Unlawful sexual contact of an adult,Pakuranga East.,NZ,Auckland Region,Auckland.,1/06/2024,0690500,Auckland Region,Teritorial Authority,Auckland,Polygon,Polygon,MultiPolygon,MultiPolygon,1,MultiPolygon,1
Auckland,Sexual Offences,Unlawful sexual contact of a child,St Johns.,NZ,Auckland Region,Auckland.,1/11/2024,0464000,Auckland Region,Teritorial Authority,Auckland,Polygon,Polygon,MultiPolygon,MultiPolygon,1,MultiPolygon,1
Auckland,Sexual Offences,Unlawful sexual penetration of a child,Rothesay Bay.,NZ,Auckland Region,Auckland.,1/02/2024,0157600,Auckland Region,Teritorial Authority,Auckland,Polygon,Polygon,MultiPolygon,MultiPolygon,1,MultiPolygon,1
Auckland,Sexual Offences,Unlawful sexual contact of an adult,Orewa.,NZ,Auckland Region,Auckland.,1/03/2024,0171104,Auckland Region,Teritorial Authority,Auckland,MultiPolygon,Polygon,MultiPolygon,MultiPolygon,1,MultiPolygon,1
Auckland,Sexual Offences,Unlawful sexual contact of a child,Ferguson.,NZ,Auckland Region,Auckland.,1/04/2024,0709900,Auckland Region,Teritorial Authority,Auckland,Polygon,Polygon,MultiPolygon,MultiPolygon,1,MultiPolygon,1
Auckland,Sexual Offences,Offensive sexual acts,Point Chevalier South.,NZ,Auckland Region,Auckland.,1/06/2024,0390900,Auckland Region,Teritorial Authority,Auckland,Polygon,Polygon,MultiPolygon,MultiPolygon,1,MultiPolygon,1
Auckland,Sexual Offences,Unlawful sexual penetration of a child,Glen Innes North.,NZ,Auckland Region,Auckland.,1/11/2024,0466002,Auckland Region,Teritorial Authority,Auckland,Polygon,Polygon,MultiPolygon,MultiPolygon,1,MultiPolygon,1
Auckland,Sexual Offences,Unlawful sexual penetration of an adult,Auckland Central West.,NZ,Auckland Region,Auckland.,1/02/2024,0435802,Auckland Region,Teritorial Authority,Auckland,Polygon,Polygon,MultiPolygon,MultiPolygon,1,MultiPolygon,1
Auckland,Sexual Offences,Unlawful sexual contact of a child,Bledisloe Park.,NZ,Auckland Region,Auckland.,1/07/2025,0824100,Auckland Region,Teritorial Authority,Auckland,Polygon,Polygon,MultiPolygon,MultiPolygon,1,MultiPolygon,1
Auckland,Sexual Offences,Unlawful sexual contact of a child,Pukekohe West.,NZ,Auckland Region,Auckland.,1/11/2023,0821002,Auckland Region,Teritorial Authority,Auckland,Polygon,Polygon,MultiPolygon,MultiPolygon,1,MultiPolygon,1
Auckland,Sexual Offences,Unlawful sexual contact of a child,Papakura East.,NZ,Auckland Region,Auckland.,1/08/2024,0799121,Auckland Region,Teritorial Authority,Auckland,Polygon,Polygon,MultiPolygon,MultiPolygon,1,MultiPolygon,1
Auckland,Sexual Offences,Unlawful sexual contact of an adult,Waterview.,NZ,Auckland Region,Auckland.,1/02/2025,0384000,Auckland Region,Teritorial Authority,Auckland,Polygon,Polygon,MultiPolygon,MultiPolygon,2,MultiPolygon,2
Auckland,Sexual Offences,Offensive sexual acts,Orewa.,NZ,Auckland Region,Auckland.,1/12/2024,0171104,Auckland Region,Teritorial Authority,Auckland,MultiPolygon,Polygon,MultiPolygon,MultiPolygon,1,MultiPolygon,1
Auckland,Sexual Offences,Unlawful sexual penetration of a child,Randwick Park.,NZ,Auckland Region,Auckland.,1/10/2023,0759711,Auckland Region,Teritorial Authority,Auckland,Polygon,Polygon,MultiPolygon,MultiPolygon,1,MultiPolygon,1
Auckland,Sexual Offences,Offensive sexual acts,Auckland Central West.,NZ,Auckland Region,Auckland.,1/01/2024,0433700,Auckland Region,Teritorial Authority,Auckland,Polygon,Polygon,MultiPolygon,MultiPolygon,1,MultiPolygon,1
Auckland,Sexual Offences,Unlawful sexual contact of an adult,Ponsonby East.,NZ,Auckland Region,Auckland.,1/07/2024,0431100,Auckland Region,Teritorial Authority,Auckland,Polygon,Polygon,MultiPolygon,MultiPolygon,1,MultiPolygon,1
Auckland,Sexual Offences,Unlawful sexual contact of an adult,Silverdale North.,NZ,Auckland Region,Auckland.,1/04/2024,0176603,Auckland Region,Teritorial Authority,Auckland,Polygon,Polygon,MultiPolygon,MultiPolygon,1,MultiPolygon,1
Auckland,Sexual Offences,Unlawful sexual contact of an adult,Henderson South.,NZ,Auckland Region,Auckland.,1/03/2024,0244600,Auckland Region,Teritorial Authority,Auckland,Polygon,Polygon,MultiPolygon,MultiPolygon,1,MultiPolygon,1
Auckland,Sexual Offences,Unlawful sexual contact of an adult,Ormiston.,NZ,Auckland Region,Auckland.,1/06/2025,0712500,Auckland Region,Teritorial Authority,Auckland,Polygon,Polygon,MultiPolygon,MultiPolygon,1,MultiPolygon,1
Auckland,Sexual Offences,Unlawful sexual contact of an adult,Orakei North.,NZ,Auckland Region,Auckland.,1/02/2025,0498600,Auckland Region,Teritorial Authority,Auckland,Polygon,Polygon,MultiPolygon,MultiPolygon,1,MultiPolygon,1
Auckland,Sexual Offences,Unlawful sexual penetration of an adult,Point Chevalier South.,NZ,Auckland Region,Auckland.,1/10/2024,0390702,Auckland Region,Teritorial Authority,Auckland,Polygon,Polygon,MultiPolygon,MultiPolygon,1,MultiPolygon,1
Auckland,Sexual Offences,Unlawful sexual penetration of a child,Fairdene.,NZ,Auckland Region,Auckland.,1/04/2025,0230701,Auckland Region,Teritorial Authority,Auckland,Polygon,Polygon,MultiPolygon,MultiPolygon,1,MultiPolygon,1
Auckland,Sexual Offences,Unlawful sexual penetration of a child,Papakura East.,NZ,Auckland Region,Auckland.,1/10/2023,0796800,Auckland Region,Teritorial Authority,Auckland,Polygon,Polygon,MultiPolygon,MultiPolygon,1,MultiPolygon,1
Auckland,Sexual Offences,Offensive sexual acts,Hillsborough West.,NZ,Auckland Region,Auckland.,1/01/2024,0569800,Auckland Region,Teritorial Authority,Auckland,Polygon,Polygon,MultiPolygon,MultiPolygon,1,MultiPolygon,1
Auckland,Sexual Offences,Unlawful sexual penetration of an adult,Auckland Central West.,NZ,Auckland Region,Auckland.,1/09/2024,0434500,Auckland Region,Teritorial Authority,Auckland,Polygon,Polygon,MultiPolygon,MultiPolygon,1,MultiPolygon,1
Auckland,Sexual Offences,Intimate image offences,Greenhithe.,NZ,Auckland Region,Auckland.,1/04/2024,0181104,Auckland Region,Teritorial Authority,Auckland,Polygon,Polygon,MultiPolygon,MultiPolygon,2,MultiPolygon,2
Auckland,Sexual Offences,Unlawful sexual contact of an adult,Takanini West.,NZ,Auckland Region,Auckland.,1/04/2024,0767911,Auckland Region,Teritorial Authority,Auckland,Polygon,Polygon,MultiPolygon,MultiPolygon,1,MultiPolygon,1
Auckland,Sexual Offences,Unlawful sexual penetration of a child,Mascot.,NZ,Auckland Region,Auckland.,1/05/2025,0737500,Auckland Region,Teritorial Authority,Auckland,Polygon,Polygon,MultiPolygon,MultiPolygon,1,MultiPolygon,1
Auckland,Sexual Offences,Unlawful sexual contact of a child,Pakuranga East.,NZ,Auckland Region,Auckland.,1/04/2024,0688101,Auckland Region,Teritorial Authority,Auckland,Polygon,Polygon,MultiPolygon,MultiPolygon,1,MultiPolygon,1
Auckland,Sexual Offences,Unlawful sexual penetration of an adult,Rongomai.,NZ,Auckland Region,Auckland.,1/07/2024,0714806,Auckland Region,Teritorial Authority,Auckland,Polygon,Polygon,MultiPolygon,MultiPolygon,1,MultiPolygon,1
Auckland,Sexual Offences,Unlawful sexual contact of an adult,Mt Wellington Domain.,NZ,Auckland Region,Auckland.,1/05/2025,0627900,Auckland Region,Teritorial Authority,Auckland,Polygon,Polygon,MultiPolygon,MultiPolygon,1,MultiPolygon,1
Auckland,Sexual Offences,Unlawful sexual penetration of an adult,Auckland Harbourside.,NZ,Auckland Region,Auckland.,1/02/2024,0433001,Auckland Region,Teritorial Authority,Auckland,Polygon,Polygon,MultiPolygon,MultiPolygon,1,MultiPolygon,1
Auckland,Sexual Offences,Unlawful sexual penetration of an adult,St Heliers.,NZ,Auckland Region,Auckland.,1/05/2025,0511600,Auckland Region,Teritorial Authority,Auckland,Polygon,Polygon,MultiPolygon,MultiPolygon,1,MultiPolygon,1
Auckland,Sexual Offences,Unlawful sexual contact of a child,Pukekohe North.,NZ,Auckland Region,Auckland.,1/11/2023,0820000,Auckland Region,Teritorial Authority,Auckland,Polygon,Polygon,MultiPolygon,MultiPolygon,1,MultiPolygon,1
Auckland,Sexual Offences,Unlawful sexual contact of an adult,Massey Park.,NZ,Auckland Region,Auckland.,1/04/2024,0797900,Auckland Region,Teritorial Authority,Auckland,Polygon,Polygon,MultiPolygon,MultiPolygon,1,MultiPolygon,1
Auckland,Sexual Offences,Child procurement or grooming,Pukekohe North.,NZ,Auckland Region,Auckland.,1/03/2024,0816537,Auckland Region,Teritorial Authority,Auckland,Polygon,Polygon,MultiPolygon,MultiPolygon,1,MultiPolygon,1
Auckland,Sexual Offences,Offensive sexual acts,Otara North.,NZ,Auckland Region,Auckland.,1/03/2024,0700602,Auckland Region,Teritorial Authority,Auckland,Polygon,Polygon,MultiPolygon,MultiPolygon,1,MultiPolygon,1
Auckland,Sexual Offences,Unlawful sexual penetration of an adult,Auckland Central West.,NZ,Auckland Region,Auckland.,1/05/2025,0435601,Auckland Region,Teritorial Authority,Auckland,Polygon,Polygon,MultiPolygon,MultiPolygon,1,MultiPolygon,1
Auckland,Sexual Offences,Unlawful sexual contact of a child,Rowandale.,NZ,Auckland Region,Auckland.,1/04/2025,0775806,Auckland Region,Teritorial Authority,Auckland,Polygon,Polygon,MultiPolygon,MultiPolygon,1,MultiPolygon,1
Auckland,Sexual Offences,Unlawful sexual penetration of a child,Kingseat.,NZ,Auckland Region,Auckland.,1/09/2024,0811002,Auckland Region,Teritorial Authority,Auckland,Polygon,Polygon,MultiPolygon,MultiPolygon,1,MultiPolygon,1
Auckland,Sexual Offences,Unlawful sexual contact of an adult,Bledisloe Park.,NZ,Auckland Region,Auckland.,1/04/2025,0823200,Auckland Region,Teritorial Authority,Auckland,Polygon,Polygon,MultiPolygon,MultiPolygon,1,MultiPolygon,1
Auckland,Sexual Offences,Unlawful sexual contact of an adult,Mangere Central.,NZ,Auckland Region,Auckland.,1/05/2025,0740200,Auckland Region,Teritorial Authority,Auckland,Polygon,Polygon,MultiPolygon,MultiPolygon,1,MultiPolygon,1
Auckland,Sexual Offences,Unlawful sexual contact of an adult,Wiri.,NZ,Auckland Region,Auckland.,1/02/2024,0780411,Auckland Region,Teritorial Authority,Auckland,Polygon,Polygon,MultiPolygon,MultiPolygon,1,MultiPolygon,1
Auckland,Sexual Offences,Unlawful sexual contact of an adult,Papatoetoe North.,NZ,Auckland Region,Auckland.,1/06/2025,0661000,Auckland Region,Teritorial Authority,Auckland,Polygon,Polygon,MultiPolygon,MultiPolygon,1,MultiPolygon,1
Auckland,Sexual Offences,Unlawful sexual contact of a child,Harania North.,NZ,Auckland Region,Auckland.,1/11/2023,0736701,Auckland Region,Teritorial Authority,Auckland,Polygon,Polygon,MultiPolygon,MultiPolygon,1,MultiPolygon,1
Auckland,Sexual Offences,Offensive sexual acts,Kingdale.,NZ,Auckland Region,Auckland.,1/02/2025,0232001,Auckland Region,Teritorial Authority,Auckland,Polygon,Polygon,MultiPolygon,MultiPolygon,1,MultiPolygon,1
Auckland,Sexual Offences,Unlawful sexual contact of an adult,Onehunga South East.,NZ,Auckland Region,Auckland.,1/11/2024,0599700,Auckland Region,Teritorial Authority,Auckland,Polygon,Polygon,MultiPolygon,MultiPolygon,1,MultiPolygon,1
Auckland,Sexual Offences,Unlawful sexual contact of a child,Glenfield Central.,NZ,Auckland Region,Auckland.,1/04/2025,0200000,Auckland Region,Teritorial Authority,Auckland,Polygon,Polygon,MultiPolygon,MultiPolygon,1,MultiPolygon,1
Auckland,Sexual Offences,Unlawful sexual penetration of an adult,Ardmore.,NZ,Auckland Region,Auckland.,1/10/2023,0761602,Auckland Region,Teritorial Authority,Auckland,Polygon,Polygon,MultiPolygon,MultiPolygon,1,MultiPolygon,1
Auckland,Sexual Offences,Unlawful sexual contact of an adult,Auckland Central East.,NZ,Auckland Region,Auckland.,1/11/2023,0438502,Auckland Region,Teritorial Authority,Auckland,Polygon,Polygon,MultiPolygon,MultiPolygon,1,MultiPolygon,1
Auckland,Sexual Offences,Offensive sexual acts,Beachhaven South.,NZ,Auckland Region,Auckland.,1/08/2024,0345600,Auckland Region,Teritorial Authority,Auckland,Polygon,Polygon,MultiPolygon,MultiPolygon,1,MultiPolygon,1
Auckland,Sexual Offences,Unlawful sexual penetration of a child,Riverhead Urban.,NZ,Auckland Region,Auckland.,1/01/2025,0213402,Auckland Region,Teritorial Authority,Auckland,Polygon,Polygon,MultiPolygon,MultiPolygon,1,MultiPolygon,1
Auckland,Sexual Offences,Unlawful sexual penetration of an adult,Hobsonville East.,NZ,Auckland Region,Auckland.,1/03/2025,0223702,Auckland Region,Teritorial Authority,Auckland,Polygon,Polygon,MultiPolygon,MultiPolygon,1,MultiPolygon,1
Auckland,Sexual Offences,Offensive sexual acts,Stanmore Bay East.,NZ,Auckland Region,Auckland.,1/01/2025,0173502,Auckland Region,Teritorial Authority,Auckland,Polygon,Polygon,MultiPolygon,MultiPolygon,1,MultiPolygon,1
Auckland,Sexual Offences,Unlawful sexual contact of an adult,Weiti River.,NZ,Auckland Region,Auckland.,1/11/2024,0175502,Auckland Region,Teritorial Authority,Auckland,Polygon,Polygon,MultiPolygon,MultiPolygon,1,MultiPolygon,1
Auckland,Sexual Offences,Unlawful sexual penetration of an adult,Massey Park.,NZ,Auckland Region,Auckland.,1/10/2023,0798300,Auckland Region,Teritorial Authority,Auckland,Polygon,Polygon,MultiPolygon,MultiPolygon,1,MultiPolygon,1
Auckland,Sexual Offences,Unlawful sexual penetration of an adult,Herne Bay.,NZ,Auckland Region,Auckland.,1/12/2023,0424100,Auckland Region,Teritorial Authority,Auckland,Polygon,Polygon,MultiPolygon,MultiPolygon,1,MultiPolygon,1
Auckland,Sexual Offences,Unlawful sexual penetration of a child,Kingseat.,NZ,Auckland Region,Auckland.,1/08/2023,0810608,Auckland Region,Teritorial Authority,Auckland,Polygon,Polygon,MultiPolygon,MultiPolygon,1,MultiPolygon,1
Auckland,Sexual Offences,Unlawful sexual penetration of a child,Springleigh.,NZ,Auckland Region,Auckland.,1/03/2024,0524500,Auckland Region,Teritorial Authority,Auckland,Polygon,Polygon,MultiPolygon,MultiPolygon,1,MultiPolygon,1
Auckland,Sexual Offences,Unlawful sexual penetration of an adult,McLaren Park.,NZ,Auckland Region,Auckland.,1/05/2025,0281512,Auckland Region,Teritorial Authority,Auckland,Polygon,Polygon,MultiPolygon,MultiPolygon,1,MultiPolygon,1
Auckland,Sexual Offences,Unlawful sexual penetration of a child,Elsmore Park.,NZ,Auckland Region,Auckland.,1/04/2025,0682700,Auckland Region,Teritorial Authority,Auckland,Polygon,Polygon,MultiPolygon,MultiPolygon,1,MultiPolygon,1
Auckland,Sexual Offences,Unlawful sexual penetration of a child,Randwick Park.,NZ,Auckland Region,Auckland.,1/06/2024,0759725,Auckland Region,Teritorial Authority,Auckland,Polygon,Polygon,MultiPolygon,MultiPolygon,2,MultiPolygon,2
Auckland,Sexual Offences,Offensive sexual acts,Papakura East.,NZ,Auckland Region,Auckland.,1/08/2023,0798803,Auckland Region,Teritorial Authority,Auckland,Polygon,Polygon,MultiPolygon,MultiPolygon,1,MultiPolygon,1
Auckland,Sexual Offences,Unlawful sexual contact of an adult,Grafton East.,NZ,Auckland Region,Auckland.,1/05/2025,0442400,Auckland Region,Teritorial Authority,Auckland,Polygon,Polygon,MultiPolygon,MultiPolygon,1,MultiPolygon,1
Auckland,Sexual Offences,Unlawful sexual contact of a child,Riverhead.,NZ,Auckland Region,Auckland.,1/02/2024,0217201,Auckland Region,Teritorial Authority,Auckland,Polygon,Polygon,MultiPolygon,MultiPolygon,1,MultiPolygon,1
Auckland,Sexual Offences,Unlawful sexual penetration of an adult,Remuera South.,NZ,Auckland Region,Auckland.,1/06/2025,0493900,Auckland Region,Teritorial Authority,Auckland,Polygon,Polygon,MultiPolygon,MultiPolygon,1,MultiPolygon,1
Auckland,Sexual Offences,Unlawful sexual penetration of an adult,Newmarket.,NZ,Auckland Region,Auckland.,1/07/2025,0449700,Auckland Region,Teritorial Authority,Auckland,Polygon,Polygon,MultiPolygon,MultiPolygon,1,MultiPolygon,1
Auckland,Sexual Offences,Intimate image offences,Dannemora.,NZ,Auckland Region,Auckland.,1/04/2024,0711709,Auckland Region,Teritorial Authority,Auckland,Polygon,Polygon,MultiPolygon,MultiPolygon,1,MultiPolygon,1
Auckland,Sexual Offences,Unlawful sexual penetration of a child,Orakei North.,NZ,Auckland Region,Auckland.,1/03/2024,0498801,Auckland Region,Teritorial Authority,Auckland,Polygon,Polygon,MultiPolygon,MultiPolygon,1,MultiPolygon,1
Auckland,Sexual Offences,Unlawful sexual contact of an adult,Rosehill.,NZ,Auckland Region,Auckland.,1/07/2025,0804000,Auckland Region,Teritorial Authority,Auckland,Polygon,Polygon,MultiPolygon,MultiPolygon,1,MultiPolygon,1
Auckland,Sexual Offences,Unlawful sexual contact of a child,Ferguson.,NZ,Auckland Region,Auckland.,1/04/2024,0710300,Auckland Region,Teritorial Authority,Auckland,Polygon,Polygon,MultiPolygon,MultiPolygon,1,MultiPolygon,1
Auckland,Sexual Offences,Unlawful sexual penetration of a child,Burbank.,NZ,Auckland Region,Auckland.,1/06/2024,0774802,Auckland Region,Teritorial Authority,Auckland,Polygon,Polygon,MultiPolygon,MultiPolygon,1,MultiPolygon,1
Auckland,Sexual Offences,Unlawful sexual penetration of a child,Bledisloe Park.,NZ,Auckland Region,Auckland.,1/08/2023,0823500,Auckland Region,Teritorial Authority,Auckland,Polygon,Polygon,MultiPolygon,MultiPolygon,1,MultiPolygon,1
Auckland,Sexual Offences,Unlawful sexual penetration of an adult,Mascot.,NZ,Auckland Region,Auckland.,1/05/2025,0742101,Auckland Region,Teritorial Authority,Auckland,Polygon,Polygon,MultiPolygon,MultiPolygon,1,MultiPolygon,1
Auckland,Sexual Offences,Unlawful sexual penetration of an adult,Torbay.,NZ,Auckland Region,Auckland.,1/02/2024,0169800,Auckland Region,Teritorial Authority,Auckland,Polygon,Polygon,MultiPolygon,MultiPolygon,1,MultiPolygon,1
Auckland,Sexual Offences,Unlawful sexual penetration of a child,Wiri.,NZ,Auckland Region,Auckland.,1/11/2023,0780404,Auckland Region,Teritorial Authority,Auckland,Polygon,Polygon,MultiPolygon,MultiPolygon,1,MultiPolygon,1
Auckland,Sexual Offences,Unlawful sexual contact of an adult,Westgate.,NZ,Auckland Region,Auckland.,1/03/2025,0224312,Auckland Region,Teritorial Authority,Auckland,Polygon,Polygon,MultiPolygon,MultiPolygon,1,MultiPolygon,1
Auckland,Sexual Offences,Unlawful sexual penetration of a child,Papakura Central.,NZ,Auckland Region,Auckland.,1/03/2025,0793000,Auckland Region,Teritorial Authority,Auckland,Polygon,Polygon,MultiPolygon,MultiPolygon,1,MultiPolygon,1
Auckland,Sexual Offences,Unlawful sexual contact of a child,Kingseat.,NZ,Auckland Region,Auckland.,1/10/2024,0811002,Auckland Region,Teritorial Authority,Auckland,Polygon,Polygon,MultiPolygon,MultiPolygon,1,MultiPolygon,1
Auckland,Sexual Offences,Intimate image offences,Homai West.,NZ,Auckland Region,Auckland.,1/04/2025,0779100,Auckland Region,Teritorial Authority,Auckland,Polygon,Polygon,MultiPolygon,MultiPolygon,1,MultiPolygon,1
Auckland,Sexual Offences,Unlawful sexual penetration of a child,Pukekohe West.,NZ,Auckland Region,Auckland.,1/09/2023,0820600,Auckland Region,Teritorial Authority,Auckland,Polygon,Polygon,MultiPolygon,MultiPolygon,1,MultiPolygon,1
Auckland,Sexual Offences,Unlawful sexual penetration of a child,Waiuku West.,NZ,Auckland Region,Auckland.,1/09/2023,0837209,Auckland Region,Teritorial Authority,Auckland,Polygon,Polygon,MultiPolygon,MultiPolygon,1,MultiPolygon,1
Auckland,Sexual Offences,Unlawful sexual contact of a child,Mangere East.,NZ,Auckland Region,Auckland.,1/11/2023,0747900,Auckland Region,Teritorial Authority,Auckland,Polygon,Polygon,MultiPolygon,MultiPolygon,1,MultiPolygon,1
Auckland,Sexual Offences,Unlawful sexual contact of an adult,Takapuna Central.,NZ,Auckland Region,Auckland.,1/10/2024,0326700,Auckland Region,Teritorial Authority,Auckland,Polygon,Polygon,MultiPolygon,MultiPolygon,1,MultiPolygon,1
Auckland,Sexual Offences,Intimate image offences,Westmere.,NZ,Auckland Region,Auckland.,1/03/2025,0398900,Auckland Region,Teritorial Authority,Auckland,Polygon,Polygon,MultiPolygon,MultiPolygon,1,MultiPolygon,1
Auckland,Sexual Offences,Offensive sexual acts,Te Papapa.,NZ,Auckland Region,Auckland.,1/12/2024,0606900,Auckland Region,Teritorial Authority,Auckland,Polygon,Polygon,MultiPolygon,MultiPolygon,1,MultiPolygon,1
Auckland,Sexual Offences,Intimate image offences,Manurewa East.,NZ,Auckland Region,Auckland.,1/11/2024,0758600,Auckland Region,Teritorial Authority,Auckland,Polygon,Polygon,MultiPolygon,MultiPolygon,1,MultiPolygon,1
Auckland,Sexual Offences,Unlawful sexual contact of an adult,Auckland Central East.,NZ,Auckland Region,Auckland.,1/01/2024,0436600,Auckland Region,Teritorial Authority,Auckland,Polygon,Polygon,MultiPolygon,MultiPolygon,1,MultiPolygon,1
Auckland,Sexual Offences,Intimate image offences,Takapuna Central.,NZ,Auckland Region,Auckland.,1/07/2025,0327700,Auckland Region,Teritorial Authority,Auckland,Polygon,Polygon,MultiPolygon,MultiPolygon,1,MultiPolygon,1
Auckland,Sexual Offences,Intimate image offences,Mangere South.,NZ,Auckland Region,Auckland.,1/04/2024,0728606,Auckland Region,Teritorial Authority,Auckland,MultiPolygon,Polygon,MultiPolygon,MultiPolygon,1,MultiPolygon,1
Auckland,Sexual Offences,Unlawful sexual penetration of an adult,Wesley.,NZ,Auckland Region,Auckland.,1/03/2024,0579900,Auckland Region,Teritorial Authority,Auckland,Polygon,Polygon,MultiPolygon,MultiPolygon,1,MultiPolygon,1
Auckland,Sexual Offences,Unlawful sexual penetration of a child,Sherbourne.,NZ,Auckland Region,Auckland.,1/05/2025,0547001,Auckland Region,Teritorial Authority,Auckland,Polygon,Polygon,MultiPolygon,MultiPolygon,1,MultiPolygon,1
Auckland,Sexual Offences,Unlawful sexual contact of a child,Otara East.,NZ,Auckland Region,Auckland.,1/04/2024,0703600,Auckland Region,Teritorial Authority,Auckland,Polygon,Polygon,MultiPolygon,MultiPolygon,1,MultiPolygon,1
Auckland,Sexual Offences,Unlawful sexual penetration of an adult,Hillpark.,NZ,Auckland Region,Auckland.,1/08/2024,0757100,Auckland Region,Teritorial Authority,Auckland,Polygon,Polygon,MultiPolygon,MultiPolygon,2,MultiPolygon,2
Auckland,Sexual Offences,Unlawful sexual penetration of a child,Pukekohe West.,NZ,Auckland Region,Auckland.,1/07/2024,0822409,Auckland Region,Teritorial Authority,Auckland,Polygon,Polygon,MultiPolygon,MultiPolygon,1,MultiPolygon,1
Auckland,Sexual Offences,Unlawful sexual contact of an adult,Mt Eden North.,NZ,Auckland Region,Auckland.,1/05/2025,0542700,Auckland Region,Teritorial Authority,Auckland,Polygon,Polygon,MultiPolygon,MultiPolygon,1,MultiPolygon,1
Auckland,Sexual Offences,Offensive sexual acts,Sherbourne.,NZ,Auckland Region,Auckland.,1/02/2024,0546700,Auckland Region,Teritorial Authority,Auckland,Polygon,Polygon,MultiPolygon,MultiPolygon,1,MultiPolygon,1
Auckland,Sexual Offences,Intimate image offences,Mangere South.,NZ,Auckland Region,Auckland.,1/08/2023,0728806,Auckland Region,Teritorial Authority,Auckland,MultiPolygon,Polygon,MultiPolygon,MultiPolygon,1,MultiPolygon,1
Auckland,Sexual Offences,Unlawful sexual penetration of an adult,Tuff Crater.,NZ,Auckland Region,Auckland.,1/10/2024,0365700,Auckland Region,Teritorial Authority,Auckland,Polygon,Polygon,MultiPolygon,MultiPolygon,1,MultiPolygon,1
Auckland,Sexual Offences,Offensive sexual acts,Waterview.,NZ,Auckland Region,Auckland.,1/01/2024,0385803,Auckland Region,Teritorial Authority,Auckland,Polygon,Polygon,MultiPolygon,MultiPolygon,1,MultiPolygon,1
Auckland,Sexual Offences,Unlawful sexual penetration of a child,Avondale West.,NZ,Auckland Region,Auckland.,1/12/2024,0386200,Auckland Region,Teritorial Authority,Auckland,Polygon,Polygon,MultiPolygon,MultiPolygon,1,MultiPolygon,1
Auckland,Sexual Offences,Intimate image offences,Papatoetoe Central.,NZ,Auckland Region,Auckland.,1/12/2024,0664000,Auckland Region,Teritorial Authority,Auckland,Polygon,Polygon,MultiPolygon,MultiPolygon,1,MultiPolygon,1
Auckland,Sexual Offences,Child procurement or grooming,Mill Road.,NZ,Auckland Region,Auckland.,1/01/2024,0760810,Auckland Region,Teritorial Authority,Auckland,Polygon,Polygon,MultiPolygon,MultiPolygon,1,MultiPolygon,1
Auckland,Sexual Offences,Unlawful sexual contact of an adult,Whenuapai West.,NZ,Auckland Region,Auckland.,1/06/2025,0224000,Auckland Region,Teritorial Authority,Auckland,Polygon,Polygon,MultiPolygon,MultiPolygon,1,MultiPolygon,1
Auckland,Sexual Offences,Intimate image offences,Auckland Central West.,NZ,Auckland Region,Auckland.,1/09/2023,0434300,Auckland Region,Teritorial Authority,Auckland,Polygon,Polygon,MultiPolygon,MultiPolygon,1,MultiPolygon,1
Auckland,Sexual Offences,Unlawful sexual contact of an adult,Mangere South.,NZ,Auckland Region,Auckland.,1/03/2024,0727200,Auckland Region,Teritorial Authority,Auckland,MultiPolygon,Polygon,MultiPolygon,MultiPolygon,1,MultiPolygon,1
Auckland,Sexual Offences,Unlawful sexual contact of an adult,Homai East.,NZ,Auckland Region,Auckland.,1/06/2025,0779500,Auckland Region,Teritorial Authority,Auckland,Polygon,Polygon,MultiPolygon,MultiPolygon,1,MultiPolygon,1
Auckland,Sexual Offences,Unlawful sexual penetration of a child,Wiri.,NZ,Auckland Region,Auckland.,1/03/2025,0780416,Auckland Region,Teritorial Authority,Auckland,Polygon,Polygon,MultiPolygon,MultiPolygon,1,MultiPolygon,1
Auckland,Sexual Offences,Unlawful sexual penetration of a child,Gulf Harbour.,NZ,Auckland Region,Auckland.,1/09/2024,0175124,Auckland Region,Teritorial Authority,Auckland,MultiPolygon,Polygon,MultiPolygon,MultiPolygon,1,MultiPolygon,1
Auckland,Sexual Offences,Unlawful sexual penetration of a child,Kingseat.,NZ,Auckland Region,Auckland.,1/12/2024,0812900,Auckland Region,Teritorial Authority,Auckland,Polygon,Polygon,MultiPolygon,MultiPolygon,1,MultiPolygon,1
Auckland,Sexual Offences,Offensive sexual acts,Durham Green.,NZ,Auckland Region,Auckland.,1/05/2025,0246000,Auckland Region,Teritorial Authority,Auckland,Polygon,Polygon,MultiPolygon,MultiPolygon,1,MultiPolygon,1
Auckland,Sexual Offences,Offensive sexual acts,Browns Bay.,NZ,Auckland Region,Auckland.,1/05/2025,0160900,Auckland Region,Teritorial Authority,Auckland,Polygon,Polygon,MultiPolygon,MultiPolygon,1,MultiPolygon,1
Auckland,Sexual Offences,Unlawful sexual penetration of a child,Otahuhu West.,NZ,Auckland Region,Auckland.,1/10/2024,0783800,Auckland Region,Teritorial Authority,Auckland,Polygon,Polygon,MultiPolygon,MultiPolygon,1,MultiPolygon,1
Auckland,Sexual Offences,Unlawful sexual penetration of an adult,Parnell West.,NZ,Auckland Region,Auckland.,1/04/2025,0452800,Auckland Region,Teritorial Authority,Auckland,Polygon,Polygon,MultiPolygon,MultiPolygon,1,MultiPolygon,1
Auckland,Sexual Offences,Unlawful sexual penetration of a child,Waiuku West.,NZ,Auckland Region,Auckland.,1/11/2023,0837300,Auckland Region,Teritorial Authority,Auckland,Polygon,Polygon,MultiPolygon,MultiPolygon,1,MultiPolygon,1
Auckland,Sexual Offences,Produce or distribute child abuse material,Akarana.,NZ,Auckland Region,Auckland.,1/05/2025,0583000,Auckland Region,Teritorial Authority,Auckland,Polygon,Polygon,MultiPolygon,MultiPolygon,1,MultiPolygon,1
Auckland,Sexual Offences,Offensive sexual acts,Newton.,NZ,Auckland Region,Auckland.,1/02/2024,0411900,Auckland Region,Teritorial Authority,Auckland,Polygon,Polygon,MultiPolygon,MultiPolygon,1,MultiPolygon,1
Auckland,Sexual Offences,Unlawful sexual contact of an adult,Sherbourne.,NZ,Auckland Region,Auckland.,1/03/2024,0546400,Auckland Region,Teritorial Authority,Auckland,Polygon,Polygon,MultiPolygon,MultiPolygon,1,MultiPolygon,1
Auckland,Sexual Offences,Unlawful sexual contact of a child,Glendhu.,NZ,Auckland Region,Auckland.,1/05/2025,0185003,Auckland Region,Teritorial Authority,Auckland,Polygon,Polygon,MultiPolygon,MultiPolygon,1,MultiPolygon,1
Auckland,Sexual Offences,Unlawful sexual penetration of a child,Avondale South.,NZ,Auckland Region,Auckland.,1/04/2025,0370900,Auckland Region,Teritorial Authority,Auckland,Polygon,Polygon,MultiPolygon,MultiPolygon,1,MultiPolygon,1
Auckland,Sexual Offences,Unlawful sexual contact of an adult,Wiri.,NZ,Auckland Region,Auckland.,1/07/2024,0780800,Auckland Region,Teritorial Authority,Auckland,Polygon,Polygon,MultiPolygon,MultiPolygon,1,MultiPolygon,1
Auckland,Sexual Offences,Unlawful sexual contact of an adult,Ormiston.,NZ,Auckland Region,Auckland.,1/12/2023,0713100,Auckland Region,Teritorial Authority,Auckland,Polygon,Polygon,MultiPolygon,MultiPolygon,1,MultiPolygon,1
Auckland,Sexual Offences,Unlawful sexual penetration of a child,Wattle Farm.,NZ,Auckland Region,Auckland.,1/11/2023,0769041,Auckland Region,Teritorial Authority,Auckland,Polygon,Polygon,MultiPolygon,MultiPolygon,1,MultiPolygon,1
Auckland,Sexual Offences,Unlawful sexual contact of an adult,Mangere East.,NZ,Auckland Region,Auckland.,1/02/2024,0748700,Auckland Region,Teritorial Authority,Auckland,Polygon,Polygon,MultiPolygon,MultiPolygon,1,MultiPolygon,1
Auckland,Sexual Offences,Unlawful sexual penetration of a child,Mt Wellington North.,NZ,Auckland Region,Auckland.,1/08/2023,0627205,Auckland Region,Teritorial Authority,Auckland,Polygon,Polygon,MultiPolygon,MultiPolygon,1,MultiPolygon,1
Auckland,Sexual Offences,Intimate image offences,Ormiston.,NZ,Auckland Region,Auckland.,1/06/2024,0713100,Auckland Region,Teritorial Authority,Auckland,Polygon,Polygon,MultiPolygon,MultiPolygon,1,MultiPolygon,1
Auckland,Sexual Offences,Offensive sexual acts,Mt Wellington Domain.,NZ,Auckland Region,Auckland.,1/02/2025,0628203,Auckland Region,Teritorial Authority,Auckland,Polygon,Polygon,MultiPolygon,MultiPolygon,1,MultiPolygon,1
Auckland,Sexual Offences,Unlawful sexual contact of a child,Homai East.,NZ,Auckland Region,Auckland.,1/08/2023,0778000,Auckland Region,Teritorial Authority,Auckland,Polygon,Polygon,MultiPolygon,MultiPolygon,1,MultiPolygon,1
Auckland,Sexual Offences,Offensive sexual acts,Totara Heights.,NZ,Auckland Region,Auckland.,1/02/2025,0760702,Auckland Region,Teritorial Authority,Auckland,Polygon,Polygon,MultiPolygon,MultiPolygon,1,MultiPolygon,1
Auckland,Sexual Offences,Offensive sexual acts,Silverdale Central.,NZ,Auckland Region,Auckland.,1/11/2024,0176501,Auckland Region,Teritorial Authority,Auckland,Polygon,Polygon,MultiPolygon,MultiPolygon,1,MultiPolygon,1
Auckland,Sexual Offences,Unlawful sexual penetration of an adult,New Lynn North.,NZ,Auckland Region,Auckland.,1/02/2025,0267901,Auckland Region,Teritorial Authority,Auckland,Polygon,Polygon,MultiPolygon,MultiPolygon,1,MultiPolygon,1
Auckland,Sexual Offences,Unlawful sexual penetration of an adult,Grafton East.,NZ,Auckland Region,Auckland.,1/04/2025,0442000,Auckland Region,Teritorial Authority,Auckland,Polygon,Polygon,MultiPolygon,MultiPolygon,1,MultiPolygon,1
Auckland,Sexual Offences,Unlawful sexual contact of an adult,Papakura North.,NZ,Auckland Region,Auckland.,1/11/2023,0791101,Auckland Region,Teritorial Authority,Auckland,Polygon,Polygon,MultiPolygon,MultiPolygon,1,MultiPolygon,1
Auckland,Sexual Offences,Intimate image offences,Newmarket.,NZ,Auckland Region,Auckland.,1/06/2025,0451000,Auckland Region,Teritorial Authority,Auckland,Polygon,Polygon,MultiPolygon,MultiPolygon,1,MultiPolygon,1
Auckland,Sexual Offences,Unlawful sexual contact of a child,Wattle Farm.,NZ,Auckland Region,Auckland.,1/02/2024,0769026,Auckland Region,Teritorial Authority,Auckland,Polygon,Polygon,MultiPolygon,MultiPolygon,1,MultiPolygon,1
Auckland,Sexual Offences,Offensive sexual acts,Pigeon Mountain South.,NZ,Auckland Region,Auckland.,1/03/2024,0680727,Auckland Region,Teritorial Authority,Auckland,Polygon,Polygon,MultiPolygon,MultiPolygon,1,MultiPolygon,1
Auckland,Sexual Offences,Offensive sexual acts,Mt Eden North.,NZ,Auckland Region,Auckland.,1/02/2025,0542700,Auckland Region,Teritorial Authority,Auckland,Polygon,Polygon,MultiPolygon,MultiPolygon,1,MultiPolygon,1
Auckland,Sexual Offences,Unlawful sexual contact of an adult,Ormiston.,NZ,Auckland Region,Auckland.,1/06/2025,0712600,Auckland Region,Teritorial Authority,Auckland,Polygon,Polygon,MultiPolygon,MultiPolygon,1,MultiPolygon,1
Auckland,Sexual Offences,Unlawful sexual contact of an adult,Hamlin.,NZ,Auckland Region,Auckland.,1/04/2024,0641300,Auckland Region,Teritorial Authority,Auckland,Polygon,Polygon,MultiPolygon,MultiPolygon,1,MultiPolygon,1
Auckland,Sexual Offences,Unlawful sexual penetration of an adult,Auckland Central West.,NZ,Auckland Region,Auckland.,1/08/2024,0434603,Auckland Region,Teritorial Authority,Auckland,Polygon,Polygon,MultiPolygon,MultiPolygon,1,MultiPolygon,1
Auckland,Sexual Offences,Unlawful sexual contact of an adult,Papakura North.,NZ,Auckland Region,Auckland.,1/10/2023,0792800,Auckland Region,Teritorial Authority,Auckland,Polygon,Polygon,MultiPolygon,MultiPolygon,1,MultiPolygon,1
Auckland,Sexual Offences,Unlawful sexual contact of a child,Wiri.,NZ,Auckland Region,Auckland.,1/03/2024,0780506,Auckland Region,Teritorial Authority,Auckland,Polygon,Polygon,MultiPolygon,MultiPolygon,1,MultiPolygon,1
Auckland,Sexual Offences,Unlawful sexual contact of an adult,Papatoetoe Central.,NZ,Auckland Region,Auckland.,1/02/2024,0663600,Auckland Region,Teritorial Authority,Auckland,Polygon,Polygon,MultiPolygon,MultiPolygon,1,MultiPolygon,1
Auckland,Sexual Offences,Unlawful sexual contact of a child,Pinehill.,NZ,Auckland Region,Auckland.,1/05/2025,0180602,Auckland Region,Teritorial Authority,Auckland,Polygon,Polygon,MultiPolygon,MultiPolygon,1,MultiPolygon,1
Auckland,Sexual Offences,Unlawful sexual penetration of a child,Awhitu.,NZ,Auckland Region,Auckland.,1/11/2024,0830500,Auckland Region,Teritorial Authority,Auckland,Polygon,Polygon,MultiPolygon,MultiPolygon,1,MultiPolygon,1
Auckland,Sexual Offences,Unlawful sexual contact of an adult,Lynnmall.,NZ,Auckland Region,Auckland.,1/04/2025,0266200,Auckland Region,Teritorial Authority,Auckland,Polygon,Polygon,MultiPolygon,MultiPolygon,1,MultiPolygon,1
Auckland,Sexual Offences,Unlawful sexual penetration of an adult,Papakura North.,NZ,Auckland Region,Auckland.,1/12/2023,0791700,Auckland Region,Teritorial Authority,Auckland,Polygon,Polygon,MultiPolygon,MultiPolygon,1,MultiPolygon,1
Auckland,Sexual Offences,Unlawful sexual penetration of a child,Otahuhu West.,NZ,Auckland Region,Auckland.,1/06/2025,0784400,Auckland Region,Teritorial Authority,Auckland,Polygon,Polygon,MultiPolygon,MultiPolygon,1,MultiPolygon,1
Auckland,Sexual Offences,Unlawful sexual penetration of a child,Grey Lynn West.,NZ,Auckland Region,Auckland.,1/09/2023,0403600,Auckland Region,Teritorial Authority,Auckland,Polygon,Polygon,MultiPolygon,MultiPolygon,1,MultiPolygon,1
Auckland,Sexual Offences,Unlawful sexual contact of a child,Rongomai.,NZ,Auckland Region,Auckland.,1/03/2024,0714802,Auckland Region,Teritorial Authority,Auckland,Polygon,Polygon,MultiPolygon,MultiPolygon,1,MultiPolygon,1
Auckland,Sexual Offences,Unlawful sexual contact of a child,Orakei North.,NZ,Auckland Region,Auckland.,1/01/2025,0498801,Auckland Region,Teritorial Authority,Auckland,Polygon,Polygon,MultiPolygon,MultiPolygon,1,MultiPolygon,1
Auckland,Sexual Offences,Unlawful sexual contact of a child,Mt Eden South.,NZ,Auckland Region,Auckland.,1/05/2025,0558900,Auckland Region,Teritorial Authority,Auckland,Polygon,Polygon,MultiPolygon,MultiPolygon,1,MultiPolygon,1
Auckland,Sexual Offences,Unlawful sexual contact of an adult,Onehunga South East.,NZ,Auckland Region,Auckland.,1/04/2024,0602100,Auckland Region,Teritorial Authority,Auckland,Polygon,Polygon,MultiPolygon,MultiPolygon,1,MultiPolygon,1
Auckland,Sexual Offences,Unlawful sexual contact of a child,Bledisloe Park.,NZ,Auckland Region,Auckland.,1/05/2024,0827100,Auckland Region,Teritorial Authority,Auckland,Polygon,Polygon,MultiPolygon,MultiPolygon,1,MultiPolygon,1
Auckland,Sexual Offences,Unlawful sexual penetration of an adult,Bledisloe Park.,NZ,Auckland Region,Auckland.,1/10/2023,0823200,Auckland Region,Teritorial Authority,Auckland,Polygon,Polygon,MultiPolygon,MultiPolygon,1,MultiPolygon,1
Auckland,Sexual Offences,Unlawful sexual penetration of a child,Waikowhai East.,NZ,Auckland Region,Auckland.,1/12/2023,0589501,Auckland Region,Teritorial Authority,Auckland,Polygon,Polygon,MultiPolygon,MultiPolygon,1,MultiPolygon,1
Auckland,Sexual Offences,Unlawful sexual penetration of an adult,Fairburn.,NZ,Auckland Region,Auckland.,1/08/2023,0788602,Auckland Region,Teritorial Authority,Auckland,Polygon,Polygon,MultiPolygon,MultiPolygon,1,MultiPolygon,1
Auckland,Sexual Offences,Child procurement or grooming,Donegal Park.,NZ,Auckland Region,Auckland.,1/08/2024,0716202,Auckland Region,Teritorial Authority,Auckland,Polygon,Polygon,MultiPolygon,MultiPolygon,1,MultiPolygon,1
Auckland,Sexual Offences,Unlawful sexual penetration of an adult,Auckland Central East.,NZ,Auckland Region,Auckland.,1/06/2025,0436500,Auckland Region,Teritorial Authority,Auckland,Polygon,Polygon,MultiPolygon,MultiPolygon,1,MultiPolygon,1
Auckland,Sexual Offences,Unlawful sexual penetration of a child,Rosehill.,NZ,Auckland Region,Auckland.,1/06/2024,0805400,Auckland Region,Teritorial Authority,Auckland,Polygon,Polygon,MultiPolygon,MultiPolygon,1,MultiPolygon,1
Auckland,Sexual Offences,Offensive sexual acts,Waiuku West.,NZ,Auckland Region,Auckland.,1/12/2023,0837209,Auckland Region,Teritorial Authority,Auckland,Polygon,Polygon,MultiPolygon,MultiPolygon,1,MultiPolygon,1
Auckland,Sexual Offences,Unlawful sexual penetration of a child,Glenavon.,NZ,Auckland Region,Auckland.,1/04/2024,0379401,Auckland Region,Teritorial Authority,Auckland,Polygon,Polygon,MultiPolygon,MultiPolygon,1,MultiPolygon,1
Auckland,Sexual Offences,Unlawful sexual contact of a child,Mangere Bridge.,NZ,Auckland Region,Auckland.,1/08/2023,0724900,Auckland Region,Teritorial Authority,Auckland,Polygon,Polygon,MultiPolygon,MultiPolygon,1,MultiPolygon,1
Auckland,Sexual Offences,Unlawful sexual contact of an adult,Mangere South.,NZ,Auckland Region,Auckland.,1/02/2024,0727200,Auckland Region,Teritorial Authority,Auckland,MultiPolygon,Polygon,MultiPolygon,MultiPolygon,1,MultiPolygon,1
Auckland,Sexual Offences,Unlawful sexual contact of a child,Long Bay.,NZ,Auckland Region,Auckland.,1/05/2025,0178310,Auckland Region,Teritorial Authority,Auckland,Polygon,Polygon,MultiPolygon,MultiPolygon,1,MultiPolygon,1
Auckland,Sexual Offences,Unlawful sexual contact of an adult,Papakura Central.,NZ,Auckland Region,Auckland.,1/02/2025,0793200,Auckland Region,Teritorial Authority,Auckland,Polygon,Polygon,MultiPolygon,MultiPolygon,1,MultiPolygon,1
Auckland,Sexual Offences,Unlawful sexual penetration of an adult,Newton.,NZ,Auckland Region,Auckland.,1/11/2024,0412100,Auckland Region,Teritorial Authority,Auckland,Polygon,Polygon,MultiPolygon,MultiPolygon,1,MultiPolygon,1
Auckland,Sexual Offences,Unlawful sexual contact of an adult,Pukekohe West.,NZ,Auckland Region,Auckland.,1/01/2024,0822419,Auckland Region,Teritorial Authority,Auckland,Polygon,Polygon,MultiPolygon,MultiPolygon,1,MultiPolygon,1
Auckland,Sexual Offences,Unlawful sexual contact of an adult,Auckland Central West.,NZ,Auckland Region,Auckland.,1/05/2025,0435604,Auckland Region,Teritorial Authority,Auckland,Polygon,Polygon,MultiPolygon,MultiPolygon,1,MultiPolygon,1
Auckland,Sexual Offences,Unlawful sexual contact of an adult,Auckland Central West.,NZ,Auckland Region,Auckland.,1/02/2024,0433503,Auckland Region,Teritorial Authority,Auckland,Polygon,Polygon,MultiPolygon,MultiPolygon,1,MultiPolygon,1
Auckland,Sexual Offences,Unlawful sexual contact of an adult,St Marys.,NZ,Auckland Region,Auckland.,1/03/2024,0425600,Auckland Region,Teritorial Authority,Auckland,Polygon,Polygon,MultiPolygon,MultiPolygon,1,MultiPolygon,1
Auckland,Sexual Offences,Unlawful sexual contact of a child,Mt Hobson.,NZ,Auckland Region,Auckland.,1/02/2025,0491700,Auckland Region,Teritorial Authority,Auckland,Polygon,Polygon,MultiPolygon,MultiPolygon,1,MultiPolygon,1
Auckland,Sexual Offences,Unlawful sexual penetration of a child,Rosehill.,NZ,Auckland Region,Auckland.,1/07/2024,0805000,Auckland Region,Teritorial Authority,Auckland,Polygon,Polygon,MultiPolygon,MultiPolygon,1,MultiPolygon,1
Auckland,Sexual Offences,Unlawful sexual contact of a child,Papatoetoe North.,NZ,Auckland Region,Auckland.,1/08/2023,0661000,Auckland Region,Teritorial Authority,Auckland,Polygon,Polygon,MultiPolygon,MultiPolygon,1,MultiPolygon,1
Auckland,Sexual Offences,Unlawful sexual contact of an adult,Browns Bay.,NZ,Auckland Region,Auckland.,1/02/2024,0160800,Auckland Region,Teritorial Authority,Auckland,Polygon,Polygon,MultiPolygon,MultiPolygon,1,MultiPolygon,1
Auckland,Sexual Offences,Unlawful sexual contact of a child,Stanmore Bay East.,NZ,Auckland Region,Auckland.,1/11/2023,0173706,Auckland Region,Teritorial Authority,Auckland,Polygon,Polygon,MultiPolygon,MultiPolygon,1,MultiPolygon,1
Auckland,Sexual Offences,Unlawful sexual contact of a child,Glenavon.,NZ,Auckland Region,Auckland.,1/03/2025,0379600,Auckland Region,Teritorial Authority,Auckland,Polygon,Polygon,MultiPolygon,MultiPolygon,1,MultiPolygon,1
Auckland,Sexual Offences,Unlawful sexual penetration of a child,Takanini South.,NZ,Auckland Region,Auckland.,1/01/2025,0765500,Auckland Region,Teritorial Authority,Auckland,Polygon,Polygon,MultiPolygon,MultiPolygon,2,MultiPolygon,2
Auckland,Sexual Offences,Unlawful sexual contact of an adult,Auckland Central West.,NZ,Auckland Region,Auckland.,1/11/2024,0435802,Auckland Region,Teritorial Authority,Auckland,Polygon,Polygon,MultiPolygon,MultiPolygon,1,MultiPolygon,1
Auckland,Sexual Offences,Unlawful sexual penetration of an adult,Ormiston.,NZ,Auckland Region,Auckland.,1/01/2024,0712401,Auckland Region,Teritorial Authority,Auckland,Polygon,Polygon,MultiPolygon,MultiPolygon,1,MultiPolygon,1
Auckland,Sexual Offences,Unlawful sexual penetration of an adult,Newton.,NZ,Auckland Region,Auckland.,1/06/2025,0412302,Auckland Region,Teritorial Authority,Auckland,Polygon,Polygon,MultiPolygon,MultiPolygon,1,MultiPolygon,1
Auckland,Sexual Offences,Intimate image offences,West Harbour.,NZ,Auckland Region,Auckland.,1/04/2024,0224214,Auckland Region,Teritorial Authority,Auckland,Polygon,Polygon,MultiPolygon,MultiPolygon,1,MultiPolygon,1
Auckland,Sexual Offences,Unlawful sexual contact of an adult,Northcote South.,NZ,Auckland Region,Auckland.,1/03/2024,0359701,Auckland Region,Teritorial Authority,Auckland,Polygon,Polygon,MultiPolygon,MultiPolygon,1,MultiPolygon,1
Auckland,Sexual Offences,Unlawful sexual penetration of an adult,Homai East.,NZ,Auckland Region,Auckland.,1/03/2025,0775901,Auckland Region,Teritorial Authority,Auckland,Polygon,Polygon,MultiPolygon,MultiPolygon,1,MultiPolygon,1
Auckland,Sexual Offences,Child procurement or grooming,Otahuhu West.,NZ,Auckland Region,Auckland.,1/10/2024,0785400,Auckland Region,Teritorial Authority,Auckland,Polygon,Polygon,MultiPolygon,MultiPolygon,1,MultiPolygon,1
Auckland,Sexual Offences,Unlawful sexual contact of an adult,Ardmore.,NZ,Auckland Region,Auckland.,1/06/2025,0761602,Auckland Region,Teritorial Authority,Auckland,Polygon,Polygon,MultiPolygon,MultiPolygon,1,MultiPolygon,1
Auckland,Sexual Offences,Unlawful sexual contact of a child,Papakura North.,NZ,Auckland Region,Auckland.,1/08/2024,0791300,Auckland Region,Teritorial Authority,Auckland,Polygon,Polygon,MultiPolygon,MultiPolygon,1,MultiPolygon,1
Auckland,Sexual Offences,Unlawful sexual penetration of a child,Avondale South.,NZ,Auckland Region,Auckland.,1/01/2025,0370900,Auckland Region,Teritorial Authority,Auckland,Polygon,Polygon,MultiPolygon,MultiPolygon,1,MultiPolygon,1
Auckland,Sexual Offences,Unlawful sexual contact of a child,Manukau Central.,NZ,Auckland Region,Auckland.,1/01/2024,0780209,Auckland Region,Teritorial Authority,Auckland,Polygon,Polygon,MultiPolygon,MultiPolygon,1,MultiPolygon,1
Auckland,Sexual Offences,Unlawful sexual contact of an adult,Auckland Harbourside.,NZ,Auckland Region,Auckland.,1/06/2025,0433001,Auckland Region,Teritorial Authority,Auckland,Polygon,Polygon,MultiPolygon,MultiPolygon,1,MultiPolygon,1
Auckland,Sexual Offences,Intimate image offences,Westgate.,NZ,Auckland Region,Auckland.,1/08/2023,0224306,Auckland Region,Teritorial Authority,Auckland,Polygon,Polygon,MultiPolygon,MultiPolygon,1,MultiPolygon,1
Auckland,Sexual Offences,Unlawful sexual contact of an adult,Papatoetoe Central.,NZ,Auckland Region,Auckland.,1/03/2024,0663500,Auckland Region,Teritorial Authority,Auckland,Polygon,Polygon,MultiPolygon,MultiPolygon,1,MultiPolygon,1
Auckland,Sexual Offences,Unlawful sexual penetration of an adult,Waterview.,NZ,Auckland Region,Auckland.,1/03/2025,0384703,Auckland Region,Teritorial Authority,Auckland,Polygon,Polygon,MultiPolygon,MultiPolygon,1,MultiPolygon,1
Auckland,Sexual Offences,Intimate image offences,Mt Wellington South.,NZ,Auckland Region,Auckland.,1/01/2025,0638801,Auckland Region,Teritorial Authority,Auckland,Polygon,Polygon,MultiPolygon,MultiPolygon,1,MultiPolygon,1
Auckland,Sexual Offences,Unlawful sexual penetration of an adult,Karekare.,NZ,Auckland Region,Auckland.,1/05/2025,0303203,Auckland Region,Teritorial Authority,Auckland,MultiPolygon,Polygon,MultiPolygon,MultiPolygon,1,MultiPolygon,1
Auckland,Sexual Offences,Unlawful sexual contact of a child,Ranui South.,NZ,Auckland Region,Auckland.,1/04/2024,0238402,Auckland Region,Teritorial Authority,Auckland,Polygon,Polygon,MultiPolygon,MultiPolygon,1,MultiPolygon,1
Auckland,Sexual Offences,Unlawful sexual contact of a child,Rosehill.,NZ,Auckland Region,Auckland.,1/09/2024,0803801,Auckland Region,Teritorial Authority,Auckland,Polygon,Polygon,MultiPolygon,MultiPolygon,1,MultiPolygon,1
Auckland,Sexual Offences,Unlawful sexual penetration of a child,Maungawhau.,NZ,Auckland Region,Auckland.,1/09/2023,0555700,Auckland Region,Teritorial Authority,Auckland,Polygon,Polygon,MultiPolygon,MultiPolygon,1,MultiPolygon,1
Auckland,Sexual Offences,Unlawful sexual contact of an adult,Kingdale.,NZ,Auckland Region,Auckland.,1/02/2024,0230602,Auckland Region,Teritorial Authority,Auckland,Polygon,Polygon,MultiPolygon,MultiPolygon,1,MultiPolygon,1
Auckland,Sexual Offences,Unlawful sexual contact of a child,Castor Bay.,NZ,Auckland Region,Auckland.,1/11/2024,0315100,Auckland Region,Teritorial Authority,Auckland,Polygon,Polygon,MultiPolygon,MultiPolygon,1,MultiPolygon,1
Auckland,Sexual Offences,Unlawful sexual contact of an adult,Kingsland.,NZ,Auckland Region,Auckland.,1/01/2024,0532103,Auckland Region,Teritorial Authority,Auckland,Polygon,Polygon,MultiPolygon,MultiPolygon,1,MultiPolygon,1
Auckland,Sexual Offences,Unlawful sexual contact of a child,Hillpark.,NZ,Auckland Region,Auckland.,1/02/2025,0755300,Auckland Region,Teritorial Authority,Auckland,Polygon,Polygon,MultiPolygon,MultiPolygon,1,MultiPolygon,1
Auckland,Sexual Offences,Unlawful sexual penetration of an adult,Auckland Central West.,NZ,Auckland Region,Auckland.,1/11/2023,0434500,Auckland Region,Teritorial Authority,Auckland,Polygon,Polygon,MultiPolygon,MultiPolygon,1,MultiPolygon,1
Auckland,Sexual Offences,Unlawful sexual contact of an adult,Manukau Central.,NZ,Auckland Region,Auckland.,1/07/2025,0780204,Auckland Region,Teritorial Authority,Auckland,Polygon,Polygon,MultiPolygon,MultiPolygon,1,MultiPolygon,1
Auckland,Sexual Offences,Unlawful sexual penetration of an adult,Kingdale.,NZ,Auckland Region,Auckland.,1/10/2023,0233500,Auckland Region,Teritorial Authority,Auckland,Polygon,Polygon,MultiPolygon,MultiPolygon,1,MultiPolygon,1
Auckland,Sexual Offences,Unlawful sexual contact of an adult,Papatoetoe Central.,NZ,Auckland Region,Auckland.,1/03/2024,0663600,Auckland Region,Teritorial Authority,Auckland,Polygon,Polygon,MultiPolygon,MultiPolygon,1,MultiPolygon,1
Auckland,Sexual Offences,Unlawful sexual contact of a child,Harania West.,NZ,Auckland Region,Auckland.,1/04/2024,0734400,Auckland Region,Teritorial Authority,Auckland,Polygon,Polygon,MultiPolygon,MultiPolygon,1,MultiPolygon,1
Auckland,Sexual Offences,Intimate image offences,Mangere Central.,NZ,Auckland Region,Auckland.,1/03/2025,0740100,Auckland Region,Teritorial Authority,Auckland,Polygon,Polygon,MultiPolygon,MultiPolygon,1,MultiPolygon,1
Auckland,Sexual Offences,Unlawful sexual penetration of an adult,Howick Central.,NZ,Auckland Region,Auckland.,1/06/2025,0646700,Auckland Region,Teritorial Authority,Auckland,Polygon,Polygon,MultiPolygon,MultiPolygon,1,MultiPolygon,1
Auckland,Sexual Offences,Unlawful sexual contact of an adult,New Lynn South.,NZ,Auckland Region,Auckland.,1/01/2024,0268900,Auckland Region,Teritorial Authority,Auckland,Polygon,Polygon,MultiPolygon,MultiPolygon,1,MultiPolygon,1
Auckland,Sexual Offences,Unlawful sexual penetration of a child,Birkdale North.,NZ,Auckland Region,Auckland.,1/04/2024,0348000,Auckland Region,Teritorial Authority,Auckland,Polygon,Polygon,MultiPolygon,MultiPolygon,1,MultiPolygon,1
Auckland,Sexual Offences,Unlawful sexual contact of a child,Pukekohe West.,NZ,Auckland Region,Auckland.,1/03/2025,0822405,Auckland Region,Teritorial Authority,Auckland,Polygon,Polygon,MultiPolygon,MultiPolygon,1,MultiPolygon,1
Auckland,Sexual Offences,Unlawful sexual contact of a child,Pigeon Mountain North.,NZ,Auckland Region,Auckland.,1/10/2023,0680801,Auckland Region,Teritorial Authority,Auckland,Polygon,Polygon,MultiPolygon,MultiPolygon,1,MultiPolygon,1
Auckland,Sexual Offences,Unlawful sexual penetration of an adult,Lynnmall.,NZ,Auckland Region,Auckland.,1/02/2024,0266000,Auckland Region,Teritorial Authority,Auckland,Polygon,Polygon,MultiPolygon,MultiPolygon,1,MultiPolygon,1
Auckland,Sexual Offences,Unlawful sexual contact of a child,Wade Heads.,NZ,Auckland Region,Auckland.,1/11/2024,0173909,Auckland Region,Teritorial Authority,Auckland,Polygon,Polygon,MultiPolygon,MultiPolygon,1,MultiPolygon,1
Auckland,Sexual Offences,Unlawful sexual contact of an adult,Auckland Harbourside.,NZ,Auckland Region,Auckland.,1/12/2024,0438214,Auckland Region,Teritorial Authority,Auckland,Polygon,Polygon,MultiPolygon,MultiPolygon,1,MultiPolygon,1
Auckland,Sexual Offences,Child procurement or grooming,Pakuranga North.,NZ,Auckland Region,Auckland.,1/08/2024,0693400,Auckland Region,Teritorial Authority,Auckland,Polygon,Polygon,MultiPolygon,MultiPolygon,1,MultiPolygon,1
Auckland,Sexual Offences,Unlawful sexual contact of an adult,Starling Park.,NZ,Auckland Region,Auckland.,1/10/2023,0235600,Auckland Region,Teritorial Authority,Auckland,Polygon,Polygon,MultiPolygon,MultiPolygon,1,MultiPolygon,1
Auckland,Sexual Offences,Unlawful sexual contact of a child,Mcleod.,NZ,Auckland Region,Auckland.,1/03/2024,0259401,Auckland Region,Teritorial Authority,Auckland,Polygon,Polygon,MultiPolygon,MultiPolygon,1,MultiPolygon,1
Auckland,Sexual Offences,Unlawful sexual penetration of a child,Papatoetoe North.,NZ,Auckland Region,Auckland.,1/03/2025,0662100,Auckland Region,Teritorial Authority,Auckland,Polygon,Polygon,MultiPolygon,MultiPolygon,1,MultiPolygon,1
Auckland,Sexual Offences,Unlawful sexual contact of a child,Wiri.,NZ,Auckland Region,Auckland.,1/06/2024,0780414,Auckland Region,Teritorial Authority,Auckland,Polygon,Polygon,MultiPolygon,MultiPolygon,1,MultiPolygon,1
Auckland,Sexual Offences,Intimate image offences,Clendon South.,NZ,Auckland Region,Auckland.,1/06/2024,0774441,Auckland Region,Teritorial Authority,Auckland,Polygon,Polygon,MultiPolygon,MultiPolygon,1,MultiPolygon,1
Auckland,Sexual Offences,Unlawful sexual contact of an adult,Point England.,NZ,Auckland Region,Auckland.,1/07/2025,0477100,Auckland Region,Teritorial Authority,Auckland,Polygon,Polygon,MultiPolygon,MultiPolygon,1,MultiPolygon,1
Auckland,Sexual Offences,Unlawful sexual penetration of an adult,Ponsonby East.,NZ,Auckland Region,Auckland.,1/01/2024,0429700,Auckland Region,Teritorial Authority,Auckland,Polygon,Polygon,MultiPolygon,MultiPolygon,1,MultiPolygon,1
Auckland,Sexual Offences,Unlawful sexual penetration of an adult,Glamorgan.,NZ,Auckland Region,Auckland.,1/02/2024,0165809,Auckland Region,Teritorial Authority,Auckland,Polygon,Polygon,MultiPolygon,MultiPolygon,1,MultiPolygon,1
Auckland,Sexual Offences,Unlawful sexual contact of an adult,Papakura Central.,NZ,Auckland Region,Auckland.,1/12/2023,0791900,Auckland Region,Teritorial Authority,Auckland,Polygon,Polygon,MultiPolygon,MultiPolygon,1,MultiPolygon,1
Auckland,Sexual Offences,Unlawful sexual penetration of a child,Middlemore.,NZ,Auckland Region,Auckland.,1/09/2023,0786500,Auckland Region,Teritorial Authority,Auckland,Polygon,Polygon,MultiPolygon,MultiPolygon,1,MultiPolygon,1
Auckland,Sexual Offences,Unlawful sexual contact of an adult,Birkdale North.,NZ,Auckland Region,Auckland.,1/02/2024,0348700,Auckland Region,Teritorial Authority,Auckland,Polygon,Polygon,MultiPolygon,MultiPolygon,1,MultiPolygon,1
Auckland,Sexual Offences,Unlawful sexual contact of an adult,Rothesay Bay.,NZ,Auckland Region,Auckland.,1/05/2025,0156304,Auckland Region,Teritorial Authority,Auckland,Polygon,Polygon,MultiPolygon,MultiPolygon,1,MultiPolygon,1
Auckland,Sexual Offences,Child procurement or grooming,Glenbrook.,NZ,Auckland Region,Auckland.,1/04/2025,0833702,Auckland Region,Teritorial Authority,Auckland,Polygon,Polygon,MultiPolygon,MultiPolygon,1,MultiPolygon,1
Auckland,Sexual Offences,Unlawful sexual penetration of a child,Harania West.,NZ,Auckland Region,Auckland.,1/12/2024,0734703,Auckland Region,Teritorial Authority,Auckland,Polygon,Polygon,MultiPolygon,MultiPolygon,1,MultiPolygon,1
Auckland,Sexual Offences,Unlawful sexual contact of an adult,Wesley.,NZ,Auckland Region,Auckland.,1/12/2023,0579000,Auckland Region,Teritorial Authority,Auckland,Polygon,Polygon,MultiPolygon,MultiPolygon,1,MultiPolygon,1
Auckland,Sexual Offences,Unlawful sexual contact of an adult,Manukau Central.,NZ,Auckland Region,Auckland.,1/07/2025,0780209,Auckland Region,Teritorial Authority,Auckland,Polygon,Polygon,MultiPolygon,MultiPolygon,1,MultiPolygon,1
Auckland,Sexual Offences,Unlawful sexual penetration of a child,Durham Green.,NZ,Auckland Region,Auckland.,1/03/2024,0248900,Auckland Region,Teritorial Authority,Auckland,Polygon,Polygon,MultiPolygon,MultiPolygon,1,MultiPolygon,1
Auckland,Sexual Offences,Unlawful sexual penetration of a child,Clendon South.,NZ,Auckland Region,Auckland.,1/03/2025,0774424,Auckland Region,Teritorial Authority,Auckland,Polygon,Polygon,MultiPolygon,MultiPolygon,1,MultiPolygon,1
Auckland,Sexual Offences,Unlawful sexual penetration of a child,Kingsland.,NZ,Auckland Region,Auckland.,1/06/2024,0531900,Auckland Region,Teritorial Authority,Auckland,Polygon,Polygon,MultiPolygon,MultiPolygon,1,MultiPolygon,1
Auckland,Sexual Offences,Intimate image offences,Kilkenny.,NZ,Auckland Region,Auckland.,1/08/2024,3202001,Auckland Region,Teritorial Authority,Auckland,Polygon,Polygon,MultiPolygon,MultiPolygon,1,MultiPolygon,1
Auckland,Sexual Offences,Unlawful sexual contact of a child,Waitakere.,NZ,Auckland Region,Auckland.,1/07/2025,0237203,Auckland Region,Teritorial Authority,Auckland,Polygon,Polygon,MultiPolygon,MultiPolygon,1,MultiPolygon,1
Auckland,Sexual Offences,Unlawful sexual contact of an adult,Ponsonby East.,NZ,Auckland Region,Auckland.,1/01/2025,0429100,Auckland Region,Teritorial Authority,Auckland,Polygon,Polygon,MultiPolygon,MultiPolygon,1,MultiPolygon,1
Auckland,Sexual Offences,Unlawful sexual penetration of an adult,Helensville.,NZ,Auckland Region,Auckland.,1/02/2024,0209100,Auckland Region,Teritorial Authority,Auckland,Polygon,Polygon,MultiPolygon,MultiPolygon,1,MultiPolygon,1
Auckland,Sexual Offences,Unlawful sexual contact of an adult,Ormiston.,NZ,Auckland Region,Auckland.,1/10/2023,0712500,Auckland Region,Teritorial Authority,Auckland,Polygon,Polygon,MultiPolygon,MultiPolygon,1,MultiPolygon,1
Auckland,Sexual Offences,Unlawful sexual penetration of a child,Woodglen.,NZ,Auckland Region,Auckland.,1/09/2023,0284200,Auckland Region,Teritorial Authority,Auckland,Polygon,Polygon,MultiPolygon,MultiPolygon,1,MultiPolygon,1
Auckland,Sexual Offences,Unlawful sexual contact of a child,Waiuku East.,NZ,Auckland Region,Auckland.,1/02/2024,0836000,Auckland Region,Teritorial Authority,Auckland,Polygon,Polygon,MultiPolygon,MultiPolygon,1,MultiPolygon,1
Auckland,Sexual Offences,Offensive sexual acts,Kingdale.,NZ,Auckland Region,Auckland.,1/07/2025,0230401,Auckland Region,Teritorial Authority,Auckland,Polygon,Polygon,MultiPolygon,MultiPolygon,1,MultiPolygon,1
Auckland,Sexual Offences,Unlawful sexual contact of an adult,Starling Park.,NZ,Auckland Region,Auckland.,1/05/2025,0235711,Auckland Region,Teritorial Authority,Auckland,Polygon,Polygon,MultiPolygon,MultiPolygon,1,MultiPolygon,1
Auckland,Sexual Offences,Unlawful sexual penetration of an adult,Grey Lynn East.,NZ,Auckland Region,Auckland.,1/04/2025,0404800,Auckland Region,Teritorial Authority,Auckland,Polygon,Polygon,MultiPolygon,MultiPolygon,1,MultiPolygon,1
Auckland,Sexual Offences,Unlawful sexual penetration of a child,Homai East.,NZ,Auckland Region,Auckland.,1/03/2025,0778700,Auckland Region,Teritorial Authority,Auckland,Polygon,Polygon,MultiPolygon,MultiPolygon,1,MultiPolygon,1
Auckland,Sexual Offences,Unlawful sexual contact of an adult,Auckland Central East.,NZ,Auckland Region,Auckland.,1/01/2024,0438502,Auckland Region,Teritorial Authority,Auckland,Polygon,Polygon,MultiPolygon,MultiPolygon,1,MultiPolygon,1
Auckland,Sexual Offences,Unlawful sexual contact of a child,Donegal Park.,NZ,Auckland Region,Auckland.,1/08/2023,0713300,Auckland Region,Teritorial Authority,Auckland,Polygon,Polygon,MultiPolygon,MultiPolygon,1,MultiPolygon,1
Auckland,Sexual Offences,Offensive sexual acts,Manukau Central.,NZ,Auckland Region,Auckland.,1/02/2024,0780204,Auckland Region,Teritorial Authority,Auckland,Polygon,Polygon,MultiPolygon,MultiPolygon,1,MultiPolygon,1
Auckland,Sexual Offences,Unlawful sexual contact of a child,Highbrook.,NZ,Auckland Region,Auckland.,1/02/2024,0711600,Auckland Region,Teritorial Authority,Auckland,Polygon,Polygon,MultiPolygon,MultiPolygon,1,MultiPolygon,1
Auckland,Sexual Offences,Unlawful sexual penetration of a child,Dairy Flat-Redvale.,NZ,Auckland Region,Auckland.,1/06/2025,0175909,Auckland Region,Teritorial Authority,Auckland,Polygon,Polygon,MultiPolygon,MultiPolygon,1,MultiPolygon,1
Auckland,Sexual Offences,Unlawful sexual contact of an adult,Henderson South.,NZ,Auckland Region,Auckland.,1/07/2025,0242700,Auckland Region,Teritorial Authority,Auckland,Polygon,Polygon,MultiPolygon,MultiPolygon,1,MultiPolygon,1
Auckland,Sexual Offences,Unlawful sexual penetration of an adult,Puhinui South.,NZ,Auckland Region,Auckland.,1/04/2025,0780205,Auckland Region,Teritorial Authority,Auckland,Polygon,Polygon,MultiPolygon,MultiPolygon,1,MultiPolygon,1
Auckland,Sexual Offences,Unlawful sexual penetration of an adult,Otara East.,NZ,Auckland Region,Auckland.,1/01/2025,0701600,Auckland Region,Teritorial Authority,Auckland,Polygon,Polygon,MultiPolygon,MultiPolygon,1,MultiPolygon,1
Auckland,Sexual Offences,Intimate image offences,Kingdale.,NZ,Auckland Region,Auckland.,1/12/2023,0230401,Auckland Region,Teritorial Authority,Auckland,Polygon,Polygon,MultiPolygon,MultiPolygon,1,MultiPolygon,1
Auckland,Sexual Offences,Unlawful sexual penetration of a child,Henderson North.,NZ,Auckland Region,Auckland.,1/03/2024,0239804,Auckland Region,Teritorial Authority,Auckland,Polygon,Polygon,MultiPolygon,MultiPolygon,1,MultiPolygon,1
Auckland,Sexual Offences,Unlawful sexual penetration of an adult,Puhinui North.,NZ,Auckland Region,Auckland.,1/04/2024,0671300,Auckland Region,Teritorial Authority,Auckland,Polygon,Polygon,MultiPolygon,MultiPolygon,1,MultiPolygon,1
Auckland,Sexual Offences,Unlawful sexual contact of a child,Leabank.,NZ,Auckland Region,Auckland.,1/07/2024,0772802,Auckland Region,Teritorial Authority,Auckland,Polygon,Polygon,MultiPolygon,MultiPolygon,1,MultiPolygon,1
Auckland,Sexual Offences,Intimate image offences,Newmarket.,NZ,Auckland Region,Auckland.,1/10/2024,0451300,Auckland Region,Teritorial Authority,Auckland,Polygon,Polygon,MultiPolygon,MultiPolygon,1,MultiPolygon,1
Auckland,Sexual Offences,Unlawful sexual contact of an adult,Papakura East.,NZ,Auckland Region,Auckland.,1/07/2025,0799105,Auckland Region,Teritorial Authority,Auckland,Polygon,Polygon,MultiPolygon,MultiPolygon,1,MultiPolygon,1
Auckland,Sexual Offences,Unlawful sexual contact of an adult,Grey Lynn East.,NZ,Auckland Region,Auckland.,1/01/2025,0409100,Auckland Region,Teritorial Authority,Auckland,Polygon,Polygon,MultiPolygon,MultiPolygon,1,MultiPolygon,1
Auckland,Sexual Offences,Unlawful sexual penetration of a child,Redoubt North.,NZ,Auckland Region,Auckland.,1/03/2024,0715704,Auckland Region,Teritorial Authority,Auckland,Polygon,Polygon,MultiPolygon,MultiPolygon,1,MultiPolygon,1
Auckland,Sexual Offences,Child procurement or grooming,Lynfield North.,NZ,Auckland Region,Auckland.,1/10/2024,0586400,Auckland Region,Teritorial Authority,Auckland,Polygon,Polygon,MultiPolygon,MultiPolygon,1,MultiPolygon,1
Auckland,Sexual Offences,Unlawful sexual penetration of an adult,St Marys.,NZ,Auckland Region,Auckland.,1/02/2025,0423600,Auckland Region,Teritorial Authority,Auckland,Polygon,Polygon,MultiPolygon,MultiPolygon,1,MultiPolygon,1
Auckland,Sexual Offences,Unlawful sexual contact of a child,Mangere South.,NZ,Auckland Region,Auckland.,1/04/2024,0727400,Auckland Region,Teritorial Authority,Auckland,MultiPolygon,Polygon,MultiPolygon,MultiPolygon,1,MultiPolygon,1
Auckland,Sexual Offences,Unlawful sexual contact of an adult,Otara East.,NZ,Auckland Region,Auckland.,1/09/2023,0700900,Auckland Region,Teritorial Authority,Auckland,Polygon,Polygon,MultiPolygon,MultiPolygon,1,MultiPolygon,1
Auckland,Sexual Offences,Unlawful sexual penetration of a child,Lynnmall.,NZ,Auckland Region,Auckland.,1/09/2023,0266000,Auckland Region,Teritorial Authority,Auckland,Polygon,Polygon,MultiPolygon,MultiPolygon,1,MultiPolygon,1
Auckland,Sexual Offences,Unlawful sexual contact of a child,Otahuhu West.,NZ,Auckland Region,Auckland.,1/02/2024,0786300,Auckland Region,Teritorial Authority,Auckland,Polygon,Polygon,MultiPolygon,MultiPolygon,1,MultiPolygon,1
Auckland,Sexual Offences,Unlawful sexual contact of an adult,Browns Bay.,NZ,Auckland Region,Auckland.,1/06/2025,0161200,Auckland Region,Teritorial Authority,Auckland,Polygon,Polygon,MultiPolygon,MultiPolygon,1,MultiPolygon,1
Auckland,Sexual Offences,Offensive sexual acts,Bledisloe Park.,NZ,Auckland Region,Auckland.,1/07/2025,0817001,Auckland Region,Teritorial Authority,Auckland,Polygon,Polygon,MultiPolygon,MultiPolygon,1,MultiPolygon,1
Auckland,Sexual Offences,Unlawful sexual contact of an adult,Auckland Central East.,NZ,Auckland Region,Auckland.,1/11/2024,0436600,Auckland Region,Teritorial Authority,Auckland,Polygon,Polygon,MultiPolygon,MultiPolygon,1,MultiPolygon,1
Auckland,Sexual Offences,Unlawful sexual penetration of an adult,Auckland Harbourside.,NZ,Auckland Region,Auckland.,1/12/2024,0440113,Auckland Region,Teritorial Authority,Auckland,Polygon,Polygon,MultiPolygon,MultiPolygon,1,MultiPolygon,1
Auckland,Sexual Offences,Intimate image offences,Browns Bay.,NZ,Auckland Region,Auckland.,1/01/2024,0161000,Auckland Region,Teritorial Authority,Auckland,Polygon,Polygon,MultiPolygon,MultiPolygon,1,MultiPolygon,1
Auckland,Sexual Offences,Unlawful sexual contact of an adult,Lake Pupuke.,NZ,Auckland Region,Auckland.,1/03/2024,0309800,Auckland Region,Teritorial Authority,Auckland,Polygon,Polygon,MultiPolygon,MultiPolygon,1,MultiPolygon,1
Auckland,Sexual Offences,Offensive sexual acts,Mt Eden East.,NZ,Auckland Region,Auckland.,1/12/2023,0550400,Auckland Region,Teritorial Authority,Auckland,Polygon,Polygon,MultiPolygon,MultiPolygon,1,MultiPolygon,1
Auckland,Sexual Offences,Unlawful sexual penetration of an adult,Woodglen.,NZ,Auckland Region,Auckland.,1/03/2025,0283500,Auckland Region,Teritorial Authority,Auckland,Polygon,Polygon,MultiPolygon,MultiPolygon,1,MultiPolygon,1
Auckland,Sexual Offences,Unlawful sexual contact of a child,Puhinui North.,NZ,Auckland Region,Auckland.,1/07/2024,0673000,Auckland Region,Teritorial Authority,Auckland,Polygon,Polygon,MultiPolygon,MultiPolygon,1,MultiPolygon,1
Auckland,Sexual Offences,Intimate image offences,Remuera South.,NZ,Auckland Region,Auckland.,1/10/2024,0494100,Auckland Region,Teritorial Authority,Auckland,Polygon,Polygon,MultiPolygon,MultiPolygon,1,MultiPolygon,1
Auckland,Sexual Offences,Unlawful sexual contact of a child,One Tree Hill East.,NZ,Auckland Region,Auckland.,1/07/2025,0619300,Auckland Region,Teritorial Authority,Auckland,Polygon,Polygon,MultiPolygon,MultiPolygon,1,MultiPolygon,1
Auckland,Sexual Offences,Unlawful sexual contact of an adult,Hillsborough West.,NZ,Auckland Region,Auckland.,1/02/2025,0569503,Auckland Region,Teritorial Authority,Auckland,Polygon,Polygon,MultiPolygon,MultiPolygon,1,MultiPolygon,1
Auckland,Sexual Offences,Unlawful sexual penetration of an adult,Point England.,NZ,Auckland Region,Auckland.,1/01/2024,0477300,Auckland Region,Teritorial Authority,Auckland,Polygon,Polygon,MultiPolygon,MultiPolygon,1,MultiPolygon,1
Auckland,Sexual Offences,Unlawful sexual penetration of a child,Wymondley.,NZ,Auckland Region,Auckland.,1/10/2023,0699700,Auckland Region,Teritorial Authority,Auckland,Polygon,Polygon,MultiPolygon,MultiPolygon,1,MultiPolygon,1
Auckland,Sexual Offences,Unlawful sexual penetration of an adult,Homai East.,NZ,Auckland Region,Auckland.,1/03/2024,0780100,Auckland Region,Teritorial Authority,Auckland,Polygon,Polygon,MultiPolygon,MultiPolygon,1,MultiPolygon,1
Auckland,Sexual Offences,Unlawful sexual contact of an adult,Pakuranga North.,NZ,Auckland Region,Auckland.,1/02/2024,0692500,Auckland Region,Teritorial Authority,Auckland,Polygon,Polygon,MultiPolygon,MultiPolygon,1,MultiPolygon,1
Auckland,Sexual Offences,Intimate image offences,Mangere Bridge.,NZ,Auckland Region,Auckland.,1/06/2025,0723701,Auckland Region,Teritorial Authority,Auckland,Polygon,Polygon,MultiPolygon,MultiPolygon,1,MultiPolygon,1
Auckland,Sexual Offences,Unlawful sexual penetration of a child,Papakura North.,NZ,Auckland Region,Auckland.,1/11/2024,0792800,Auckland Region,Teritorial Authority,Auckland,Polygon,Polygon,MultiPolygon,MultiPolygon,1,MultiPolygon,1
Auckland,Sexual Offences,Unlawful sexual contact of an adult,Newton.,NZ,Auckland Region,Auckland.,1/12/2024,0412100,Auckland Region,Teritorial Authority,Auckland,Polygon,Polygon,MultiPolygon,MultiPolygon,1,MultiPolygon,1
Auckland,Sexual Offences,Unlawful sexual penetration of an adult,Wiri.,NZ,Auckland Region,Auckland.,1/12/2024,0780411,Auckland Region,Teritorial Authority,Auckland,Polygon,Polygon,MultiPolygon,MultiPolygon,1,MultiPolygon,1
Auckland,Sexual Offences,Unlawful sexual penetration of a child,Lake Pupuke.,NZ,Auckland Region,Auckland.,1/01/2024,0307800,Auckland Region,Teritorial Authority,Auckland,Polygon,Polygon,MultiPolygon,MultiPolygon,1,MultiPolygon,1
Auckland,Sexual Offences,Unlawful sexual contact of an adult,Lake Pupuke.,NZ,Auckland Region,Auckland.,1/03/2024,0307300,Auckland Region,Teritorial Authority,Auckland,Polygon,Polygon,MultiPolygon,MultiPolygon,1,MultiPolygon,1
Auckland,Sexual Offences,Offensive sexual acts,Mangere Central.,NZ,Auckland Region,Auckland.,1/12/2023,0740500,Auckland Region,Teritorial Authority,Auckland,Polygon,Polygon,MultiPolygon,MultiPolygon,1,MultiPolygon,1
Auckland,Sexual Offences,Unlawful sexual penetration of a child,Royal Heights.,NZ,Auckland Region,Auckland.,1/04/2025,0224413,Auckland Region,Teritorial Authority,Auckland,Polygon,Polygon,MultiPolygon,MultiPolygon,1,MultiPolygon,1
Auckland,Sexual Offences,Unlawful sexual contact of a child,Otahuhu West.,NZ,Auckland Region,Auckland.,1/07/2024,0785100,Auckland Region,Teritorial Authority,Auckland,Polygon,Polygon,MultiPolygon,MultiPolygon,1,MultiPolygon,1
Auckland,Sexual Offences,Offensive sexual acts,Sandringham North.,NZ,Auckland Region,Auckland.,1/01/2025,0536100,Auckland Region,Teritorial Authority,Auckland,Polygon,Polygon,MultiPolygon,MultiPolygon,1,MultiPolygon,1
Auckland,Sexual Offences,Offensive sexual acts,Orakei South.,NZ,Auckland Region,Auckland.,1/08/2023,0486600,Auckland Region,Teritorial Authority,Auckland,Polygon,Polygon,MultiPolygon,MultiPolygon,1,MultiPolygon,1
Auckland,Sexual Offences,Unlawful sexual penetration of a child,Rewarewa.,NZ,Auckland Region,Auckland.,1/08/2024,0261602,Auckland Region,Teritorial Authority,Auckland,Polygon,Polygon,MultiPolygon,MultiPolygon,1,MultiPolygon,1
Auckland,Sexual Offences,Unlawful sexual contact of a child,Mangere South.,NZ,Auckland Region,Auckland.,1/07/2025,0728619,Auckland Region,Teritorial Authority,Auckland,MultiPolygon,Polygon,MultiPolygon,MultiPolygon,1,MultiPolygon,1
Auckland,Sexual Offences,Unlawful sexual contact of an adult,Papatoetoe East.,NZ,Auckland Region,Auckland.,1/02/2025,0668700,Auckland Region,Teritorial Authority,Auckland,Polygon,Polygon,MultiPolygon,MultiPolygon,1,MultiPolygon,1
Auckland,Sexual Offences,Unlawful sexual penetration of an adult,New Windsor.,NZ,Auckland Region,Auckland.,1/03/2024,0376200,Auckland Region,Teritorial Authority,Auckland,Polygon,Polygon,MultiPolygon,MultiPolygon,1,MultiPolygon,1
Auckland,Sexual Offences,Unlawful sexual penetration of a child,Homai East.,NZ,Auckland Region,Auckland.,1/08/2023,0776900,Auckland Region,Teritorial Authority,Auckland,Polygon,Polygon,MultiPolygon,MultiPolygon,1,MultiPolygon,1
Auckland,Sexual Offences,Unlawful sexual contact of an adult,Clendon South.,NZ,Auckland Region,Auckland.,1/03/2024,0774450,Auckland Region,Teritorial Authority,Auckland,Polygon,Polygon,MultiPolygon,MultiPolygon,1,MultiPolygon,1
Auckland,Sexual Offences,Unlawful sexual contact of an adult,Wiri.,NZ,Auckland Region,Auckland.,1/02/2024,0780800,Auckland Region,Teritorial Authority,Auckland,Polygon,Polygon,MultiPolygon,MultiPolygon,1,MultiPolygon,1
Auckland,Sexual Offences,Offensive sexual acts,Sandringham North.,NZ,Auckland Region,Auckland.,1/02/2025,0536900,Auckland Region,Teritorial Authority,Auckland,Polygon,Polygon,MultiPolygon,MultiPolygon,1,MultiPolygon,1
Auckland,Sexual Offences,Offensive sexual acts,Springleigh.,NZ,Auckland Region,Auckland.,1/06/2025,0524800,Auckland Region,Teritorial Authority,Auckland,Polygon,Polygon,MultiPolygon,MultiPolygon,1,MultiPolygon,1
Auckland,Sexual Offences,Unlawful sexual contact of an adult,Bremner.,NZ,Auckland Region,Auckland.,1/07/2025,0807300,Auckland Region,Teritorial Authority,Auckland,Polygon,Polygon,MultiPolygon,MultiPolygon,1,MultiPolygon,1
Auckland,Sexual Offences,Unlawful sexual penetration of an adult,Auckland Central East.,NZ,Auckland Region,Auckland.,1/12/2024,0436100,Auckland Region,Teritorial Authority,Auckland,Polygon,Polygon,MultiPolygon,MultiPolygon,1,MultiPolygon,1
Auckland,Sexual Offences,Unlawful sexual penetration of an adult,Wiri.,NZ,Auckland Region,Auckland.,1/03/2025,0780416,Auckland Region,Teritorial Authority,Auckland,Polygon,Polygon,MultiPolygon,MultiPolygon,1,MultiPolygon,1
Auckland,Sexual Offences,Unlawful sexual contact of an adult,Albany.,NZ,Auckland Region,Auckland.,1/01/2024,0179000,Auckland Region,Teritorial Authority,Auckland,Polygon,Polygon,MultiPolygon,MultiPolygon,1,MultiPolygon,1
Auckland,Sexual Offences,Unlawful sexual penetration of an adult,Helensville.,NZ,Auckland Region,Auckland.,1/03/2024,0208906,Auckland Region,Teritorial Authority,Auckland,Polygon,Polygon,MultiPolygon,MultiPolygon,1,MultiPolygon,1
Auckland,Sexual Offences,Unlawful sexual penetration of a child,Mangere Central.,NZ,Auckland Region,Auckland.,1/08/2023,0741002,Auckland Region,Teritorial Authority,Auckland,Polygon,Polygon,MultiPolygon,MultiPolygon,1,MultiPolygon,1
Auckland,Sexual Offences,Unlawful sexual penetration of an adult,Abbotts Park.,NZ,Auckland Region,Auckland.,1/03/2024,0494902,Auckland Region,Teritorial Authority,Auckland,Polygon,Polygon,MultiPolygon,MultiPolygon,1,MultiPolygon,1
Auckland,Sexual Offences,Unlawful sexual contact of a child,Highbrook.,NZ,Auckland Region,Auckland.,1/02/2024,0711600,Auckland Region,Teritorial Authority,Auckland,Polygon,Polygon,MultiPolygon,MultiPolygon,1,MultiPolygon,1
Auckland,Sexual Offences,Offensive sexual acts,Lynnmall.,NZ,Auckland Region,Auckland.,1/03/2025,0266000,Auckland Region,Teritorial Authority,Auckland,Polygon,Polygon,MultiPolygon,MultiPolygon,1,MultiPolygon,1
Auckland,Sexual Offences,Offensive sexual acts,Sunnyhills.,NZ,Auckland Region,Auckland.,1/06/2025,0695200,Auckland Region,Teritorial Authority,Auckland,Polygon,Polygon,MultiPolygon,MultiPolygon,1,MultiPolygon,1
Auckland,Sexual Offences,Offensive sexual acts,Auckland Central West.,NZ,Auckland Region,Auckland.,1/05/2025,0435604,Auckland Region,Teritorial Authority,Auckland,Polygon,Polygon,MultiPolygon,MultiPolygon,1,MultiPolygon,1
Auckland,Sexual Offences,Intimate image offences,Opanuku.,NZ,Auckland Region,Auckland.,1/04/2024,0280809,Auckland Region,Teritorial Authority,Auckland,Polygon,Polygon,MultiPolygon,MultiPolygon,1,MultiPolygon,1
Auckland,Sexual Offences,Unlawful sexual contact of a child,Sunnyvale.,NZ,Auckland Region,Auckland.,1/11/2024,0277200,Auckland Region,Teritorial Authority,Auckland,Polygon,Polygon,MultiPolygon,MultiPolygon,1,MultiPolygon,1
Auckland,Sexual Offences,Intimate image offences,Takanini South.,NZ,Auckland Region,Auckland.,1/12/2023,0765800,Auckland Region,Teritorial Authority,Auckland,Polygon,Polygon,MultiPolygon,MultiPolygon,1,MultiPolygon,1
Auckland,Sexual Offences,Produce or distribute child abuse material,Orewa.,NZ,Auckland Region,Auckland.,1/04/2024,0171500,Auckland Region,Teritorial Authority,Auckland,MultiPolygon,Polygon,MultiPolygon,MultiPolygon,1,MultiPolygon,1
Auckland,Sexual Offences,Offensive sexual acts,Auckland Central West.,NZ,Auckland Region,Auckland.,1/09/2023,0434300,Auckland Region,Teritorial Authority,Auckland,Polygon,Polygon,MultiPolygon,MultiPolygon,1,MultiPolygon,1
Auckland,Sexual Offences,Unlawful sexual penetration of a child,Ambury.,NZ,Auckland Region,Auckland.,1/08/2024,0720800,Auckland Region,Teritorial Authority,Auckland,MultiPolygon,Polygon,MultiPolygon,MultiPolygon,1,MultiPolygon,1
Auckland,Sexual Offences,Offensive sexual acts,Otara North.,NZ,Auckland Region,Auckland.,1/03/2024,0700700,Auckland Region,Teritorial Authority,Auckland,Polygon,Polygon,MultiPolygon,MultiPolygon,1,MultiPolygon,1
Auckland,Sexual Offences,Unlawful sexual penetration of a child,Auckland Central West.,NZ,Auckland Region,Auckland.,1/07/2025,0435604,Auckland Region,Teritorial Authority,Auckland,Polygon,Polygon,MultiPolygon,MultiPolygon,1,MultiPolygon,1
Auckland,Sexual Offences,Unlawful sexual contact of an adult,Wiri.,NZ,Auckland Region,Auckland.,1/03/2025,0780506,Auckland Region,Teritorial Authority,Auckland,Polygon,Polygon,MultiPolygon,MultiPolygon,1,MultiPolygon,1
Auckland,Sexual Offences,Unlawful sexual contact of an adult,Papatoetoe East.,NZ,Auckland Region,Auckland.,1/12/2023,0667700,Auckland Region,Teritorial Authority,Auckland,Polygon,Polygon,MultiPolygon,MultiPolygon,1,MultiPolygon,1
Auckland,Sexual Offences,Offensive sexual acts,Sandringham West.,NZ,Auckland Region,Auckland.,1/11/2023,0540500,Auckland Region,Teritorial Authority,Auckland,Polygon,Polygon,MultiPolygon,MultiPolygon,1,MultiPolygon,1
Auckland,Sexual Offences,Intimate image offences,Albany.,NZ,Auckland Region,Auckland.,1/04/2024,0178900,Auckland Region,Teritorial Authority,Auckland,Polygon,Polygon,MultiPolygon,MultiPolygon,1,MultiPolygon,1
Auckland,Sexual Offences,Unlawful sexual contact of a child,Urlich.,NZ,Auckland Region,Auckland.,1/02/2025,0235009,Auckland Region,Teritorial Authority,Auckland,Polygon,Polygon,MultiPolygon,MultiPolygon,1,MultiPolygon,1
Auckland,Sexual Offences,Unlawful sexual contact of an adult,Paerata-Cape Hill.,NZ,Auckland Region,Auckland.,1/11/2023,0826700,Auckland Region,Teritorial Authority,Auckland,Polygon,Polygon,MultiPolygon,MultiPolygon,1,MultiPolygon,1
Auckland,Sexual Offences,Unlawful sexual contact of an adult,Parrs Park West.,NZ,Auckland Region,Auckland.,1/04/2025,0278105,Auckland Region,Teritorial Authority,Auckland,Polygon,Polygon,MultiPolygon,MultiPolygon,1,MultiPolygon,1
Auckland,Sexual Offences,Offensive sexual acts,Burswood.,NZ,Auckland Region,Auckland.,1/10/2023,0711702,Auckland Region,Teritorial Authority,Auckland,Polygon,Polygon,MultiPolygon,MultiPolygon,1,MultiPolygon,1
Auckland,Sexual Offences,Unlawful sexual contact of a child,Kelston Central.,NZ,Auckland Region,Auckland.,1/08/2024,0271800,Auckland Region,Teritorial Authority,Auckland,Polygon,Polygon,MultiPolygon,MultiPolygon,1,MultiPolygon,1
Auckland,Sexual Offences,Offensive sexual acts,Newmarket.,NZ,Auckland Region,Auckland.,1/03/2024,0450000,Auckland Region,Teritorial Authority,Auckland,Polygon,Polygon,MultiPolygon,MultiPolygon,1,MultiPolygon,1
Auckland,Sexual Offences,Unlawful sexual contact of an adult,Rowandale.,NZ,Auckland Region,Auckland.,1/06/2025,0775818,Auckland Region,Teritorial Authority,Auckland,Polygon,Polygon,MultiPolygon,MultiPolygon,1,MultiPolygon,1
Auckland,Sexual Offences,Unlawful sexual penetration of an adult,Sandringham West.,NZ,Auckland Region,Auckland.,1/03/2025,0541600,Auckland Region,Teritorial Authority,Auckland,Polygon,Polygon,MultiPolygon,MultiPolygon,1,MultiPolygon,1
Auckland,Sexual Offences,Unlawful sexual contact of an adult,Riverhead.,NZ,Auckland Region,Auckland.,1/02/2024,0217701,Auckland Region,Teritorial Authority,Auckland,Polygon,Polygon,MultiPolygon,MultiPolygon,1,MultiPolygon,1
Auckland,Sexual Offences,Unlawful sexual contact of a child,Wattle Farm.,NZ,Auckland Region,Auckland.,1/08/2023,0769035,Auckland Region,Teritorial Authority,Auckland,Polygon,Polygon,MultiPolygon,MultiPolygon,1,MultiPolygon,1
Auckland,Sexual Offences,Unlawful sexual contact of an adult,Mission Bay.,NZ,Auckland Region,Auckland.,1/02/2024,0501800,Auckland Region,Teritorial Authority,Auckland,Polygon,Polygon,MultiPolygon,MultiPolygon,1,MultiPolygon,1
Auckland,Sexual Offences,Unlawful sexual contact of an adult,Mt Wellington South.,NZ,Auckland Region,Auckland.,1/02/2024,0639400,Auckland Region,Teritorial Authority,Auckland,Polygon,Polygon,MultiPolygon,MultiPolygon,1,MultiPolygon,1
Auckland,Sexual Offences,Offensive sexual acts,Sandringham North.,NZ,Auckland Region,Auckland.,1/05/2024,0535800,Auckland Region,Teritorial Authority,Auckland,Polygon,Polygon,MultiPolygon,MultiPolygon,1,MultiPolygon,1
Auckland,Sexual Offences,Offensive sexual acts,Sherbourne.,NZ,Auckland Region,Auckland.,1/07/2025,0546700,Auckland Region,Teritorial Authority,Auckland,Polygon,Polygon,MultiPolygon,MultiPolygon,1,MultiPolygon,1
Auckland,Sexual Offences,Offensive sexual acts,Papatoetoe Central.,NZ,Auckland Region,Auckland.,1/06/2025,0665602,Auckland Region,Teritorial Authority,Auckland,Polygon,Polygon,MultiPolygon,MultiPolygon,1,MultiPolygon,1
Auckland,Sexual Offences,Offensive sexual acts,Auckland Central East.,NZ,Auckland Region,Auckland.,1/07/2024,0436600,Auckland Region,Teritorial Authority,Auckland,Polygon,Polygon,MultiPolygon,MultiPolygon,1,MultiPolygon,1
Auckland,Sexual Offences,Unlawful sexual penetration of a child,Mt Wellington South.,NZ,Auckland Region,Auckland.,1/09/2024,0635700,Auckland Region,Teritorial Authority,Auckland,Polygon,Polygon,MultiPolygon,MultiPolygon,1,MultiPolygon,1
Auckland,Sexual Offences,Unlawful sexual contact of a child,Kohuora.,NZ,Auckland Region,Auckland.,1/03/2024,0657602,Auckland Region,Teritorial Authority,Auckland,Polygon,Polygon,MultiPolygon,MultiPolygon,1,MultiPolygon,1
Auckland,Sexual Offences,Unlawful sexual penetration of a child,Waitakere.,NZ,Auckland Region,Auckland.,1/05/2025,0237203,Auckland Region,Teritorial Authority,Auckland,Polygon,Polygon,MultiPolygon,MultiPolygon,1,MultiPolygon,1
Auckland,Sexual Offences,Offensive sexual acts,Hillpark.,NZ,Auckland Region,Auckland.,1/06/2025,0757100,Auckland Region,Teritorial Authority,Auckland,Polygon,Polygon,MultiPolygon,MultiPolygon,1,MultiPolygon,1
Auckland,Sexual Offences,Offensive sexual acts,Sherbourne.,NZ,Auckland Region,Auckland.,1/03/2025,0547001,Auckland Region,Teritorial Authority,Auckland,Polygon,Polygon,MultiPolygon,MultiPolygon,2,MultiPolygon,2
Auckland,Sexual Offences,Intimate image offences,Wattle Farm.,NZ,Auckland Region,Auckland.,1/12/2023,0769022,Auckland Region,Teritorial Authority,Auckland,Polygon,Polygon,MultiPolygon,MultiPolygon,1,MultiPolygon,1
Auckland,Sexual Offences,Unlawful sexual penetration of an adult,Pakuranga Central.,NZ,Auckland Region,Auckland.,1/08/2023,0685700,Auckland Region,Teritorial Authority,Auckland,Polygon,Polygon,MultiPolygon,MultiPolygon,1,MultiPolygon,1
Auckland,Sexual Offences,Unlawful sexual penetration of an adult,Te Papapa.,NZ,Auckland Region,Auckland.,1/02/2024,0607800,Auckland Region,Teritorial Authority,Auckland,Polygon,Polygon,MultiPolygon,MultiPolygon,1,MultiPolygon,1
Auckland,Sexual Offences,Unlawful sexual contact of an adult,Lynnmall.,NZ,Auckland Region,Auckland.,1/02/2024,0266100,Auckland Region,Teritorial Authority,Auckland,Polygon,Polygon,MultiPolygon,MultiPolygon,1,MultiPolygon,1
Auckland,Sexual Offences,Offensive sexual acts,Puhinui South.,NZ,Auckland Region,Auckland.,1/09/2024,0780205,Auckland Region,Teritorial Authority,Auckland,Polygon,Polygon,MultiPolygon,MultiPolygon,1,MultiPolygon,1
Auckland,Sexual Offences,Unlawful sexual penetration of a child,Mt Albert Central.,NZ,Auckland Region,Auckland.,1/05/2025,0528601,Auckland Region,Teritorial Authority,Auckland,Polygon,Polygon,MultiPolygon,MultiPolygon,1,MultiPolygon,1
Auckland,Sexual Offences,Offensive sexual acts,Ranui Domain.,NZ,Auckland Region,Auckland.,1/04/2025,0235803,Auckland Region,Teritorial Authority,Auckland,Polygon,Polygon,MultiPolygon,MultiPolygon,1,MultiPolygon,1
Auckland,Sexual Offences,Unlawful sexual penetration of a child,Papakura East.,NZ,Auckland Region,Auckland.,1/01/2025,0799117,Auckland Region,Teritorial Authority,Auckland,Polygon,Polygon,MultiPolygon,MultiPolygon,1,MultiPolygon,1
Auckland,Sexual Offences,Unlawful sexual contact of an adult,Papakura North.,NZ,Auckland Region,Auckland.,1/11/2023,0792800,Auckland Region,Teritorial Authority,Auckland,Polygon,Polygon,MultiPolygon,MultiPolygon,1,MultiPolygon,1
Auckland,Sexual Offences,Unlawful sexual penetration of a child,Witheford.,NZ,Auckland Region,Auckland.,1/05/2025,0186200,Auckland Region,Teritorial Authority,Auckland,Polygon,Polygon,MultiPolygon,MultiPolygon,1,MultiPolygon,1
Auckland,Sexual Offences,Unlawful sexual penetration of a child,Puhinui South.,NZ,Auckland Region,Auckland.,1/06/2025,0780304,Auckland Region,Teritorial Authority,Auckland,Polygon,Polygon,MultiPolygon,MultiPolygon,1,MultiPolygon,1
Auckland,Sexual Offences,Unlawful sexual penetration of an adult,South Head.,NZ,Auckland Region,Auckland.,1/01/2024,0210301,Auckland Region,Teritorial Authority,Auckland,MultiPolygon,Polygon,MultiPolygon,MultiPolygon,1,MultiPolygon,1
Auckland,Sexual Offences,Unlawful sexual contact of a child,Wattle Farm.,NZ,Auckland Region,Auckland.,1/01/2024,0768500,Auckland Region,Teritorial Authority,Auckland,Polygon,Polygon,MultiPolygon,MultiPolygon,1,MultiPolygon,1
Auckland,Sexual Offences,Unlawful sexual penetration of a child,New Windsor.,NZ,Auckland Region,Auckland.,1/09/2023,0374102,Auckland Region,Teritorial Authority,Auckland,Polygon,Polygon,MultiPolygon,MultiPolygon,1,MultiPolygon,1
Auckland,Sexual Offences,Unlawful sexual contact of an adult,Parnell West.,NZ,Auckland Region,Auckland.,1/02/2024,0451400,Auckland Region,Teritorial Authority,Auckland,Polygon,Polygon,MultiPolygon,MultiPolygon,1,MultiPolygon,1
Auckland,Sexual Offences,Offensive sexual acts,Auckland Harbourside.,NZ,Auckland Region,Auckland.,1/11/2023,0438214,Auckland Region,Teritorial Authority,Auckland,Polygon,Polygon,MultiPolygon,MultiPolygon,1,MultiPolygon,1
Auckland,Sexual Offences,Unlawful sexual contact of a child,Rothesay Bay.,NZ,Auckland Region,Auckland.,1/02/2024,0157800,Auckland Region,Teritorial Authority,Auckland,Polygon,Polygon,MultiPolygon,MultiPolygon,1,MultiPolygon,1
Auckland,Sexual Offences,Offensive sexual acts,Parnell West.,NZ,Auckland Region,Auckland.,1/10/2024,0451400,Auckland Region,Teritorial Authority,Auckland,Polygon,Polygon,MultiPolygon,MultiPolygon,1,MultiPolygon,1
Auckland,Sexual Offences,Unlawful sexual contact of a child,Papatoetoe North.,NZ,Auckland Region,Auckland.,1/06/2025,0660600,Auckland Region,Teritorial Authority,Auckland,Polygon,Polygon,MultiPolygon,MultiPolygon,1,MultiPolygon,1
Auckland,Sexual Offences,Unlawful sexual penetration of a child,North Harbour West.,NZ,Auckland Region,Auckland.,1/12/2024,0180103,Auckland Region,Teritorial Authority,Auckland,Polygon,Polygon,MultiPolygon,MultiPolygon,1,MultiPolygon,1
Auckland,Sexual Offences,Unlawful sexual penetration of an adult,Kawakawa-Orere.,NZ,Auckland Region,Auckland.,1/01/2025,0765109,Auckland Region,Teritorial Authority,Auckland,Polygon,Polygon,MultiPolygon,MultiPolygon,1,MultiPolygon,1
Auckland,Sexual Offences,Offensive sexual acts,Hillsborough West.,NZ,Auckland Region,Auckland.,1/09/2024,0572200,Auckland Region,Teritorial Authority,Auckland,Polygon,Polygon,MultiPolygon,MultiPolygon,1,MultiPolygon,1
Auckland,Sexual Offences,Unlawful sexual contact of an adult,Redoubt South.,NZ,Auckland Region,Auckland.,1/10/2024,0760145,Auckland Region,Teritorial Authority,Auckland,Polygon,Polygon,MultiPolygon,MultiPolygon,1,MultiPolygon,1
Auckland,Sexual Offences,Unlawful sexual penetration of a child,Wiri.,NZ,Auckland Region,Auckland.,1/03/2024,0780501,Auckland Region,Teritorial Authority,Auckland,Polygon,Polygon,MultiPolygon,MultiPolygon,1,MultiPolygon,1
Auckland,Sexual Offences,Unlawful sexual penetration of a child,Ranui South.,NZ,Auckland Region,Auckland.,1/06/2025,0238705,Auckland Region,Teritorial Authority,Auckland,Polygon,Polygon,MultiPolygon,MultiPolygon,1,MultiPolygon,1
Auckland,Sexual Offences,Unlawful sexual contact of a child,Newmarket.,NZ,Auckland Region,Auckland.,1/07/2025,0451300,Auckland Region,Teritorial Authority,Auckland,Polygon,Polygon,MultiPolygon,MultiPolygon,1,MultiPolygon,1
Auckland,Sexual Offences,Unlawful sexual contact of an adult,Crown Hill.,NZ,Auckland Region,Auckland.,1/01/2024,0311400,Auckland Region,Teritorial Authority,Auckland,Polygon,Polygon,MultiPolygon,MultiPolygon,1,MultiPolygon,1
Auckland,Sexual Offences,Unlawful sexual penetration of a child,Wattle Farm.,NZ,Auckland Region,Auckland.,1/03/2024,0769051,Auckland Region,Teritorial Authority,Auckland,Polygon,Polygon,MultiPolygon,MultiPolygon,1,MultiPolygon,1
Auckland,Sexual Offences,Unlawful sexual penetration of an adult,Wiri.,NZ,Auckland Region,Auckland.,1/10/2023,0780416,Auckland Region,Teritorial Authority,Auckland,Polygon,Polygon,MultiPolygon,MultiPolygon,1,MultiPolygon,1
Auckland,Sexual Offences,Unlawful sexual contact of an adult,Freemans Bay.,NZ,Auckland Region,Auckland.,1/04/2024,0413300,Auckland Region,Teritorial Authority,Auckland,Polygon,Polygon,MultiPolygon,MultiPolygon,1,MultiPolygon,1
Auckland,Sexual Offences,Offensive sexual acts,St Lukes.,NZ,Auckland Region,Auckland.,1/01/2024,0534500,Auckland Region,Teritorial Authority,Auckland,Polygon,Polygon,MultiPolygon,MultiPolygon,1,MultiPolygon,1
Auckland,Sexual Offences,Unlawful sexual contact of an adult,Sandringham North.,NZ,Auckland Region,Auckland.,1/01/2025,0536100,Auckland Region,Teritorial Authority,Auckland,Polygon,Polygon,MultiPolygon,MultiPolygon,1,MultiPolygon,1
Auckland,Sexual Offences,Unlawful sexual contact of a child,Rowandale.,NZ,Auckland Region,Auckland.,1/06/2025,0775816,Auckland Region,Teritorial Authority,Auckland,Polygon,Polygon,MultiPolygon,MultiPolygon,1,MultiPolygon,1
Auckland,Sexual Offences,Unlawful sexual penetration of an adult,Windsor Park.,NZ,Auckland Region,Auckland.,1/12/2024,0180841,Auckland Region,Teritorial Authority,Auckland,Polygon,Polygon,MultiPolygon,MultiPolygon,1,MultiPolygon,1
Auckland,Sexual Offences,Unlawful sexual penetration of an adult,Grafton East.,NZ,Auckland Region,Auckland.,1/03/2024,0442400,Auckland Region,Teritorial Authority,Auckland,Polygon,Polygon,MultiPolygon,MultiPolygon,1,MultiPolygon,1
Auckland,Sexual Offences,Offensive sexual acts,Oratia.,NZ,Auckland Region,Auckland.,1/03/2025,0278304,Auckland Region,Teritorial Authority,Auckland,Polygon,Polygon,MultiPolygon,MultiPolygon,1,MultiPolygon,1
Auckland,Sexual Offences,Offensive sexual acts,Auckland Central West.,NZ,Auckland Region,Auckland.,1/10/2024,0435802,Auckland Region,Teritorial Authority,Auckland,Polygon,Polygon,MultiPolygon,MultiPolygon,1,MultiPolygon,1
Auckland,Sexual Offences,Unlawful sexual penetration of a child,Cape Rodney.,NZ,Auckland Region,Auckland.,1/06/2024,0144300,Auckland Region,Teritorial Authority,Auckland,MultiPolygon,Polygon,MultiPolygon,MultiPolygon,1,MultiPolygon,1
Auckland,Sexual Offences,Unlawful sexual penetration of an adult,Mt Wellington South.,NZ,Auckland Region,Auckland.,1/03/2025,0639000,Auckland Region,Teritorial Authority,Auckland,Polygon,Polygon,MultiPolygon,MultiPolygon,1,MultiPolygon,1
Auckland,Sexual Offences,Unlawful sexual penetration of an adult,Manukau Central.,NZ,Auckland Region,Auckland.,1/05/2025,0781200,Auckland Region,Teritorial Authority,Auckland,Polygon,Polygon,MultiPolygon,MultiPolygon,1,MultiPolygon,1
Auckland,Sexual Offences,Unlawful sexual penetration of a child,Orewa.,NZ,Auckland Region,Auckland.,1/08/2024,0176413,Auckland Region,Teritorial Authority,Auckland,MultiPolygon,Polygon,MultiPolygon,MultiPolygon,1,MultiPolygon,1
Auckland,Sexual Offences,Unlawful sexual contact of an adult,Bledisloe Park.,NZ,Auckland Region,Auckland.,1/04/2025,0824100,Auckland Region,Teritorial Authority,Auckland,Polygon,Polygon,MultiPolygon,MultiPolygon,1,MultiPolygon,1
Auckland,Sexual Offences,Offensive sexual acts,Pigeon Mountain South.,NZ,Auckland Region,Auckland.,1/03/2024,0681211,Auckland Region,Teritorial Authority,Auckland,Polygon,Polygon,MultiPolygon,MultiPolygon,1,MultiPolygon,1
Auckland,Sexual Offences,Unlawful sexual contact of an adult,Wattle Farm.,NZ,Auckland Region,Auckland.,1/11/2024,0769200,Auckland Region,Teritorial Authority,Auckland,Polygon,Polygon,MultiPolygon,MultiPolygon,1,MultiPolygon,1
Auckland,Sexual Offences,Offensive sexual acts,Otahuhu West.,NZ,Auckland Region,Auckland.,1/05/2024,0784700,Auckland Region,Teritorial Authority,Auckland,Polygon,Polygon,MultiPolygon,MultiPolygon,1,MultiPolygon,1
Auckland,Sexual Offences,Unlawful sexual penetration of an adult,Kumeu East.,NZ,Auckland Region,Auckland.,1/06/2025,0213900,Auckland Region,Teritorial Authority,Auckland,Polygon,Polygon,MultiPolygon,MultiPolygon,1,MultiPolygon,1
Auckland,Sexual Offences,Unlawful sexual contact of a child,Mangere Central.,NZ,Auckland Region,Auckland.,1/11/2024,0740500,Auckland Region,Teritorial Authority,Auckland,Polygon,Polygon,MultiPolygon,MultiPolygon,1,MultiPolygon,1
Auckland,Sexual Offences,Unlawful sexual penetration of an adult,Tauhoa-Puhoi.,NZ,Auckland Region,Auckland.,1/01/2024,0146300,Auckland Region,Teritorial Authority,Auckland,MultiPolygon,Polygon,MultiPolygon,MultiPolygon,1,MultiPolygon,1
Auckland,Sexual Offences,Unlawful sexual penetration of a child,Wesley.,NZ,Auckland Region,Auckland.,1/12/2023,0577400,Auckland Region,Teritorial Authority,Auckland,Polygon,Polygon,MultiPolygon,MultiPolygon,1,MultiPolygon,1
Auckland,Sexual Offences,Offensive sexual acts,Mangere Bridge.,NZ,Auckland Region,Auckland.,1/08/2023,0725601,Auckland Region,Teritorial Authority,Auckland,Polygon,Polygon,MultiPolygon,MultiPolygon,1,MultiPolygon,1
Auckland,Sexual Offences,Unlawful sexual contact of an adult,Point Chevalier East.,NZ,Auckland Region,Auckland.,1/04/2024,0390501,Auckland Region,Teritorial Authority,Auckland,Polygon,Polygon,MultiPolygon,MultiPolygon,1,MultiPolygon,1
Auckland,Sexual Offences,Unlawful sexual contact of an adult,Newton.,NZ,Auckland Region,Auckland.,1/11/2023,0412100,Auckland Region,Teritorial Authority,Auckland,Polygon,Polygon,MultiPolygon,MultiPolygon,1,MultiPolygon,1
Auckland,Sexual Offences,Unlawful sexual penetration of an adult,Westmere.,NZ,Auckland Region,Auckland.,1/11/2023,0399300,Auckland Region,Teritorial Authority,Auckland,Polygon,Polygon,MultiPolygon,MultiPolygon,1,MultiPolygon,1
Auckland,Sexual Offences,Unlawful sexual penetration of a child,Rowandale.,NZ,Auckland Region,Auckland.,1/08/2023,0775816,Auckland Region,Teritorial Authority,Auckland,Polygon,Polygon,MultiPolygon,MultiPolygon,1,MultiPolygon,1
Auckland,Sexual Offences,Unlawful sexual contact of an adult,Auckland Harbourside.,NZ,Auckland Region,Auckland.,1/09/2023,0433001,Auckland Region,Teritorial Authority,Auckland,Polygon,Polygon,MultiPolygon,MultiPolygon,1,MultiPolygon,1
Auckland,Sexual Offences,Child procurement or grooming,Torbay.,NZ,Auckland Region,Auckland.,1/08/2024,0166800,Auckland Region,Teritorial Authority,Auckland,Polygon,Polygon,MultiPolygon,MultiPolygon,1,MultiPolygon,1
Auckland,Sexual Offences,Unlawful sexual penetration of an adult,Auckland Central East.,NZ,Auckland Region,Auckland.,1/05/2025,0437200,Auckland Region,Teritorial Authority,Auckland,Polygon,Polygon,MultiPolygon,MultiPolygon,1,MultiPolygon,1
Auckland,Sexual Offences,Unlawful sexual penetration of a child,Birkdale North.,NZ,Auckland Region,Auckland.,1/09/2024,0347600,Auckland Region,Teritorial Authority,Auckland,Polygon,Polygon,MultiPolygon,MultiPolygon,1,MultiPolygon,1
Auckland,Sexual Offences,Intimate image offences,Clendon South.,NZ,Auckland Region,Auckland.,1/04/2025,0774429,Auckland Region,Teritorial Authority,Auckland,Polygon,Polygon,MultiPolygon,MultiPolygon,1,MultiPolygon,1
Auckland,Sexual Offences,Unlawful sexual contact of an adult,Lynnmall.,NZ,Auckland Region,Auckland.,1/03/2024,0264901,Auckland Region,Teritorial Authority,Auckland,Polygon,Polygon,MultiPolygon,MultiPolygon,1,MultiPolygon,1
Auckland,Sexual Offences,Unlawful sexual contact of an adult,Arch Hill.,NZ,Auckland Region,Auckland.,1/02/2025,0418800,Auckland Region,Teritorial Authority,Auckland,Polygon,Polygon,MultiPolygon,MultiPolygon,1,MultiPolygon,1
Auckland,Sexual Offences,Unlawful sexual contact of an adult,Wiri.,NZ,Auckland Region,Auckland.,1/11/2023,0780501,Auckland Region,Teritorial Authority,Auckland,Polygon,Polygon,MultiPolygon,MultiPolygon,1,MultiPolygon,1
Auckland,Sexual Offences,Offensive sexual acts,St Lukes.,NZ,Auckland Region,Auckland.,1/05/2024,0534002,Auckland Region,Teritorial Authority,Auckland,Polygon,Polygon,MultiPolygon,MultiPolygon,1,MultiPolygon,1
Auckland,Sexual Offences,Unlawful sexual contact of a child,Pukekohe North.,NZ,Auckland Region,Auckland.,1/06/2025,0816539,Auckland Region,Teritorial Authority,Auckland,Polygon,Polygon,MultiPolygon,MultiPolygon,1,MultiPolygon,1
Auckland,Sexual Offences,Unlawful sexual contact of an adult,Waterview.,NZ,Auckland Region,Auckland.,1/05/2025,0386003,Auckland Region,Teritorial Authority,Auckland,Polygon,Polygon,MultiPolygon,MultiPolygon,1,MultiPolygon,1
Auckland,Sexual Offences,Unlawful sexual contact of a child,Mission Heights.,NZ,Auckland Region,Auckland.,1/02/2025,0712221,Auckland Region,Teritorial Authority,Auckland,Polygon,Polygon,MultiPolygon,MultiPolygon,1,MultiPolygon,1
Auckland,Sexual Offences,Unlawful sexual penetration of an adult,Papatoetoe Central.,NZ,Auckland Region,Auckland.,1/12/2023,0663300,Auckland Region,Teritorial Authority,Auckland,Polygon,Polygon,MultiPolygon,MultiPolygon,1,MultiPolygon,1
Auckland,Sexual Offences,Unlawful sexual penetration of a child,Clendon South.,NZ,Auckland Region,Auckland.,1/08/2023,0774429,Auckland Region,Teritorial Authority,Auckland,Polygon,Polygon,MultiPolygon,MultiPolygon,1,MultiPolygon,1
Auckland,Sexual Offences,Offensive sexual acts,Freemans Bay.,NZ,Auckland Region,Auckland.,1/04/2025,0415500,Auckland Region,Teritorial Authority,Auckland,Polygon,Polygon,MultiPolygon,MultiPolygon,1,MultiPolygon,1
Auckland,Sexual Offences,Offensive sexual acts,Wade Heads.,NZ,Auckland Region,Auckland.,1/03/2024,0174009,Auckland Region,Teritorial Authority,Auckland,Polygon,Polygon,MultiPolygon,MultiPolygon,1,MultiPolygon,1
Auckland,Sexual Offences,Unlawful sexual contact of an adult,Westlake.,NZ,Auckland Region,Auckland.,1/03/2025,0305800,Auckland Region,Teritorial Authority,Auckland,Polygon,Polygon,MultiPolygon,MultiPolygon,1,MultiPolygon,1
Auckland,Sexual Offences,Unlawful sexual contact of an adult,Meadowland.,NZ,Auckland Region,Auckland.,1/12/2023,0711005,Auckland Region,Teritorial Authority,Auckland,Polygon,Polygon,MultiPolygon,MultiPolygon,1,MultiPolygon,1
Auckland,Sexual Offences,Unlawful sexual contact of a child,Sandringham North.,NZ,Auckland Region,Auckland.,1/12/2023,0535900,Auckland Region,Teritorial Authority,Auckland,Polygon,Polygon,MultiPolygon,MultiPolygon,1,MultiPolygon,1
Auckland,Sexual Offences,Unlawful sexual contact of an adult,Pakuranga Central.,NZ,Auckland Region,Auckland.,1/04/2025,0686502,Auckland Region,Teritorial Authority,Auckland,Polygon,Polygon,MultiPolygon,MultiPolygon,1,MultiPolygon,1
Auckland,Sexual Offences,Unlawful sexual contact of an adult,Ellerslie North.,NZ,Auckland Region,Auckland.,1/09/2023,0609901,Auckland Region,Teritorial Authority,Auckland,Polygon,Polygon,MultiPolygon,MultiPolygon,1,MultiPolygon,1
Auckland,Sexual Offences,Unlawful sexual penetration of an adult,Orakei North.,NZ,Auckland Region,Auckland.,1/11/2023,0496400,Auckland Region,Teritorial Authority,Auckland,Polygon,Polygon,MultiPolygon,MultiPolygon,1,MultiPolygon,1
Auckland,Sexual Offences,Offensive sexual acts,Grey Lynn West.,NZ,Auckland Region,Auckland.,1/01/2025,0408500,Auckland Region,Teritorial Authority,Auckland,Polygon,Polygon,MultiPolygon,MultiPolygon,1,MultiPolygon,1
Auckland,Sexual Offences,Unlawful sexual penetration of a child,Fairdene.,NZ,Auckland Region,Auckland.,1/11/2023,0230701,Auckland Region,Teritorial Authority,Auckland,Polygon,Polygon,MultiPolygon,MultiPolygon,1,MultiPolygon,1
Auckland,Sexual Offences,Unlawful sexual contact of an adult,Meadowland.,NZ,Auckland Region,Auckland.,1/09/2023,0711005,Auckland Region,Teritorial Authority,Auckland,Polygon,Polygon,MultiPolygon,MultiPolygon,1,MultiPolygon,1
Auckland,Sexual Offences,Intimate image offences,Mairangi Bay.,NZ,Auckland Region,Auckland.,1/05/2024,0152300,Auckland Region,Teritorial Authority,Auckland,Polygon,Polygon,MultiPolygon,MultiPolygon,1,MultiPolygon,1
Auckland,Sexual Offences,Unlawful sexual penetration of an adult,Newmarket.,NZ,Auckland Region,Auckland.,1/05/2025,0449700,Auckland Region,Teritorial Authority,Auckland,Polygon,Polygon,MultiPolygon,MultiPolygon,1,MultiPolygon,1
Auckland,Sexual Offences,Unlawful sexual penetration of a child,Takanini South.,NZ,Auckland Region,Auckland.,1/05/2024,0765401,Auckland Region,Teritorial Authority,Auckland,Polygon,Polygon,MultiPolygon,MultiPolygon,1,MultiPolygon,1
Auckland,Sexual Offences,Offensive sexual acts,Parnell West.,NZ,Auckland Region,Auckland.,1/04/2025,0451500,Auckland Region,Teritorial Authority,Auckland,Polygon,Polygon,MultiPolygon,MultiPolygon,1,MultiPolygon,1
Auckland,Sexual Offences,Unlawful sexual contact of a child,Takanini South.,NZ,Auckland Region,Auckland.,1/09/2024,0765401,Auckland Region,Teritorial Authority,Auckland,Polygon,Polygon,MultiPolygon,MultiPolygon,1,MultiPolygon,1
Auckland,Sexual Offences,Unlawful sexual contact of an adult,Henderson North.,NZ,Auckland Region,Auckland.,1/03/2024,0239900,Auckland Region,Teritorial Authority,Auckland,Polygon,Polygon,MultiPolygon,MultiPolygon,1,MultiPolygon,1
Auckland,Sexual Offences,Unlawful sexual penetration of an adult,Tahekeroa.,NZ,Auckland Region,Auckland.,1/03/2025,0177300,Auckland Region,Teritorial Authority,Auckland,Polygon,Polygon,MultiPolygon,MultiPolygon,1,MultiPolygon,1
Auckland,Sexual Offences,Unlawful sexual penetration of an adult,Parnell West.,NZ,Auckland Region,Auckland.,1/12/2023,0451400,Auckland Region,Teritorial Authority,Auckland,Polygon,Polygon,MultiPolygon,MultiPolygon,1,MultiPolygon,1
Auckland,Sexual Offences,Unlawful sexual contact of a child,Arch Hill.,NZ,Auckland Region,Auckland.,1/09/2023,0418300,Auckland Region,Teritorial Authority,Auckland,Polygon,Polygon,MultiPolygon,MultiPolygon,1,MultiPolygon,1
Auckland,Sexual Offences,Unlawful sexual contact of an adult,Donegal Park.,NZ,Auckland Region,Auckland.,1/04/2025,0716202,Auckland Region,Teritorial Authority,Auckland,Polygon,Polygon,MultiPolygon,MultiPolygon,1,MultiPolygon,1
Auckland,Sexual Offences,Unlawful sexual contact of a child,Newmarket.,NZ,Auckland Region,Auckland.,1/10/2023,0451300,Auckland Region,Teritorial Authority,Auckland,Polygon,Polygon,MultiPolygon,MultiPolygon,1,MultiPolygon,1
Auckland,Sexual Offences,Unlawful sexual penetration of an adult,Mt Eden North.,NZ,Auckland Region,Auckland.,1/06/2025,0542700,Auckland Region,Teritorial Authority,Auckland,Polygon,Polygon,MultiPolygon,MultiPolygon,1,MultiPolygon,1
Auckland,Sexual Offences,Offensive sexual acts,St Marys.,NZ,Auckland Region,Auckland.,1/02/2025,0425300,Auckland Region,Teritorial Authority,Auckland,Polygon,Polygon,MultiPolygon,MultiPolygon,1,MultiPolygon,1
Auckland,Sexual Offences,Unlawful sexual penetration of an adult,Matipo.,NZ,Auckland Region,Auckland.,1/03/2024,0247900,Auckland Region,Teritorial Authority,Auckland,Polygon,Polygon,MultiPolygon,MultiPolygon,1,MultiPolygon,1
Auckland,Sexual Offences,Offensive sexual acts,Dannemora.,NZ,Auckland Region,Auckland.,1/11/2024,0712008,Auckland Region,Teritorial Authority,Auckland,Polygon,Polygon,MultiPolygon,MultiPolygon,1,MultiPolygon,1
Auckland,Sexual Offences,Offensive sexual acts,Lynnmall.,NZ,Auckland Region,Auckland.,1/08/2023,0266000,Auckland Region,Teritorial Authority,Auckland,Polygon,Polygon,MultiPolygon,MultiPolygon,2,MultiPolygon,2
Auckland,Sexual Offences,Offensive sexual acts,Mairangi Bay.,NZ,Auckland Region,Auckland.,1/03/2025,0152000,Auckland Region,Teritorial Authority,Auckland,Polygon,Polygon,MultiPolygon,MultiPolygon,1,MultiPolygon,1
Auckland,Sexual Offences,Unlawful sexual contact of an adult,Manurewa Central.,NZ,Auckland Region,Auckland.,1/06/2025,0751600,Auckland Region,Teritorial Authority,Auckland,Polygon,Polygon,MultiPolygon,MultiPolygon,1,MultiPolygon,1
Auckland,Sexual Offences,Child procurement or grooming,Royal Heights.,NZ,Auckland Region,Auckland.,1/05/2025,0226104,Auckland Region,Teritorial Authority,Auckland,Polygon,Polygon,MultiPolygon,MultiPolygon,1,MultiPolygon,1
Auckland,Sexual Offences,Unlawful sexual penetration of a child,Mangere East.,NZ,Auckland Region,Auckland.,1/10/2023,0748100,Auckland Region,Teritorial Authority,Auckland,Polygon,Polygon,MultiPolygon,MultiPolygon,1,MultiPolygon,1
Auckland,Sexual Offences,Unlawful sexual penetration of an adult,Auckland Central West.,NZ,Auckland Region,Auckland.,1/06/2025,0433801,Auckland Region,Teritorial Authority,Auckland,Polygon,Polygon,MultiPolygon,MultiPolygon,1,MultiPolygon,1
Auckland,Sexual Offences,Unlawful sexual contact of an adult,Wiri.,NZ,Auckland Region,Auckland.,1/10/2023,0780416,Auckland Region,Teritorial Authority,Auckland,Polygon,Polygon,MultiPolygon,MultiPolygon,1,MultiPolygon,1
Auckland,Sexual Offences,Unlawful sexual contact of an adult,Mangere South.,NZ,Auckland Region,Auckland.,1/06/2025,0727200,Auckland Region,Teritorial Authority,Auckland,MultiPolygon,Polygon,MultiPolygon,MultiPolygon,1,MultiPolygon,1
Auckland,Sexual Offences,Offensive sexual acts,Manukau Central.,NZ,Auckland Region,Auckland.,1/02/2025,0780209,Auckland Region,Teritorial Authority,Auckland,Polygon,Polygon,MultiPolygon,MultiPolygon,1,MultiPolygon,1
Auckland,Sexual Offences,Unlawful sexual penetration of a child,Homai East.,NZ,Auckland Region,Auckland.,1/02/2024,0778300,Auckland Region,Teritorial Authority,Auckland,Polygon,Polygon,MultiPolygon,MultiPolygon,1,MultiPolygon,1
Auckland,Sexual Offences,Unlawful sexual penetration of a child,Mascot.,NZ,Auckland Region,Auckland.,1/04/2024,0737500,Auckland Region,Teritorial Authority,Auckland,Polygon,Polygon,MultiPolygon,MultiPolygon,1,MultiPolygon,1
Auckland,Sexual Offences,Unlawful sexual contact of a child,Henderson South.,NZ,Auckland Region,Auckland.,1/09/2023,0242700,Auckland Region,Teritorial Authority,Auckland,Polygon,Polygon,MultiPolygon,MultiPolygon,1,MultiPolygon,1
Auckland,Sexual Offences,Offensive sexual acts,Henderson North.,NZ,Auckland Region,Auckland.,1/06/2024,0239900,Auckland Region,Teritorial Authority,Auckland,Polygon,Polygon,MultiPolygon,MultiPolygon,1,MultiPolygon,1
Auckland,Sexual Offences,Unlawful sexual contact of a child,Glenbrook.,NZ,Auckland Region,Auckland.,1/09/2024,0832800,Auckland Region,Teritorial Authority,Auckland,Polygon,Polygon,MultiPolygon,MultiPolygon,1,MultiPolygon,1
Auckland,Sexual Offences,Unlawful sexual penetration of an adult,Sunnynook.,NZ,Auckland Region,Auckland.,1/03/2025,0190500,Auckland Region,Teritorial Authority,Auckland,Polygon,Polygon,MultiPolygon,MultiPolygon,1,MultiPolygon,1
Auckland,Sexual Offences,Unlawful sexual contact of a child,Aorere.,NZ,Auckland Region,Auckland.,1/10/2023,0745400,Auckland Region,Teritorial Authority,Auckland,Polygon,Polygon,MultiPolygon,MultiPolygon,1,MultiPolygon,1
Auckland,Sexual Offences,Child procurement or grooming,Beachhaven North.,NZ,Auckland Region,Auckland.,1/06/2025,0341805,Auckland Region,Teritorial Authority,Auckland,Polygon,Polygon,MultiPolygon,MultiPolygon,1,MultiPolygon,1
Auckland,Sexual Offences,Unlawful sexual contact of an adult,Auckland Central West.,NZ,Auckland Region,Auckland.,1/08/2023,0435700,Auckland Region,Teritorial Authority,Auckland,Polygon,Polygon,MultiPolygon,MultiPolygon,1,MultiPolygon,1
Auckland,Sexual Offences,Unlawful sexual contact of an adult,Grange.,NZ,Auckland Region,Auckland.,1/06/2025,0696701,Auckland Region,Teritorial Authority,Auckland,Polygon,Polygon,MultiPolygon,MultiPolygon,1,MultiPolygon,1
Auckland,Sexual Offences,Unlawful sexual penetration of an adult,Beachlands-Maraetai.,NZ,Auckland Region,Auckland.,1/11/2024,0719301,Auckland Region,Teritorial Authority,Auckland,MultiPolygon,Polygon,MultiPolygon,MultiPolygon,1,MultiPolygon,1
Auckland,Sexual Offences,Offensive sexual acts,Auckland Central East.,NZ,Auckland Region,Auckland.,1/03/2025,0437600,Auckland Region,Teritorial Authority,Auckland,Polygon,Polygon,MultiPolygon,MultiPolygon,1,MultiPolygon,1
Auckland,Sexual Offences,Unlawful sexual contact of a child,Papatoetoe North.,NZ,Auckland Region,Auckland.,1/02/2024,0660700,Auckland Region,Teritorial Authority,Auckland,Polygon,Polygon,MultiPolygon,MultiPolygon,1,MultiPolygon,1
Auckland,Sexual Offences,Unlawful sexual penetration of a child,Surrey Crescent.,NZ,Auckland Region,Auckland.,1/11/2024,0402800,Auckland Region,Teritorial Authority,Auckland,Polygon,Polygon,MultiPolygon,MultiPolygon,1,MultiPolygon,1
Auckland,Sexual Offences,Unlawful sexual contact of a child,Oaktree.,NZ,Auckland Region,Auckland.,1/09/2023,0160600,Auckland Region,Teritorial Authority,Auckland,Polygon,Polygon,MultiPolygon,MultiPolygon,1,MultiPolygon,1
Auckland,Sexual Offences,Child procurement or grooming,Papakura East.,NZ,Auckland Region,Auckland.,1/01/2025,0799117,Auckland Region,Teritorial Authority,Auckland,Polygon,Polygon,MultiPolygon,MultiPolygon,1,MultiPolygon,1
Auckland,Sexual Offences,Unlawful sexual penetration of a child,Papatoetoe West.,NZ,Auckland Region,Auckland.,1/05/2024,0659701,Auckland Region,Teritorial Authority,Auckland,Polygon,Polygon,MultiPolygon,MultiPolygon,1,MultiPolygon,1
Auckland,Sexual Offences,Unlawful sexual contact of an adult,Auckland Central West.,NZ,Auckland Region,Auckland.,1/12/2023,0433102,Auckland Region,Teritorial Authority,Auckland,Polygon,Polygon,MultiPolygon,MultiPolygon,1,MultiPolygon,1
Auckland,Sexual Offences,Offensive sexual acts,Albany.,NZ,Auckland Region,Auckland.,1/05/2025,0178900,Auckland Region,Teritorial Authority,Auckland,Polygon,Polygon,MultiPolygon,MultiPolygon,1,MultiPolygon,1
Auckland,Sexual Offences,Unlawful sexual contact of an adult,Henderson South.,NZ,Auckland Region,Auckland.,1/03/2024,0241600,Auckland Region,Teritorial Authority,Auckland,Polygon,Polygon,MultiPolygon,MultiPolygon,1,MultiPolygon,1
Auckland,Sexual Offences,Intimate image offences,Papakura Central.,NZ,Auckland Region,Auckland.,1/02/2025,0792302,Auckland Region,Teritorial Authority,Auckland,Polygon,Polygon,MultiPolygon,MultiPolygon,1,MultiPolygon,1
Auckland,Sexual Offences,Unlawful sexual contact of a child,Homai East.,NZ,Auckland Region,Auckland.,1/05/2024,0778700,Auckland Region,Teritorial Authority,Auckland,Polygon,Polygon,MultiPolygon,MultiPolygon,1,MultiPolygon,1
Auckland,Sexual Offences,Unlawful sexual penetration of an adult,Onehunga South West.,NZ,Auckland Region,Auckland.,1/12/2023,0601600,Auckland Region,Teritorial Authority,Auckland,Polygon,Polygon,MultiPolygon,MultiPolygon,1,MultiPolygon,1
Auckland,Sexual Offences,Unlawful sexual contact of a child,Mascot.,NZ,Auckland Region,Auckland.,1/07/2024,0737500,Auckland Region,Teritorial Authority,Auckland,Polygon,Polygon,MultiPolygon,MultiPolygon,1,MultiPolygon,1
Auckland,Sexual Offences,Offensive sexual acts,Point Chevalier West.,NZ,Auckland Region,Auckland.,1/05/2025,0392100,Auckland Region,Teritorial Authority,Auckland,Polygon,Polygon,MultiPolygon,MultiPolygon,1,MultiPolygon,1
Auckland,Sexual Offences,Unlawful sexual penetration of an adult,Kelston Central.,NZ,Auckland Region,Auckland.,1/08/2023,0270100,Auckland Region,Teritorial Authority,Auckland,Polygon,Polygon,MultiPolygon,MultiPolygon,1,MultiPolygon,1
Auckland,Sexual Offences,Unlawful sexual contact of an adult,Roberton.,NZ,Auckland Region,Auckland.,1/11/2024,0382104,Auckland Region,Teritorial Authority,Auckland,Polygon,Polygon,MultiPolygon,MultiPolygon,1,MultiPolygon,1
Auckland,Sexual Offences,Unlawful sexual contact of a child,Three Kings.,NZ,Auckland Region,Auckland.,1/12/2024,0563800,Auckland Region,Teritorial Authority,Auckland,Polygon,Polygon,MultiPolygon,MultiPolygon,1,MultiPolygon,1
Auckland,Sexual Offences,Unlawful sexual contact of a child,Rongomai.,NZ,Auckland Region,Auckland.,1/01/2024,0712305,Auckland Region,Teritorial Authority,Auckland,Polygon,Polygon,MultiPolygon,MultiPolygon,1,MultiPolygon,1
Auckland,Sexual Offences,Unlawful sexual contact of a child,Papatoetoe East.,NZ,Auckland Region,Auckland.,1/02/2024,0668200,Auckland Region,Teritorial Authority,Auckland,Polygon,Polygon,MultiPolygon,MultiPolygon,1,MultiPolygon,1
Auckland,Sexual Offences,Unlawful sexual penetration of an adult,Eden Terrace.,NZ,Auckland Region,Auckland.,1/04/2024,0420300,Auckland Region,Teritorial Authority,Auckland,Polygon,Polygon,MultiPolygon,MultiPolygon,1,MultiPolygon,1
Auckland,Sexual Offences,Offensive sexual acts,Wade Heads.,NZ,Auckland Region,Auckland.,1/06/2025,0174013,Auckland Region,Teritorial Authority,Auckland,Polygon,Polygon,MultiPolygon,MultiPolygon,1,MultiPolygon,1
Auckland,Sexual Offences,Unlawful sexual contact of an adult,Manurewa East.,NZ,Auckland Region,Auckland.,1/04/2025,0758200,Auckland Region,Teritorial Authority,Auckland,Polygon,Polygon,MultiPolygon,MultiPolygon,1,MultiPolygon,1
Auckland,Sexual Offences,Intimate image offences,Millhouse.,NZ,Auckland Region,Auckland.,1/07/2025,0711174,Auckland Region,Teritorial Authority,Auckland,Polygon,Polygon,MultiPolygon,MultiPolygon,1,MultiPolygon,1
Auckland,Sexual Offences,Unlawful sexual penetration of an adult,Kumeu East.,NZ,Auckland Region,Auckland.,1/03/2024,0214501,Auckland Region,Teritorial Authority,Auckland,Polygon,Polygon,MultiPolygon,MultiPolygon,1,MultiPolygon,1
Auckland,Sexual Offences,Offensive sexual acts,Papakura Central.,NZ,Auckland Region,Auckland.,1/02/2025,0793400,Auckland Region,Teritorial Authority,Auckland,Polygon,Polygon,MultiPolygon,MultiPolygon,1,MultiPolygon,1
Auckland,Sexual Offences,Unlawful sexual penetration of a child,Hillpark.,NZ,Auckland Region,Auckland.,1/05/2024,0756000,Auckland Region,Teritorial Authority,Auckland,Polygon,Polygon,MultiPolygon,MultiPolygon,1,MultiPolygon,1
Auckland,Sexual Offences,Intimate image offences,Torbay.,NZ,Auckland Region,Auckland.,1/12/2023,0168400,Auckland Region,Teritorial Authority,Auckland,Polygon,Polygon,MultiPolygon,MultiPolygon,1,MultiPolygon,1
Auckland,Sexual Offences,Unlawful sexual contact of a child,Weymouth East.,NZ,Auckland Region,Auckland.,1/08/2024,0774002,Auckland Region,Teritorial Authority,Auckland,Polygon,Polygon,MultiPolygon,MultiPolygon,1,MultiPolygon,1
Auckland,Sexual Offences,Unlawful sexual penetration of a child,Clendon North.,NZ,Auckland Region,Auckland.,1/05/2025,0774410,Auckland Region,Teritorial Authority,Auckland,Polygon,Polygon,MultiPolygon,MultiPolygon,1,MultiPolygon,1
Auckland,Sexual Offences,Unlawful sexual penetration of an adult,Point England.,NZ,Auckland Region,Auckland.,1/08/2023,0477300,Auckland Region,Teritorial Authority,Auckland,Polygon,Polygon,MultiPolygon,MultiPolygon,1,MultiPolygon,1
Auckland,Sexual Offences,Unlawful sexual contact of a child,Silverdale Central.,NZ,Auckland Region,Auckland.,1/11/2023,0176505,Auckland Region,Teritorial Authority,Auckland,Polygon,Polygon,MultiPolygon,MultiPolygon,1,MultiPolygon,1
Auckland,Sexual Offences,Unlawful sexual penetration of an adult,Walmsley.,NZ,Auckland Region,Auckland.,1/02/2025,0576900,Auckland Region,Teritorial Authority,Auckland,Polygon,Polygon,MultiPolygon,MultiPolygon,1,MultiPolygon,1
Auckland,Sexual Offences,Unlawful sexual contact of an adult,Epsom South.,NZ,Auckland Region,Auckland.,1/01/2024,0447700,Auckland Region,Teritorial Authority,Auckland,Polygon,Polygon,MultiPolygon,MultiPolygon,1,MultiPolygon,1
Auckland,Sexual Offences,Unlawful sexual contact of a child,Grange.,NZ,Auckland Region,Auckland.,1/02/2024,0695700,Auckland Region,Teritorial Authority,Auckland,Polygon,Polygon,MultiPolygon,MultiPolygon,1,MultiPolygon,1
Auckland,Sexual Offences,Unlawful sexual contact of an adult,Henderson South.,NZ,Auckland Region,Auckland.,1/02/2024,0242700,Auckland Region,Teritorial Authority,Auckland,Polygon,Polygon,MultiPolygon,MultiPolygon,1,MultiPolygon,1
Auckland,Sexual Offences,Unlawful sexual contact of a child,Pukekohe North.,NZ,Auckland Region,Auckland.,1/06/2024,0816600,Auckland Region,Teritorial Authority,Auckland,Polygon,Polygon,MultiPolygon,MultiPolygon,1,MultiPolygon,1
Auckland,Sexual Offences,Unlawful sexual penetration of a child,Homai East.,NZ,Auckland Region,Auckland.,1/05/2024,0777800,Auckland Region,Teritorial Authority,Auckland,Polygon,Polygon,MultiPolygon,MultiPolygon,1,MultiPolygon,1
Auckland,Sexual Offences,Offensive sexual acts,Glenfield North.,NZ,Auckland Region,Auckland.,1/11/2023,0198500,Auckland Region,Teritorial Authority,Auckland,Polygon,Polygon,MultiPolygon,MultiPolygon,1,MultiPolygon,1
Auckland,Sexual Offences,Unlawful sexual penetration of a child,Green Bay.,NZ,Auckland Region,Auckland.,1/08/2024,0289500,Auckland Region,Teritorial Authority,Auckland,Polygon,Polygon,MultiPolygon,MultiPolygon,1,MultiPolygon,1
Auckland,Sexual Offences,Unlawful sexual penetration of a child,Rongomai.,NZ,Auckland Region,Auckland.,1/07/2025,0712304,Auckland Region,Teritorial Authority,Auckland,Polygon,Polygon,MultiPolygon,MultiPolygon,1,MultiPolygon,1
Auckland,Sexual Offences,Unlawful sexual contact of a child,Sherbourne.,NZ,Auckland Region,Auckland.,1/09/2023,0546800,Auckland Region,Teritorial Authority,Auckland,Polygon,Polygon,MultiPolygon,MultiPolygon,1,MultiPolygon,1
Auckland,Sexual Offences,Unlawful sexual penetration of a child,Wellsford.,NZ,Auckland Region,Auckland.,1/11/2024,0142400,Auckland Region,Teritorial Authority,Auckland,Polygon,Polygon,MultiPolygon,MultiPolygon,1,MultiPolygon,1
Auckland,Sexual Offences,Unlawful sexual contact of a child,Ferguson.,NZ,Auckland Region,Auckland.,1/02/2024,0705100,Auckland Region,Teritorial Authority,Auckland,Polygon,Polygon,MultiPolygon,MultiPolygon,1,MultiPolygon,1
Auckland,Sexual Offences,Unlawful sexual contact of an adult,Manukau Central.,NZ,Auckland Region,Auckland.,1/03/2025,0781200,Auckland Region,Teritorial Authority,Auckland,Polygon,Polygon,MultiPolygon,MultiPolygon,1,MultiPolygon,1
Auckland,Sexual Offences,Unlawful sexual contact of an adult,Lynfield South.,NZ,Auckland Region,Auckland.,1/01/2024,0587801,Auckland Region,Teritorial Authority,Auckland,Polygon,Polygon,MultiPolygon,MultiPolygon,1,MultiPolygon,1
Auckland,Sexual Offences,Unlawful sexual contact of an adult,Auckland Harbourside.,NZ,Auckland Region,Auckland.,1/11/2024,0438209,Auckland Region,Teritorial Authority,Auckland,Polygon,Polygon,MultiPolygon,MultiPolygon,1,MultiPolygon,1
Auckland,Sexual Offences,Unlawful sexual contact of an adult,Manurewa Central.,NZ,Auckland Region,Auckland.,1/05/2025,0751600,Auckland Region,Teritorial Authority,Auckland,Polygon,Polygon,MultiPolygon,MultiPolygon,1,MultiPolygon,1
Auckland,Sexual Offences,Unlawful sexual contact of a child,Lynnmall.,NZ,Auckland Region,Auckland.,1/11/2023,0266403,Auckland Region,Teritorial Authority,Auckland,Polygon,Polygon,MultiPolygon,MultiPolygon,1,MultiPolygon,1
Auckland,Sexual Offences,Unlawful sexual contact of an adult,Penrose.,NZ,Auckland Region,Auckland.,1/01/2024,0622400,Auckland Region,Teritorial Authority,Auckland,Polygon,Polygon,MultiPolygon,MultiPolygon,1,MultiPolygon,1
Auckland,Sexual Offences,Unlawful sexual contact of an adult,Mt Wellington Domain.,NZ,Auckland Region,Auckland.,1/12/2024,0627800,Auckland Region,Teritorial Authority,Auckland,Polygon,Polygon,MultiPolygon,MultiPolygon,1,MultiPolygon,1
Auckland,Sexual Offences,Unlawful sexual contact of a child,Roberton.,NZ,Auckland Region,Auckland.,1/03/2024,0382800,Auckland Region,Teritorial Authority,Auckland,Polygon,Polygon,MultiPolygon,MultiPolygon,1,MultiPolygon,1
Auckland,Sexual Offences,Unlawful sexual contact of an adult,Newmarket.,NZ,Auckland Region,Auckland.,1/05/2025,0450300,Auckland Region,Teritorial Authority,Auckland,Polygon,Polygon,MultiPolygon,MultiPolygon,1,MultiPolygon,1
Auckland,Sexual Offences,Unlawful sexual penetration of a child,Pukekohe North.,NZ,Auckland Region,Auckland.,1/08/2024,0816537,Auckland Region,Teritorial Authority,Auckland,Polygon,Polygon,MultiPolygon,MultiPolygon,1,MultiPolygon,1
Auckland,Sexual Offences,Unlawful sexual contact of a child,Weymouth East.,NZ,Auckland Region,Auckland.,1/06/2024,0774304,Auckland Region,Teritorial Authority,Auckland,Polygon,Polygon,MultiPolygon,MultiPolygon,1,MultiPolygon,1
Auckland,Sexual Offences,Offensive sexual acts,Orewa.,NZ,Auckland Region,Auckland.,1/01/2024,0171104,Auckland Region,Teritorial Authority,Auckland,MultiPolygon,Polygon,MultiPolygon,MultiPolygon,1,MultiPolygon,1
Auckland,Sexual Offences,Unlawful sexual penetration of a child,Mt Wellington South.,NZ,Auckland Region,Auckland.,1/09/2024,0637500,Auckland Region,Teritorial Authority,Auckland,Polygon,Polygon,MultiPolygon,MultiPolygon,1,MultiPolygon,1
Auckland,Sexual Offences,Unlawful sexual penetration of a child,Mt Wellington West.,NZ,Auckland Region,Auckland.,1/07/2025,0626101,Auckland Region,Teritorial Authority,Auckland,Polygon,Polygon,MultiPolygon,MultiPolygon,1,MultiPolygon,1
Auckland,Sexual Offences,Unlawful sexual contact of an adult,Lynnmall.,NZ,Auckland Region,Auckland.,1/09/2023,0265300,Auckland Region,Teritorial Authority,Auckland,Polygon,Polygon,MultiPolygon,MultiPolygon,1,MultiPolygon,1
Auckland,Sexual Offences,Offensive sexual acts,Bledisloe Park.,NZ,Auckland Region,Auckland.,1/11/2023,0823200,Auckland Region,Teritorial Authority,Auckland,Polygon,Polygon,MultiPolygon,MultiPolygon,1,MultiPolygon,1
Auckland,Sexual Offences,Unlawful sexual penetration of a child,Homai West.,NZ,Auckland Region,Auckland.,1/07/2024,0779300,Auckland Region,Teritorial Authority,Auckland,Polygon,Polygon,MultiPolygon,MultiPolygon,1,MultiPolygon,1
Auckland,Sexual Offences,Unlawful sexual penetration of a child,Auckland Central East.,NZ,Auckland Region,Auckland.,1/09/2024,0437200,Auckland Region,Teritorial Authority,Auckland,Polygon,Polygon,MultiPolygon,MultiPolygon,1,MultiPolygon,1
Auckland,Sexual Offences,Unlawful sexual contact of an adult,Manukau Central.,NZ,Auckland Region,Auckland.,1/05/2025,0781200,Auckland Region,Teritorial Authority,Auckland,Polygon,Polygon,MultiPolygon,MultiPolygon,1,MultiPolygon,1
Auckland,Sexual Offences,Unlawful sexual contact of a child,St Marys.,NZ,Auckland Region,Auckland.,1/10/2023,0426108,Auckland Region,Teritorial Authority,Auckland,Polygon,Polygon,MultiPolygon,MultiPolygon,1,MultiPolygon,1
Auckland,Sexual Offences,Unlawful sexual contact of a child,Ponsonby East.,NZ,Auckland Region,Auckland.,1/11/2024,0431600,Auckland Region,Teritorial Authority,Auckland,Polygon,Polygon,MultiPolygon,MultiPolygon,1,MultiPolygon,1
Auckland,Sexual Offences,Unlawful sexual contact of a child,Favona North.,NZ,Auckland Region,Auckland.,1/11/2023,0729300,Auckland Region,Teritorial Authority,Auckland,MultiPolygon,Polygon,MultiPolygon,MultiPolygon,1,MultiPolygon,1
Auckland,Sexual Offences,Unlawful sexual contact of an adult,Mangere Central.,NZ,Auckland Region,Auckland.,1/01/2025,0740500,Auckland Region,Teritorial Authority,Auckland,Polygon,Polygon,MultiPolygon,MultiPolygon,1,MultiPolygon,1
Auckland,Sexual Offences,Offensive sexual acts,Henderson South.,NZ,Auckland Region,Auckland.,1/04/2025,0242700,Auckland Region,Teritorial Authority,Auckland,Polygon,Polygon,MultiPolygon,MultiPolygon,1,MultiPolygon,1
Auckland,Sexual Offences,Unlawful sexual contact of an adult,Newton.,NZ,Auckland Region,Auckland.,1/03/2024,0412100,Auckland Region,Teritorial Authority,Auckland,Polygon,Polygon,MultiPolygon,MultiPolygon,1,MultiPolygon,1
Auckland,Sexual Offences,Unlawful sexual contact of an adult,Glenfield Central.,NZ,Auckland Region,Auckland.,1/07/2025,0200000,Auckland Region,Teritorial Authority,Auckland,Polygon,Polygon,MultiPolygon,MultiPolygon,1,MultiPolygon,1
Auckland,Sexual Offences,Unlawful sexual contact of an adult,Donegal Park.,NZ,Auckland Region,Auckland.,1/01/2025,0713300,Auckland Region,Teritorial Authority,Auckland,Polygon,Polygon,MultiPolygon,MultiPolygon,1,MultiPolygon,1
Auckland,Sexual Offences,Unlawful sexual penetration of an adult,Glen Innes West.,NZ,Auckland Region,Auckland.,1/07/2025,0475701,Auckland Region,Teritorial Authority,Auckland,Polygon,Polygon,MultiPolygon,MultiPolygon,1,MultiPolygon,1
Auckland,Sexual Offences,Unlawful sexual contact of an adult,Glen Innes East.,NZ,Auckland Region,Auckland.,1/10/2023,0476600,Auckland Region,Teritorial Authority,Auckland,Polygon,Polygon,MultiPolygon,MultiPolygon,1,MultiPolygon,1
Auckland,Sexual Offences,Unlawful sexual penetration of an adult,Wiri.,NZ,Auckland Region,Auckland.,1/11/2024,0780416,Auckland Region,Teritorial Authority,Auckland,Polygon,Polygon,MultiPolygon,MultiPolygon,1,MultiPolygon,1
Auckland,Sexual Offences,Unlawful sexual contact of a child,Weymouth East.,NZ,Auckland Region,Auckland.,1/11/2023,0774210,Auckland Region,Teritorial Authority,Auckland,Polygon,Polygon,MultiPolygon,MultiPolygon,1,MultiPolygon,1
Auckland,Sexual Offences,Unlawful sexual contact of an adult,Auckland Central West.,NZ,Auckland Region,Auckland.,1/02/2025,0435802,Auckland Region,Teritorial Authority,Auckland,Polygon,Polygon,MultiPolygon,MultiPolygon,1,MultiPolygon,1
Auckland,Sexual Offences,Unlawful sexual contact of an adult,Takapuna Central.,NZ,Auckland Region,Auckland.,1/10/2024,0327000,Auckland Region,Teritorial Authority,Auckland,Polygon,Polygon,MultiPolygon,MultiPolygon,1,MultiPolygon,1
Auckland,Sexual Offences,Unlawful sexual contact of an adult,Hillpark.,NZ,Auckland Region,Auckland.,1/02/2024,0757300,Auckland Region,Teritorial Authority,Auckland,Polygon,Polygon,MultiPolygon,MultiPolygon,1,MultiPolygon,1
Auckland,Sexual Offences,Unlawful sexual contact of an adult,Fairdene.,NZ,Auckland Region,Auckland.,1/07/2025,0230702,Auckland Region,Teritorial Authority,Auckland,Polygon,Polygon,MultiPolygon,MultiPolygon,1,MultiPolygon,1
Auckland,Sexual Offences,Offensive sexual acts,Torbay.,NZ,Auckland Region,Auckland.,1/01/2024,0169000,Auckland Region,Teritorial Authority,Auckland,Polygon,Polygon,MultiPolygon,MultiPolygon,1,MultiPolygon,1
Auckland,Sexual Offences,Unlawful sexual penetration of a child,Papakura East.,NZ,Auckland Region,Auckland.,1/06/2025,0799117,Auckland Region,Teritorial Authority,Auckland,Polygon,Polygon,MultiPolygon,MultiPolygon,1,MultiPolygon,1
Auckland,Sexual Offences,Unlawful sexual contact of a child,Freemans Bay.,NZ,Auckland Region,Auckland.,1/09/2024,0416000,Auckland Region,Teritorial Authority,Auckland,Polygon,Polygon,MultiPolygon,MultiPolygon,1,MultiPolygon,1
Auckland,Sexual Offences,Unlawful sexual penetration of a child,McLaren Park.,NZ,Auckland Region,Auckland.,1/04/2025,0281102,Auckland Region,Teritorial Authority,Auckland,Polygon,Polygon,MultiPolygon,MultiPolygon,1,MultiPolygon,1
Auckland,Sexual Offences,Unlawful sexual contact of an adult,Hingaia.,NZ,Auckland Region,Auckland.,1/03/2025,0806604,Auckland Region,Teritorial Authority,Auckland,Polygon,Polygon,MultiPolygon,MultiPolygon,1,MultiPolygon,1
Auckland,Sexual Offences,Child procurement or grooming,Papakura North East.,NZ,Auckland Region,Auckland.,1/06/2025,0795801,Auckland Region,Teritorial Authority,Auckland,Polygon,Polygon,MultiPolygon,MultiPolygon,1,MultiPolygon,1
Auckland,Sexual Offences,Intimate image offences,Mangere South.,NZ,Auckland Region,Auckland.,1/01/2024,0726400,Auckland Region,Teritorial Authority,Auckland,MultiPolygon,Polygon,MultiPolygon,MultiPolygon,1,MultiPolygon,1
Auckland,Sexual Offences,Unlawful sexual contact of an adult,Beachlands-Maraetai.,NZ,Auckland Region,Auckland.,1/11/2024,0718900,Auckland Region,Teritorial Authority,Auckland,MultiPolygon,MultiPolygon,MultiPolygon,MultiPolygon,1,MultiPolygon,1
Auckland,Sexual Offences,Unlawful sexual penetration of a child,Ferguson.,NZ,Auckland Region,Auckland.,1/09/2024,0709900,Auckland Region,Teritorial Authority,Auckland,Polygon,Polygon,MultiPolygon,MultiPolygon,1,MultiPolygon,1
Auckland,Sexual Offences,Unlawful sexual penetration of a child,Auckland Harbourside.,NZ,Auckland Region,Auckland.,1/04/2025,0438214,Auckland Region,Teritorial Authority,Auckland,Polygon,Polygon,MultiPolygon,MultiPolygon,1,MultiPolygon,1
Auckland,Sexual Offences,Unlawful sexual penetration of an adult,Abbotts Park.,NZ,Auckland Region,Auckland.,1/10/2023,0495300,Auckland Region,Teritorial Authority,Auckland,Polygon,Polygon,MultiPolygon,MultiPolygon,1,MultiPolygon,1
Auckland,Sexual Offences,Unlawful sexual contact of an adult,Takanini North.,NZ,Auckland Region,Auckland.,1/03/2025,0766901,Auckland Region,Teritorial Authority,Auckland,Polygon,Polygon,MultiPolygon,MultiPolygon,1,MultiPolygon,1
Auckland,Sexual Offences,Unlawful sexual penetration of an adult,Burbank.,NZ,Auckland Region,Auckland.,1/02/2025,0775600,Auckland Region,Teritorial Authority,Auckland,Polygon,Polygon,MultiPolygon,MultiPolygon,1,MultiPolygon,1
Auckland,Sexual Offences,Unlawful sexual contact of a child,Mascot.,NZ,Auckland Region,Auckland.,1/11/2023,0741800,Auckland Region,Teritorial Authority,Auckland,Polygon,Polygon,MultiPolygon,MultiPolygon,1,MultiPolygon,1
Auckland,Sexual Offences,Unlawful sexual contact of an adult,Auckland Central West.,NZ,Auckland Region,Auckland.,1/03/2025,0433802,Auckland Region,Teritorial Authority,Auckland,Polygon,Polygon,MultiPolygon,MultiPolygon,1,MultiPolygon,1
Auckland,Sexual Offences,Unlawful sexual contact of a child,Henderson South.,NZ,Auckland Region,Auckland.,1/04/2024,0243300,Auckland Region,Teritorial Authority,Auckland,Polygon,Polygon,MultiPolygon,MultiPolygon,2,MultiPolygon,2
Auckland,Sexual Offences,Unlawful sexual contact of an adult,Auckland Central East.,NZ,Auckland Region,Auckland.,1/08/2023,0438000,Auckland Region,Teritorial Authority,Auckland,Polygon,Polygon,MultiPolygon,MultiPolygon,1,MultiPolygon,1
Auckland,Sexual Offences,Unlawful sexual penetration of an adult,Onehunga South East.,NZ,Auckland Region,Auckland.,1/08/2023,0601700,Auckland Region,Teritorial Authority,Auckland,Polygon,Polygon,MultiPolygon,MultiPolygon,1,MultiPolygon,1
Auckland,Sexual Offences,Unlawful sexual contact of a child,Mt Eden North.,NZ,Auckland Region,Auckland.,1/08/2023,0542700,Auckland Region,Teritorial Authority,Auckland,Polygon,Polygon,MultiPolygon,MultiPolygon,1,MultiPolygon,1
Auckland,Sexual Offences,Produce or distribute child abuse material,Maungawhau.,NZ,Auckland Region,Auckland.,1/05/2024,0555400,Auckland Region,Teritorial Authority,Auckland,Polygon,Polygon,MultiPolygon,MultiPolygon,1,MultiPolygon,1
Auckland,Sexual Offences,Unlawful sexual contact of an adult,Clendon North.,NZ,Auckland Region,Auckland.,1/02/2025,0774409,Auckland Region,Teritorial Authority,Auckland,Polygon,Polygon,MultiPolygon,MultiPolygon,1,MultiPolygon,1
Auckland,Sexual Offences,Unlawful sexual penetration of an adult,Hillsborough West.,NZ,Auckland Region,Auckland.,1/09/2023,0569700,Auckland Region,Teritorial Authority,Auckland,Polygon,Polygon,MultiPolygon,MultiPolygon,1,MultiPolygon,1
Auckland,Sexual Offences,Unlawful sexual penetration of a child,Pakuranga Central.,NZ,Auckland Region,Auckland.,1/03/2024,0686300,Auckland Region,Teritorial Authority,Auckland,Polygon,Polygon,MultiPolygon,MultiPolygon,1,MultiPolygon,1
Auckland,Sexual Offences,Unlawful sexual contact of a child,North Harbour West.,NZ,Auckland Region,Auckland.,1/01/2024,0179904,Auckland Region,Teritorial Authority,Auckland,Polygon,Polygon,MultiPolygon,MultiPolygon,1,MultiPolygon,1
Auckland,Sexual Offences,Unlawful sexual penetration of a child,Papakura Central.,NZ,Auckland Region,Auckland.,1/12/2024,0793100,Auckland Region,Teritorial Authority,Auckland,Polygon,Polygon,MultiPolygon,MultiPolygon,1,MultiPolygon,1
Auckland,Sexual Offences,Unlawful sexual contact of a child,Papakura Central.,NZ,Auckland Region,Auckland.,1/05/2025,0793100,Auckland Region,Teritorial Authority,Auckland,Polygon,Polygon,MultiPolygon,MultiPolygon,1,MultiPolygon,1
Auckland,Sexual Offences,Offensive sexual acts,Papatoetoe Central.,NZ,Auckland Region,Auckland.,1/11/2023,0663600,Auckland Region,Teritorial Authority,Auckland,Polygon,Polygon,MultiPolygon,MultiPolygon,1,MultiPolygon,1
Auckland,Sexual Offences,Offensive sexual acts,Epsom North.,NZ,Auckland Region,Auckland.,1/05/2025,0443300,Auckland Region,Teritorial Authority,Auckland,Polygon,Polygon,MultiPolygon,MultiPolygon,1,MultiPolygon,1
Auckland,Sexual Offences,Unlawful sexual penetration of an adult,Otara West.,NZ,Auckland Region,Auckland.,1/06/2024,0698100,Auckland Region,Teritorial Authority,Auckland,Polygon,Polygon,MultiPolygon,MultiPolygon,1,MultiPolygon,1
Auckland,Sexual Offences,Unlawful sexual contact of an adult,Ponsonby East.,NZ,Auckland Region,Auckland.,1/09/2023,0429300,Auckland Region,Teritorial Authority,Auckland,Polygon,Polygon,MultiPolygon,MultiPolygon,1,MultiPolygon,1
Auckland,Sexual Offences,Unlawful sexual penetration of an adult,Tahekeroa.,NZ,Auckland Region,Auckland.,1/11/2024,0177803,Auckland Region,Teritorial Authority,Auckland,Polygon,Polygon,MultiPolygon,MultiPolygon,1,MultiPolygon,1
Auckland,Sexual Offences,Unlawful sexual penetration of a child,Hobsonville East.,NZ,Auckland Region,Auckland.,1/03/2024,0222800,Auckland Region,Teritorial Authority,Auckland,Polygon,Polygon,MultiPolygon,MultiPolygon,1,MultiPolygon,1
Auckland,Sexual Offences,Unlawful sexual penetration of a child,Edmonton.,NZ,Auckland Region,Auckland.,1/01/2024,0252900,Auckland Region,Teritorial Authority,Auckland,Polygon,Polygon,MultiPolygon,MultiPolygon,1,MultiPolygon,1
Auckland,Sexual Offences,Unlawful sexual contact of a child,Te Atatu Central.,NZ,Auckland Region,Auckland.,1/02/2025,0250101,Auckland Region,Teritorial Authority,Auckland,Polygon,Polygon,MultiPolygon,MultiPolygon,1,MultiPolygon,1
Auckland,Sexual Offences,Child procurement or grooming,Ponsonby East.,NZ,Auckland Region,Auckland.,1/04/2025,0430400,Auckland Region,Teritorial Authority,Auckland,Polygon,Polygon,MultiPolygon,MultiPolygon,1,MultiPolygon,1
Auckland,Sexual Offences,Unlawful sexual contact of an adult,Beachlands-Maraetai.,NZ,Auckland Region,Auckland.,1/04/2025,0719703,Auckland Region,Teritorial Authority,Auckland,MultiPolygon,Polygon,MultiPolygon,MultiPolygon,1,MultiPolygon,1
Auckland,Sexual Offences,Offensive sexual acts,Glen Eden East.,NZ,Auckland Region,Auckland.,1/01/2024,0285600,Auckland Region,Teritorial Authority,Auckland,Polygon,Polygon,MultiPolygon,MultiPolygon,1,MultiPolygon,1
Auckland,Sexual Offences,Offensive sexual acts,Grafton West.,NZ,Auckland Region,Auckland.,1/11/2023,0440600,Auckland Region,Teritorial Authority,Auckland,Polygon,Polygon,MultiPolygon,MultiPolygon,1,MultiPolygon,1
Auckland,Sexual Offences,Unlawful sexual contact of an adult,Onehunga South East.,NZ,Auckland Region,Auckland.,1/09/2023,0602000,Auckland Region,Teritorial Authority,Auckland,Polygon,Polygon,MultiPolygon,MultiPolygon,1,MultiPolygon,1
Auckland,Sexual Offences,Unlawful sexual penetration of an adult,Abbotts Park.,NZ,Auckland Region,Auckland.,1/10/2024,0495600,Auckland Region,Teritorial Authority,Auckland,Polygon,Polygon,MultiPolygon,MultiPolygon,1,MultiPolygon,1
Auckland,Sexual Offences,Unlawful sexual penetration of a child,Mangere Central.,NZ,Auckland Region,Auckland.,1/08/2023,0741002,Auckland Region,Teritorial Authority,Auckland,Polygon,Polygon,MultiPolygon,MultiPolygon,1,MultiPolygon,1
Auckland,Sexual Offences,Intimate image offences,Kilkenny.,NZ,Auckland Region,Auckland.,1/10/2024,3202001,Auckland Region,Teritorial Authority,Auckland,Polygon,Polygon,MultiPolygon,MultiPolygon,1,MultiPolygon,1
Auckland,Sexual Offences,Unlawful sexual contact of a child,Warkworth.,NZ,Auckland Region,Auckland.,1/08/2023,0146002,Auckland Region,Teritorial Authority,Auckland,Polygon,Polygon,MultiPolygon,MultiPolygon,1,MultiPolygon,1
Auckland,Sexual Offences,Child procurement or grooming,Mangere East.,NZ,Auckland Region,Auckland.,1/12/2023,0749002,Auckland Region,Teritorial Authority,Auckland,Polygon,Polygon,MultiPolygon,MultiPolygon,1,MultiPolygon,1
Auckland,Sexual Offences,Unlawful sexual contact of an adult,Pinehill.,NZ,Auckland Region,Auckland.,1/01/2025,0180602,Auckland Region,Teritorial Authority,Auckland,Polygon,Polygon,MultiPolygon,MultiPolygon,1,MultiPolygon,1
Auckland,Sexual Offences,Child procurement or grooming,Auckland Harbourside.,NZ,Auckland Region,Auckland.,1/10/2024,0438214,Auckland Region,Teritorial Authority,Auckland,Polygon,Polygon,MultiPolygon,MultiPolygon,1,MultiPolygon,1
Auckland,Sexual Offences,Unlawful sexual contact of an adult,Pukekohe North.,NZ,Auckland Region,Auckland.,1/07/2025,0818700,Auckland Region,Teritorial Authority,Auckland,Polygon,Polygon,MultiPolygon,MultiPolygon,1,MultiPolygon,1
Auckland,Sexual Offences,Unlawful sexual contact of a child,Karekare.,NZ,Auckland Region,Auckland.,1/12/2023,0282009,Auckland Region,Teritorial Authority,Auckland,MultiPolygon,MultiPolygon,MultiPolygon,MultiPolygon,1,MultiPolygon,1
Auckland,Sexual Offences,Offensive sexual acts,Auckland Central East.,NZ,Auckland Region,Auckland.,1/01/2025,0436203,Auckland Region,Teritorial Authority,Auckland,Polygon,Polygon,MultiPolygon,MultiPolygon,1,MultiPolygon,1
Auckland,Sexual Offences,Offensive sexual acts,Grafton East.,NZ,Auckland Region,Auckland.,1/11/2024,0443000,Auckland Region,Teritorial Authority,Auckland,Polygon,Polygon,MultiPolygon,MultiPolygon,1,MultiPolygon,1
Auckland,Sexual Offences,Unlawful sexual penetration of an adult,Grange.,NZ,Auckland Region,Auckland.,1/09/2023,0696701,Auckland Region,Teritorial Authority,Auckland,Polygon,Polygon,MultiPolygon,MultiPolygon,1,MultiPolygon,1
Auckland,Sexual Offences,Intimate image offences,Remuera South.,NZ,Auckland Region,Auckland.,1/10/2024,0494100,Auckland Region,Teritorial Authority,Auckland,Polygon,Polygon,MultiPolygon,MultiPolygon,2,MultiPolygon,2
Auckland,Sexual Offences,Unlawful sexual contact of a child,Clendon South.,NZ,Auckland Region,Auckland.,1/08/2023,0774433,Auckland Region,Teritorial Authority,Auckland,Polygon,Polygon,MultiPolygon,MultiPolygon,1,MultiPolygon,1
Auckland,Sexual Offences,Unlawful sexual contact of a child,Ormiston.,NZ,Auckland Region,Auckland.,1/02/2025,0712600,Auckland Region,Teritorial Authority,Auckland,Polygon,Polygon,MultiPolygon,MultiPolygon,1,MultiPolygon,1
Auckland,Sexual Offences,Unlawful sexual contact of a child,Mangere East.,NZ,Auckland Region,Auckland.,1/12/2023,0747804,Auckland Region,Teritorial Authority,Auckland,Polygon,Polygon,MultiPolygon,MultiPolygon,1,MultiPolygon,1
Auckland,Sexual Offences,Offensive sexual acts,Elsmore Park.,NZ,Auckland Region,Auckland.,1/07/2024,0681304,Auckland Region,Teritorial Authority,Auckland,Polygon,Polygon,MultiPolygon,MultiPolygon,1,MultiPolygon,1
Auckland,Sexual Offences,Offensive sexual acts,Tamaki.,NZ,Auckland Region,Auckland.,1/11/2024,0633000,Auckland Region,Teritorial Authority,Auckland,Polygon,Polygon,MultiPolygon,MultiPolygon,1,MultiPolygon,1
Auckland,Sexual Offences,Unlawful sexual contact of an adult,Hillpark.,NZ,Auckland Region,Auckland.,1/09/2023,0755900,Auckland Region,Teritorial Authority,Auckland,Polygon,Polygon,MultiPolygon,MultiPolygon,1,MultiPolygon,1
Auckland,Sexual Offences,Unlawful sexual contact of a child,Mcleod.,NZ,Auckland Region,Auckland.,1/06/2024,0259501,Auckland Region,Teritorial Authority,Auckland,Polygon,Polygon,MultiPolygon,MultiPolygon,1,MultiPolygon,1
Auckland,Sexual Offences,Unlawful sexual penetration of a child,Clendon North.,NZ,Auckland Region,Auckland.,1/09/2023,0774446,Auckland Region,Teritorial Authority,Auckland,Polygon,Polygon,MultiPolygon,MultiPolygon,1,MultiPolygon,1
Auckland,Sexual Offences,Unlawful sexual penetration of an adult,Takanini South.,NZ,Auckland Region,Auckland.,1/03/2025,0765500,Auckland Region,Teritorial Authority,Auckland,Polygon,Polygon,MultiPolygon,MultiPolygon,1,MultiPolygon,1
Auckland,Sexual Offences,Unlawful sexual penetration of an adult,Henderson South.,NZ,Auckland Region,Auckland.,1/02/2024,0242700,Auckland Region,Teritorial Authority,Auckland,Polygon,Polygon,MultiPolygon,MultiPolygon,1,MultiPolygon,1
Auckland,Sexual Offences,Offensive sexual acts,Donegal Park.,NZ,Auckland Region,Auckland.,1/12/2023,0713211,Auckland Region,Teritorial Authority,Auckland,Polygon,Polygon,MultiPolygon,MultiPolygon,1,MultiPolygon,1
Auckland,Sexual Offences,Offensive sexual acts,Pukekohe North.,NZ,Auckland Region,Auckland.,1/02/2025,0816504,Auckland Region,Teritorial Authority,Auckland,Polygon,Polygon,MultiPolygon,MultiPolygon,1,MultiPolygon,1
Auckland,Sexual Offences,Intimate image offences,Auckland Harbourside.,NZ,Auckland Region,Auckland.,1/12/2024,0432400,Auckland Region,Teritorial Authority,Auckland,Polygon,Polygon,MultiPolygon,MultiPolygon,1,MultiPolygon,1
Auckland,Sexual Offences,Child procurement or grooming,Howick Central.,NZ,Auckland Region,Auckland.,1/06/2025,0647500,Auckland Region,Teritorial Authority,Auckland,Polygon,Polygon,MultiPolygon,MultiPolygon,1,MultiPolygon,1
Auckland,Sexual Offences,Unlawful sexual contact of an adult,Manukau Central.,NZ,Auckland Region,Auckland.,1/11/2023,0781200,Auckland Region,Teritorial Authority,Auckland,Polygon,Polygon,MultiPolygon,MultiPolygon,1,MultiPolygon,1
Auckland,Sexual Offences,Offensive sexual acts,Manukau Central.,NZ,Auckland Region,Auckland.,1/09/2024,0780204,Auckland Region,Teritorial Authority,Auckland,Polygon,Polygon,MultiPolygon,MultiPolygon,1,MultiPolygon,1
Auckland,Sexual Offences,Offensive sexual acts,Wesley.,NZ,Auckland Region,Auckland.,1/11/2024,0579200,Auckland Region,Teritorial Authority,Auckland,Polygon,Polygon,MultiPolygon,MultiPolygon,1,MultiPolygon,1
Auckland,Sexual Offences,Unlawful sexual penetration of an adult,Manurewa East.,NZ,Auckland Region,Auckland.,1/10/2023,0758200,Auckland Region,Teritorial Authority,Auckland,Polygon,Polygon,MultiPolygon,MultiPolygon,1,MultiPolygon,1
Auckland,Sexual Offences,Unlawful sexual penetration of a child,Kohuora.,NZ,Auckland Region,Auckland.,1/06/2024,0657300,Auckland Region,Teritorial Authority,Auckland,Polygon,Polygon,MultiPolygon,MultiPolygon,1,MultiPolygon,1
Auckland,Sexual Offences,Unlawful sexual contact of a child,Shelly Park.,NZ,Auckland Region,Auckland.,1/09/2023,0718005,Auckland Region,Teritorial Authority,Auckland,Polygon,Polygon,MultiPolygon,MultiPolygon,1,MultiPolygon,1
Auckland,Sexual Offences,Child procurement or grooming,Half Moon Bay.,NZ,Auckland Region,Auckland.,1/03/2025,0679700,Auckland Region,Teritorial Authority,Auckland,Polygon,Polygon,MultiPolygon,MultiPolygon,1,MultiPolygon,1
Auckland,Sexual Offences,Unlawful sexual penetration of a child,Papakura Central.,NZ,Auckland Region,Auckland.,1/03/2024,0792100,Auckland Region,Teritorial Authority,Auckland,Polygon,Polygon,MultiPolygon,MultiPolygon,1,MultiPolygon,1
Auckland,Sexual Offences,Unlawful sexual penetration of a child,Mangere South.,NZ,Auckland Region,Auckland.,1/01/2024,0728618,Auckland Region,Teritorial Authority,Auckland,MultiPolygon,Polygon,MultiPolygon,MultiPolygon,1,MultiPolygon,1
Auckland,Sexual Offences,Child procurement or grooming,Edgewater.,NZ,Auckland Region,Auckland.,1/03/2025,0687002,Auckland Region,Teritorial Authority,Auckland,Polygon,Polygon,MultiPolygon,MultiPolygon,1,MultiPolygon,1
Auckland,Sexual Offences,Offensive sexual acts,Puhinui South.,NZ,Auckland Region,Auckland.,1/04/2024,0674600,Auckland Region,Teritorial Authority,Auckland,Polygon,Polygon,MultiPolygon,MultiPolygon,1,MultiPolygon,1
Auckland,Sexual Offences,Child procurement or grooming,Wattle Farm.,NZ,Auckland Region,Auckland.,1/07/2025,0769034,Auckland Region,Teritorial Authority,Auckland,Polygon,Polygon,MultiPolygon,MultiPolygon,1,MultiPolygon,1
Auckland,Sexual Offences,Unlawful sexual contact of an adult,Highbrook.,NZ,Auckland Region,Auckland.,1/11/2023,0711500,Auckland Region,Teritorial Authority,Auckland,Polygon,Polygon,MultiPolygon,MultiPolygon,1,MultiPolygon,1
Auckland,Sexual Offences,Unlawful sexual contact of an adult,Edgewater.,NZ,Auckland Region,Auckland.,1/06/2024,0683900,Auckland Region,Teritorial Authority,Auckland,Polygon,Polygon,MultiPolygon,MultiPolygon,1,MultiPolygon,1
Auckland,Sexual Offences,Unlawful sexual penetration of a child,Aorere.,NZ,Auckland Region,Auckland.,1/08/2024,0743900,Auckland Region,Teritorial Authority,Auckland,Polygon,Polygon,MultiPolygon,MultiPolygon,1,MultiPolygon,1
Auckland,Sexual Offences,Unlawful sexual contact of a child,Favona West.,NZ,Auckland Region,Auckland.,1/09/2023,0729902,Auckland Region,Teritorial Authority,Auckland,Polygon,Polygon,MultiPolygon,MultiPolygon,1,MultiPolygon,1
Auckland,Sexual Offences,Unlawful sexual penetration of a child,Otahuhu West.,NZ,Auckland Region,Auckland.,1/11/2024,0785000,Auckland Region,Teritorial Authority,Auckland,Polygon,Polygon,MultiPolygon,MultiPolygon,1,MultiPolygon,1
Auckland,Sexual Offences,Unlawful sexual contact of an adult,Papakura Central.,NZ,Auckland Region,Auckland.,1/02/2024,0793000,Auckland Region,Teritorial Authority,Auckland,Polygon,Polygon,MultiPolygon,MultiPolygon,1,MultiPolygon,1
Auckland,Sexual Offences,Unlawful sexual contact of a child,Leabank.,NZ,Auckland Region,Auckland.,1/02/2024,0770600,Auckland Region,Teritorial Authority,Auckland,Polygon,Polygon,MultiPolygon,MultiPolygon,1,MultiPolygon,1
Auckland,Sexual Offences,Intimate image offences,Kohuora.,NZ,Auckland Region,Auckland.,1/02/2025,0657500,Auckland Region,Teritorial Authority,Auckland,Polygon,Polygon,MultiPolygon,MultiPolygon,1,MultiPolygon,1
Auckland,Sexual Offences,Offensive sexual acts,Parnell West.,NZ,Auckland Region,Auckland.,1/11/2024,0451400,Auckland Region,Teritorial Authority,Auckland,Polygon,Polygon,MultiPolygon,MultiPolygon,1,MultiPolygon,1
Auckland,Sexual Offences,Intimate image offences,Woodglen.,NZ,Auckland Region,Auckland.,1/05/2025,0284102,Auckland Region,Teritorial Authority,Auckland,Polygon,Polygon,MultiPolygon,MultiPolygon,1,MultiPolygon,1
Auckland,Sexual Offences,Unlawful sexual penetration of a child,Parnell West.,NZ,Auckland Region,Auckland.,1/10/2024,0451400,Auckland Region,Teritorial Authority,Auckland,Polygon,Polygon,MultiPolygon,MultiPolygon,1,MultiPolygon,1
Auckland,Sexual Offences,Offensive sexual acts,Otahuhu West.,NZ,Auckland Region,Auckland.,1/11/2024,0782200,Auckland Region,Teritorial Authority,Auckland,Polygon,Polygon,MultiPolygon,MultiPolygon,1,MultiPolygon,1
Auckland,Sexual Offences,Unlawful sexual contact of an adult,Pakuranga East.,NZ,Auckland Region,Auckland.,1/08/2024,0690200,Auckland Region,Teritorial Authority,Auckland,Polygon,Polygon,MultiPolygon,MultiPolygon,1,MultiPolygon,1
Auckland,Sexual Offences,Unlawful sexual penetration of a child,Akarana.,NZ,Auckland Region,Auckland.,1/08/2024,0583000,Auckland Region,Teritorial Authority,Auckland,Polygon,Polygon,MultiPolygon,MultiPolygon,1,MultiPolygon,1
Auckland,Sexual Offences,Unlawful sexual contact of an adult,Viscount.,NZ,Auckland Region,Auckland.,1/09/2023,0737802,Auckland Region,Teritorial Authority,Auckland,Polygon,Polygon,MultiPolygon,MultiPolygon,1,MultiPolygon,1
Auckland,Sexual Offences,Unlawful sexual contact of a child,Grafton East.,NZ,Auckland Region,Auckland.,1/05/2025,0442100,Auckland Region,Teritorial Authority,Auckland,Polygon,Polygon,MultiPolygon,MultiPolygon,1,MultiPolygon,1
Auckland,Sexual Offences,Unlawful sexual penetration of a child,Mangere Central.,NZ,Auckland Region,Auckland.,1/01/2025,0741202,Auckland Region,Teritorial Authority,Auckland,Polygon,Polygon,MultiPolygon,MultiPolygon,1,MultiPolygon,1
Auckland,Sexual Offences,Unlawful sexual penetration of an adult,Papakura Central.,NZ,Auckland Region,Auckland.,1/08/2023,0793000,Auckland Region,Teritorial Authority,Auckland,Polygon,Polygon,MultiPolygon,MultiPolygon,1,MultiPolygon,1
Auckland,Sexual Offences,Unlawful sexual contact of a child,Papatoetoe East.,NZ,Auckland Region,Auckland.,1/11/2023,0668700,Auckland Region,Teritorial Authority,Auckland,Polygon,Polygon,MultiPolygon,MultiPolygon,1,MultiPolygon,1
Auckland,Sexual Offences,Offensive sexual acts,Onehunga South East.,NZ,Auckland Region,Auckland.,1/01/2025,0600600,Auckland Region,Teritorial Authority,Auckland,Polygon,Polygon,MultiPolygon,MultiPolygon,1,MultiPolygon,1
Auckland,Sexual Offences,Unlawful sexual contact of an adult,Newmarket.,NZ,Auckland Region,Auckland.,1/04/2024,0451300,Auckland Region,Teritorial Authority,Auckland,Polygon,Polygon,MultiPolygon,MultiPolygon,1,MultiPolygon,1
Auckland,Sexual Offences,Unlawful sexual penetration of a child,Mangere South.,NZ,Auckland Region,Auckland.,1/05/2025,0727400,Auckland Region,Teritorial Authority,Auckland,MultiPolygon,Polygon,MultiPolygon,MultiPolygon,1,MultiPolygon,1
Auckland,Sexual Offences,Unlawful sexual contact of a child,Shelly Park.,NZ,Auckland Region,Auckland.,1/08/2024,0717803,Auckland Region,Teritorial Authority,Auckland,Polygon,Polygon,MultiPolygon,MultiPolygon,1,MultiPolygon,1
Auckland,Sexual Offences,Unlawful sexual contact of an adult,Freemans Bay.,NZ,Auckland Region,Auckland.,1/12/2023,0416000,Auckland Region,Teritorial Authority,Auckland,Polygon,Polygon,MultiPolygon,MultiPolygon,1,MultiPolygon,1
Auckland,Sexual Offences,Unlawful sexual penetration of a child,Dannemora.,NZ,Auckland Region,Auckland.,1/08/2024,3207003,Auckland Region,Teritorial Authority,Auckland,Polygon,Polygon,MultiPolygon,MultiPolygon,1,MultiPolygon,1
Auckland,Sexual Offences,Unlawful sexual contact of a child,Te Papapa.,NZ,Auckland Region,Auckland.,1/05/2025,0605500,Auckland Region,Teritorial Authority,Auckland,Polygon,Polygon,MultiPolygon,MultiPolygon,1,MultiPolygon,1
Auckland,Sexual Offences,Unlawful sexual contact of a child,Mt Albert Central.,NZ,Auckland Region,Auckland.,1/12/2024,0526600,Auckland Region,Teritorial Authority,Auckland,Polygon,Polygon,MultiPolygon,MultiPolygon,1,MultiPolygon,1
Auckland,Sexual Offences,Intimate image offences,Remuera South.,NZ,Auckland Region,Auckland.,1/03/2024,0494100,Auckland Region,Teritorial Authority,Auckland,Polygon,Polygon,MultiPolygon,MultiPolygon,1,MultiPolygon,1
Auckland,Sexual Offences,Unlawful sexual penetration of a child,Pakuranga Central.,NZ,Auckland Region,Auckland.,1/11/2023,0686200,Auckland Region,Teritorial Authority,Auckland,Polygon,Polygon,MultiPolygon,MultiPolygon,1,MultiPolygon,1
Auckland,Sexual Offences,Offensive sexual acts,Kingsland.,NZ,Auckland Region,Auckland.,1/02/2025,0529800,Auckland Region,Teritorial Authority,Auckland,Polygon,Polygon,MultiPolygon,MultiPolygon,1,MultiPolygon,1
Auckland,Sexual Offences,Unlawful sexual contact of an adult,Leabank.,NZ,Auckland Region,Auckland.,1/04/2024,0772903,Auckland Region,Teritorial Authority,Auckland,Polygon,Polygon,MultiPolygon,MultiPolygon,1,MultiPolygon,1
Auckland,Sexual Offences,Unlawful sexual penetration of a child,Papatoetoe Central.,NZ,Auckland Region,Auckland.,1/07/2025,0665602,Auckland Region,Teritorial Authority,Auckland,Polygon,Polygon,MultiPolygon,MultiPolygon,1,MultiPolygon,1
Auckland,Sexual Offences,Unlawful sexual penetration of a child,Mangere Bridge.,NZ,Auckland Region,Auckland.,1/08/2024,0723900,Auckland Region,Teritorial Authority,Auckland,Polygon,Polygon,MultiPolygon,MultiPolygon,1,MultiPolygon,1
Auckland,Sexual Offences,Unlawful sexual contact of an adult,Auckland Central East.,NZ,Auckland Region,Auckland.,1/08/2024,0438000,Auckland Region,Teritorial Authority,Auckland,Polygon,Polygon,MultiPolygon,MultiPolygon,1,MultiPolygon,1
Auckland,Sexual Offences,Unlawful sexual contact of an adult,Auckland Harbourside.,NZ,Auckland Region,Auckland.,1/12/2023,0433001,Auckland Region,Teritorial Authority,Auckland,Polygon,Polygon,MultiPolygon,MultiPolygon,1,MultiPolygon,1
Auckland,Sexual Offences,Unlawful sexual penetration of a child,Lynfield North.,NZ,Auckland Region,Auckland.,1/11/2023,0586400,Auckland Region,Teritorial Authority,Auckland,Polygon,Polygon,MultiPolygon,MultiPolygon,1,MultiPolygon,1
Auckland,Sexual Offences,Unlawful sexual contact of a child,Onehunga South East.,NZ,Auckland Region,Auckland.,1/09/2023,0599100,Auckland Region,Teritorial Authority,Auckland,Polygon,Polygon,MultiPolygon,MultiPolygon,1,MultiPolygon,1
Auckland,Sexual Offences,Unlawful sexual penetration of a child,Weymouth East.,NZ,Auckland Region,Auckland.,1/12/2023,0774306,Auckland Region,Teritorial Authority,Auckland,Polygon,Polygon,MultiPolygon,MultiPolygon,1,MultiPolygon,1
Auckland,Sexual Offences,Offensive sexual acts,Auckland Central East.,NZ,Auckland Region,Auckland.,1/03/2025,0436203,Auckland Region,Teritorial Authority,Auckland,Polygon,Polygon,MultiPolygon,MultiPolygon,1,MultiPolygon,1
Auckland,Sexual Offences,Unlawful sexual penetration of an adult,Remuera South.,NZ,Auckland Region,Auckland.,1/04/2025,0493900,Auckland Region,Teritorial Authority,Auckland,Polygon,Polygon,MultiPolygon,MultiPolygon,1,MultiPolygon,1
Auckland,Sexual Offences,Unlawful sexual penetration of an adult,Auckland Harbourside.,NZ,Auckland Region,Auckland.,1/05/2025,0432900,Auckland Region,Teritorial Authority,Auckland,Polygon,Polygon,MultiPolygon,MultiPolygon,1,MultiPolygon,1
Auckland,Sexual Offences,Unlawful sexual contact of an adult,Grafton West.,NZ,Auckland Region,Auckland.,1/01/2025,0441400,Auckland Region,Teritorial Authority,Auckland,Polygon,Polygon,MultiPolygon,MultiPolygon,1,MultiPolygon,1
Auckland,Sexual Offences,Unlawful sexual penetration of an adult,Mt Eden North.,NZ,Auckland Region,Auckland.,1/08/2024,0542700,Auckland Region,Teritorial Authority,Auckland,Polygon,Polygon,MultiPolygon,MultiPolygon,1,MultiPolygon,1
Auckland,Sexual Offences,Unlawful sexual contact of an adult,Auckland Central West.,NZ,Auckland Region,Auckland.,1/01/2024,0434000,Auckland Region,Teritorial Authority,Auckland,Polygon,Polygon,MultiPolygon,MultiPolygon,1,MultiPolygon,1
Auckland,Sexual Offences,Unlawful sexual contact of a child,Weymouth West.,NZ,Auckland Region,Auckland.,1/10/2023,0773807,Auckland Region,Teritorial Authority,Auckland,Polygon,Polygon,MultiPolygon,MultiPolygon,1,MultiPolygon,1
Auckland,Sexual Offences,Unlawful sexual penetration of an adult,Howick West.,NZ,Auckland Region,Auckland.,1/10/2024,0645700,Auckland Region,Teritorial Authority,Auckland,Polygon,Polygon,MultiPolygon,MultiPolygon,1,MultiPolygon,1
Auckland,Sexual Offences,Unlawful sexual contact of an adult,Otahuhu West.,NZ,Auckland Region,Auckland.,1/02/2024,0782200,Auckland Region,Teritorial Authority,Auckland,Polygon,Polygon,MultiPolygon,MultiPolygon,1,MultiPolygon,1
Auckland,Sexual Offences,Offensive sexual acts,Auckland Harbourside.,NZ,Auckland Region,Auckland.,1/03/2025,0432400,Auckland Region,Teritorial Authority,Auckland,Polygon,Polygon,MultiPolygon,MultiPolygon,1,MultiPolygon,1
Auckland,Sexual Offences,Unlawful sexual contact of an adult,Kingsland.,NZ,Auckland Region,Auckland.,1/11/2024,0530800,Auckland Region,Teritorial Authority,Auckland,Polygon,Polygon,MultiPolygon,MultiPolygon,1,MultiPolygon,1
Auckland,Sexual Offences,Unlawful sexual contact of an adult,Glenavon.,NZ,Auckland Region,Auckland.,1/05/2025,0381101,Auckland Region,Teritorial Authority,Auckland,Polygon,Polygon,MultiPolygon,MultiPolygon,1,MultiPolygon,1
Auckland,Sexual Offences,Unlawful sexual contact of an adult,Auckland Harbourside.,NZ,Auckland Region,Auckland.,1/02/2025,0432900,Auckland Region,Teritorial Authority,Auckland,Polygon,Polygon,MultiPolygon,MultiPolygon,1,MultiPolygon,1
Auckland,Sexual Offences,Unlawful sexual penetration of an adult,Auckland Central West.,NZ,Auckland Region,Auckland.,1/09/2024,0433600,Auckland Region,Teritorial Authority,Auckland,Polygon,Polygon,MultiPolygon,MultiPolygon,1,MultiPolygon,1
Auckland,Sexual Offences,Unlawful sexual contact of an adult,Otara East.,NZ,Auckland Region,Auckland.,1/01/2024,0701900,Auckland Region,Teritorial Authority,Auckland,Polygon,Polygon,MultiPolygon,MultiPolygon,1,MultiPolygon,1
Auckland,Sexual Offences,Unlawful sexual penetration of a child,Redoubt North.,NZ,Auckland Region,Auckland.,1/10/2023,0715704,Auckland Region,Teritorial Authority,Auckland,Polygon,Polygon,MultiPolygon,MultiPolygon,1,MultiPolygon,1
Auckland,Sexual Offences,Unlawful sexual contact of a child,One Tree Hill East.,NZ,Auckland Region,Auckland.,1/12/2024,0620300,Auckland Region,Teritorial Authority,Auckland,Polygon,Polygon,MultiPolygon,MultiPolygon,1,MultiPolygon,1
Auckland,Sexual Offences,Unlawful sexual contact of a child,Newmarket.,NZ,Auckland Region,Auckland.,1/11/2023,0450000,Auckland Region,Teritorial Authority,Auckland,Polygon,Polygon,MultiPolygon,MultiPolygon,1,MultiPolygon,1
Auckland,Sexual Offences,Unlawful sexual contact of an adult,Mangere Central.,NZ,Auckland Region,Auckland.,1/08/2023,0740000,Auckland Region,Teritorial Authority,Auckland,Polygon,Polygon,MultiPolygon,MultiPolygon,1,MultiPolygon,1
Auckland,Sexual Offences,Unlawful sexual penetration of a child,North Harbour West.,NZ,Auckland Region,Auckland.,1/01/2024,0180106,Auckland Region,Teritorial Authority,Auckland,Polygon,Polygon,MultiPolygon,MultiPolygon,1,MultiPolygon,1
Auckland,Sexual Offences,Unlawful sexual contact of an adult,Newmarket.,NZ,Auckland Region,Auckland.,1/10/2024,0449700,Auckland Region,Teritorial Authority,Auckland,Polygon,Polygon,MultiPolygon,MultiPolygon,1,MultiPolygon,1
Auckland,Sexual Offences,Unlawful sexual penetration of an adult,St Marys.,NZ,Auckland Region,Auckland.,1/05/2025,0426108,Auckland Region,Teritorial Authority,Auckland,Polygon,Polygon,MultiPolygon,MultiPolygon,1,MultiPolygon,1
Auckland,Sexual Offences,Unlawful sexual contact of an adult,Auckland Harbourside.,NZ,Auckland Region,Auckland.,1/02/2025,0433001,Auckland Region,Teritorial Authority,Auckland,Polygon,Polygon,MultiPolygon,MultiPolygon,1,MultiPolygon,1
Auckland,Sexual Offences,Unlawful sexual penetration of an adult,Roberton.,NZ,Auckland Region,Auckland.,1/10/2024,0382300,Auckland Region,Teritorial Authority,Auckland,Polygon,Polygon,MultiPolygon,MultiPolygon,1,MultiPolygon,1
Auckland,Sexual Offences,Unlawful sexual contact of an adult,Kingdale.,NZ,Auckland Region,Auckland.,1/01/2024,0230602,Auckland Region,Teritorial Authority,Auckland,Polygon,Polygon,MultiPolygon,MultiPolygon,1,MultiPolygon,1
Auckland,Sexual Offences,Unlawful sexual contact of an adult,Parnell West.,NZ,Auckland Region,Auckland.,1/08/2023,0454000,Auckland Region,Teritorial Authority,Auckland,Polygon,Polygon,MultiPolygon,MultiPolygon,1,MultiPolygon,1
Auckland,Sexual Offences,Unlawful sexual penetration of a child,Homai West.,NZ,Auckland Region,Auckland.,1/10/2023,0779400,Auckland Region,Teritorial Authority,Auckland,Polygon,Polygon,MultiPolygon,MultiPolygon,1,MultiPolygon,1
Auckland,Sexual Offences,Unlawful sexual contact of a child,Grey Lynn West.,NZ,Auckland Region,Auckland.,1/12/2024,0403600,Auckland Region,Teritorial Authority,Auckland,Polygon,Polygon,MultiPolygon,MultiPolygon,1,MultiPolygon,1
Auckland,Sexual Offences,Unlawful sexual contact of a child,Karekare.,NZ,Auckland Region,Auckland.,1/11/2023,0303101,Auckland Region,Teritorial Authority,Auckland,MultiPolygon,Polygon,MultiPolygon,MultiPolygon,1,MultiPolygon,1
Auckland,Sexual Offences,Unlawful sexual penetration of a child,Parakai Urban.,NZ,Auckland Region,Auckland.,1/08/2024,0210802,Auckland Region,Teritorial Authority,Auckland,Polygon,Polygon,MultiPolygon,MultiPolygon,1,MultiPolygon,1
Auckland,Sexual Offences,Unlawful sexual penetration of a child,Kaukapakapa Rural.,NZ,Auckland Region,Auckland.,1/08/2024,0211403,Auckland Region,Teritorial Authority,Auckland,MultiPolygon,Polygon,MultiPolygon,MultiPolygon,1,MultiPolygon,1
Auckland,Sexual Offences,Unlawful sexual contact of a child,Papakura North.,NZ,Auckland Region,Auckland.,1/01/2024,0790900,Auckland Region,Teritorial Authority,Auckland,Polygon,Polygon,MultiPolygon,MultiPolygon,1,MultiPolygon,1
Auckland,Sexual Offences,Unlawful sexual contact of an adult,Mt St John.,NZ,Auckland Region,Auckland.,1/10/2024,0615600,Auckland Region,Teritorial Authority,Auckland,Polygon,Polygon,MultiPolygon,MultiPolygon,1,MultiPolygon,1
Auckland,Sexual Offences,Unlawful sexual contact of an adult,Auckland Harbourside.,NZ,Auckland Region,Auckland.,1/06/2025,0433001,Auckland Region,Teritorial Authority,Auckland,Polygon,Polygon,MultiPolygon,MultiPolygon,1,MultiPolygon,1
Auckland,Sexual Offences,Unlawful sexual contact of an adult,Manukau Central.,NZ,Auckland Region,Auckland.,1/02/2025,0780209,Auckland Region,Teritorial Authority,Auckland,Polygon,Polygon,MultiPolygon,MultiPolygon,1,MultiPolygon,1
Auckland,Sexual Offences,Unlawful sexual contact of an adult,Auckland Central East.,NZ,Auckland Region,Auckland.,1/10/2024,0437702,Auckland Region,Teritorial Authority,Auckland,Polygon,Polygon,MultiPolygon,MultiPolygon,1,MultiPolygon,1
Auckland,Sexual Offences,Offensive sexual acts,St Johns.,NZ,Auckland Region,Auckland.,1/12/2023,0464000,Auckland Region,Teritorial Authority,Auckland,Polygon,Polygon,MultiPolygon,MultiPolygon,1,MultiPolygon,1
Auckland,Sexual Offences,Unlawful sexual contact of an adult,Puhinui South.,NZ,Auckland Region,Auckland.,1/09/2023,0780205,Auckland Region,Teritorial Authority,Auckland,Polygon,Polygon,MultiPolygon,MultiPolygon,1,MultiPolygon,1
Auckland,Sexual Offences,Unlawful sexual penetration of a child,Papatoetoe Central.,NZ,Auckland Region,Auckland.,1/10/2023,0665102,Auckland Region,Teritorial Authority,Auckland,Polygon,Polygon,MultiPolygon,MultiPolygon,1,MultiPolygon,1
Auckland,Sexual Offences,Unlawful sexual contact of a child,Mt Wellington Domain.,NZ,Auckland Region,Auckland.,1/03/2025,0626600,Auckland Region,Teritorial Authority,Auckland,Polygon,Polygon,MultiPolygon,MultiPolygon,1,MultiPolygon,1
Auckland,Sexual Offences,Unlawful sexual contact of an adult,Auckland Central West.,NZ,Auckland Region,Auckland.,1/05/2025,0435802,Auckland Region,Teritorial Authority,Auckland,Polygon,Polygon,MultiPolygon,MultiPolygon,1,MultiPolygon,1
Auckland,Sexual Offences,Unlawful sexual penetration of an adult,Auckland Harbourside.,NZ,Auckland Region,Auckland.,1/11/2023,0432900,Auckland Region,Teritorial Authority,Auckland,Polygon,Polygon,MultiPolygon,MultiPolygon,1,MultiPolygon,1
Auckland,Sexual Offences,Unlawful sexual penetration of a child,Swanson.,NZ,Auckland Region,Auckland.,1/09/2024,0238002,Auckland Region,Teritorial Authority,Auckland,Polygon,Polygon,MultiPolygon,MultiPolygon,1,MultiPolygon,1
Auckland,Sexual Offences,Unlawful sexual contact of a child,Papakura East.,NZ,Auckland Region,Auckland.,1/11/2023,0798500,Auckland Region,Teritorial Authority,Auckland,Polygon,Polygon,MultiPolygon,MultiPolygon,1,MultiPolygon,1
Auckland,Sexual Offences,Intimate image offences,Mcleod.,NZ,Auckland Region,Auckland.,1/10/2024,0258801,Auckland Region,Teritorial Authority,Auckland,Polygon,Polygon,MultiPolygon,MultiPolygon,1,MultiPolygon,1
Auckland,Sexual Offences,Intimate image offences,Whenuapai West.,NZ,Auckland Region,Auckland.,1/06/2025,0219900,Auckland Region,Teritorial Authority,Auckland,Polygon,Polygon,MultiPolygon,MultiPolygon,1,MultiPolygon,1
Auckland,Sexual Offences,Unlawful sexual contact of an adult,Mangere South.,NZ,Auckland Region,Auckland.,1/03/2025,0726400,Auckland Region,Teritorial Authority,Auckland,MultiPolygon,Polygon,MultiPolygon,MultiPolygon,1,MultiPolygon,1
Auckland,Sexual Offences,Unlawful sexual contact of an adult,Freemans Bay.,NZ,Auckland Region,Auckland.,1/04/2025,0417300,Auckland Region,Teritorial Authority,Auckland,Polygon,Polygon,MultiPolygon,MultiPolygon,1,MultiPolygon,1
Auckland,Sexual Offences,Unlawful sexual contact of an adult,Meadowland.,NZ,Auckland Region,Auckland.,1/12/2023,0711005,Auckland Region,Teritorial Authority,Auckland,Polygon,Polygon,MultiPolygon,MultiPolygon,1,MultiPolygon,1
Auckland,Sexual Offences,Unlawful sexual contact of an adult,Grey Lynn East.,NZ,Auckland Region,Auckland.,1/09/2023,0409200,Auckland Region,Teritorial Authority,Auckland,Polygon,Polygon,MultiPolygon,MultiPolygon,1,MultiPolygon,1
Auckland,Sexual Offences,Unlawful sexual contact of a child,Otara West.,NZ,Auckland Region,Auckland.,1/10/2023,0698400,Auckland Region,Teritorial Authority,Auckland,Polygon,Polygon,MultiPolygon,MultiPolygon,1,MultiPolygon,1
Auckland,Sexual Offences,Unlawful sexual contact of an adult,Otara North.,NZ,Auckland Region,Auckland.,1/11/2024,0700700,Auckland Region,Teritorial Authority,Auckland,Polygon,Polygon,MultiPolygon,MultiPolygon,1,MultiPolygon,1
Auckland,Sexual Offences,Unlawful sexual penetration of an adult,Pukekohe North.,NZ,Auckland Region,Auckland.,1/03/2024,0819200,Auckland Region,Teritorial Authority,Auckland,Polygon,Polygon,MultiPolygon,MultiPolygon,1,MultiPolygon,1
Auckland,Sexual Offences,Offensive sexual acts,Beachhaven South.,NZ,Auckland Region,Auckland.,1/04/2025,0344901,Auckland Region,Teritorial Authority,Auckland,Polygon,Polygon,MultiPolygon,MultiPolygon,1,MultiPolygon,1
Auckland,Sexual Offences,Unlawful sexual contact of an adult,Windsor Park.,NZ,Auckland Region,Auckland.,1/05/2025,0180813,Auckland Region,Teritorial Authority,Auckland,Polygon,Polygon,MultiPolygon,MultiPolygon,1,MultiPolygon,1
Auckland,Sexual Offences,Unlawful sexual contact of an adult,Mangere South.,NZ,Auckland Region,Auckland.,1/03/2025,0727200,Auckland Region,Teritorial Authority,Auckland,MultiPolygon,Polygon,MultiPolygon,MultiPolygon,1,MultiPolygon,1
Auckland,Sexual Offences,Unlawful sexual contact of an adult,Ponsonby East.,NZ,Auckland Region,Auckland.,1/04/2025,0431000,Auckland Region,Teritorial Authority,Auckland,Polygon,Polygon,MultiPolygon,MultiPolygon,1,MultiPolygon,1
Auckland,Sexual Offences,Unlawful sexual penetration of an adult,Auckland Central West.,NZ,Auckland Region,Auckland.,1/12/2023,0434300,Auckland Region,Teritorial Authority,Auckland,Polygon,Polygon,MultiPolygon,MultiPolygon,1,MultiPolygon,1
Auckland,Sexual Offences,Unlawful sexual contact of an adult,Mangere South.,NZ,Auckland Region,Auckland.,1/10/2023,0727200,Auckland Region,Teritorial Authority,Auckland,MultiPolygon,Polygon,MultiPolygon,MultiPolygon,1,MultiPolygon,1
Auckland,Sexual Offences,Unlawful sexual contact of a child,Redoubt South.,NZ,Auckland Region,Auckland.,1/10/2023,0760138,Auckland Region,Teritorial Authority,Auckland,Polygon,Polygon,MultiPolygon,MultiPolygon,1,MultiPolygon,1
Auckland,Sexual Offences,Offensive sexual acts,Dannemora.,NZ,Auckland Region,Auckland.,1/03/2025,0711709,Auckland Region,Teritorial Authority,Auckland,Polygon,Polygon,MultiPolygon,MultiPolygon,1,MultiPolygon,1
Auckland,Sexual Offences,Unlawful sexual penetration of an adult,Auckland Central West.,NZ,Auckland Region,Auckland.,1/11/2023,0434601,Auckland Region,Teritorial Authority,Auckland,Polygon,Polygon,MultiPolygon,MultiPolygon,1,MultiPolygon,1
Auckland,Sexual Offences,Unlawful sexual penetration of an adult,Point Chevalier South.,NZ,Auckland Region,Auckland.,1/10/2024,0390801,Auckland Region,Teritorial Authority,Auckland,Polygon,Polygon,MultiPolygon,MultiPolygon,1,MultiPolygon,1
Auckland,Sexual Offences,Unlawful sexual penetration of a child,Henderson North.,NZ,Auckland Region,Auckland.,1/09/2024,0239804,Auckland Region,Teritorial Authority,Auckland,Polygon,Polygon,MultiPolygon,MultiPolygon,1,MultiPolygon,1
Auckland,Sexual Offences,Child procurement or grooming,Akarana.,NZ,Auckland Region,Auckland.,1/12/2024,0581500,Auckland Region,Teritorial Authority,Auckland,Polygon,Polygon,MultiPolygon,MultiPolygon,2,MultiPolygon,2
Auckland,Sexual Offences,Intimate image offences,Mission Bay.,NZ,Auckland Region,Auckland.,1/01/2024,0501800,Auckland Region,Teritorial Authority,Auckland,Polygon,Polygon,MultiPolygon,MultiPolygon,3,MultiPolygon,3
Auckland,Sexual Offences,Offensive sexual acts,Whenuapai West.,NZ,Auckland Region,Auckland.,1/03/2024,0224000,Auckland Region,Teritorial Authority,Auckland,Polygon,Polygon,MultiPolygon,MultiPolygon,1,MultiPolygon,1
Auckland,Sexual Offences,Unlawful sexual contact of a child,Harania East.,NZ,Auckland Region,Auckland.,1/10/2023,0733000,Auckland Region,Teritorial Authority,Auckland,Polygon,Polygon,MultiPolygon,MultiPolygon,1,MultiPolygon,1
Auckland,Sexual Offences,Unlawful sexual penetration of a child,Auckland Central West.,NZ,Auckland Region,Auckland.,1/01/2025,0434701,Auckland Region,Teritorial Authority,Auckland,Polygon,Polygon,MultiPolygon,MultiPolygon,1,MultiPolygon,1
Auckland,Sexual Offences,Unlawful sexual penetration of an adult,Manurewa Central.,NZ,Auckland Region,Auckland.,1/06/2025,0752300,Auckland Region,Teritorial Authority,Auckland,Polygon,Polygon,MultiPolygon,MultiPolygon,1,MultiPolygon,1
Auckland,Sexual Offences,Unlawful sexual penetration of an adult,Rowandale.,NZ,Auckland Region,Auckland.,1/01/2025,0775817,Auckland Region,Teritorial Authority,Auckland,Polygon,Polygon,MultiPolygon,MultiPolygon,1,MultiPolygon,1
Auckland,Sexual Offences,Unlawful sexual penetration of an adult,Runciman.,NZ,Auckland Region,Auckland.,1/03/2024,0809104,Auckland Region,Teritorial Authority,Auckland,Polygon,Polygon,MultiPolygon,MultiPolygon,1,MultiPolygon,1
Auckland,Sexual Offences,Unlawful sexual penetration of a child,Westlake.,NZ,Auckland Region,Auckland.,1/11/2024,0307000,Auckland Region,Teritorial Authority,Auckland,Polygon,Polygon,MultiPolygon,MultiPolygon,1,MultiPolygon,1
Auckland,Sexual Offences,Unlawful sexual contact of an adult,Tuff Crater.,NZ,Auckland Region,Auckland.,1/05/2025,0365700,Auckland Region,Teritorial Authority,Auckland,Polygon,Polygon,MultiPolygon,MultiPolygon,1,MultiPolygon,1
Auckland,Sexual Offences,Unlawful sexual contact of a child,Hyperion.,NZ,Auckland Region,Auckland.,1/05/2024,0759739,Auckland Region,Teritorial Authority,Auckland,Polygon,Polygon,MultiPolygon,MultiPolygon,1,MultiPolygon,1
Auckland,Sexual Offences,Unlawful sexual contact of an adult,Auckland Central East.,NZ,Auckland Region,Auckland.,1/03/2025,0436700,Auckland Region,Teritorial Authority,Auckland,Polygon,Polygon,MultiPolygon,MultiPolygon,1,MultiPolygon,1
Auckland,Sexual Offences,Unlawful sexual penetration of an adult,Manukau Central.,NZ,Auckland Region,Auckland.,1/10/2024,0780204,Auckland Region,Teritorial Authority,Auckland,Polygon,Polygon,MultiPolygon,MultiPolygon,1,MultiPolygon,1
Auckland,Sexual Offences,Unlawful sexual contact of an adult,Hillpark.,NZ,Auckland Region,Auckland.,1/01/2024,0754200,Auckland Region,Teritorial Authority,Auckland,Polygon,Polygon,MultiPolygon,MultiPolygon,1,MultiPolygon,1
Auckland,Sexual Offences,Unlawful sexual contact of an adult,Rongomai.,NZ,Auckland Region,Auckland.,1/06/2025,0713005,Auckland Region,Teritorial Authority,Auckland,Polygon,Polygon,MultiPolygon,MultiPolygon,1,MultiPolygon,1
Auckland,Sexual Offences,Unlawful sexual contact of an adult,Aorere.,NZ,Auckland Region,Auckland.,1/01/2025,0744500,Auckland Region,Teritorial Authority,Auckland,Polygon,Polygon,MultiPolygon,MultiPolygon,1,MultiPolygon,1
Auckland,Sexual Offences,Unlawful sexual penetration of an adult,Papakura South.,NZ,Auckland Region,Auckland.,1/12/2023,0801300,Auckland Region,Teritorial Authority,Auckland,Polygon,Polygon,MultiPolygon,MultiPolygon,1,MultiPolygon,1
Auckland,Sexual Offences,Unlawful sexual penetration of an adult,Browns Bay.,NZ,Auckland Region,Auckland.,1/04/2024,0161000,Auckland Region,Teritorial Authority,Auckland,Polygon,Polygon,MultiPolygon,MultiPolygon,1,MultiPolygon,1
Auckland,Sexual Offences,Unlawful sexual contact of an adult,Henderson South.,NZ,Auckland Region,Auckland.,1/07/2025,0241900,Auckland Region,Teritorial Authority,Auckland,Polygon,Polygon,MultiPolygon,MultiPolygon,1,MultiPolygon,1
Auckland,Sexual Offences,Unlawful sexual penetration of a child,Pukekohe North.,NZ,Auckland Region,Auckland.,1/07/2024,0819200,Auckland Region,Teritorial Authority,Auckland,Polygon,Polygon,MultiPolygon,MultiPolygon,1,MultiPolygon,1
Auckland,Sexual Offences,Child procurement or grooming,Otahuhu West.,NZ,Auckland Region,Auckland.,1/10/2024,0785400,Auckland Region,Teritorial Authority,Auckland,Polygon,Polygon,MultiPolygon,MultiPolygon,1,MultiPolygon,1
Auckland,Sexual Offences,Intimate image offences,Ormiston.,NZ,Auckland Region,Auckland.,1/12/2023,0713100,Auckland Region,Teritorial Authority,Auckland,Polygon,Polygon,MultiPolygon,MultiPolygon,1,MultiPolygon,1
Auckland,Sexual Offences,Unlawful sexual penetration of an adult,Windsor Park.,NZ,Auckland Region,Auckland.,1/10/2023,0180866,Auckland Region,Teritorial Authority,Auckland,Polygon,Polygon,MultiPolygon,MultiPolygon,1,MultiPolygon,1
Auckland,Sexual Offences,Intimate image offences,St Marys.,NZ,Auckland Region,Auckland.,1/01/2024,0426108,Auckland Region,Teritorial Authority,Auckland,Polygon,Polygon,MultiPolygon,MultiPolygon,1,MultiPolygon,1
Auckland,Sexual Offences,Child procurement or grooming,Wiri.,NZ,Auckland Region,Auckland.,1/10/2024,0780416,Auckland Region,Teritorial Authority,Auckland,Polygon,Polygon,MultiPolygon,MultiPolygon,1,MultiPolygon,1
Auckland,Sexual Offences,Intimate image offences,Patumahoe.,NZ,Auckland Region,Auckland.,1/07/2025,0811600,Auckland Region,Teritorial Authority,Auckland,Polygon,Polygon,MultiPolygon,MultiPolygon,1,MultiPolygon,1
Auckland,Sexual Offences,Unlawful sexual contact of an adult,Drury.,NZ,Auckland Region,Auckland.,1/07/2024,0808402,Auckland Region,Teritorial Authority,Auckland,Polygon,Polygon,MultiPolygon,MultiPolygon,1,MultiPolygon,1
Auckland,Sexual Offences,Intimate image offences,Dannemora.,NZ,Auckland Region,Auckland.,1/07/2024,0711709,Auckland Region,Teritorial Authority,Auckland,Polygon,Polygon,MultiPolygon,MultiPolygon,1,MultiPolygon,1
Auckland,Sexual Offences,Intimate image offences,Donegal Park.,NZ,Auckland Region,Auckland.,1/01/2024,0713201,Auckland Region,Teritorial Authority,Auckland,Polygon,Polygon,MultiPolygon,MultiPolygon,1,MultiPolygon,1
Auckland,Sexual Offences,Unlawful sexual contact of an adult,Manukau Central.,NZ,Auckland Region,Auckland.,1/10/2023,0780210,Auckland Region,Teritorial Authority,Auckland,Polygon,Polygon,MultiPolygon,MultiPolygon,1,MultiPolygon,1
Auckland,Sexual Offences,Intimate image offences,Greenmount.,NZ,Auckland Region,Auckland.,1/09/2023,0711742,Auckland Region,Teritorial Authority,Auckland,Polygon,Polygon,MultiPolygon,MultiPolygon,1,MultiPolygon,1
Auckland,Sexual Offences,Unlawful sexual contact of an adult,Auckland Central West.,NZ,Auckland Region,Auckland.,1/10/2024,0435604,Auckland Region,Teritorial Authority,Auckland,Polygon,Polygon,MultiPolygon,MultiPolygon,1,MultiPolygon,1
Auckland,Sexual Offences,Unlawful sexual contact of an adult,Point Chevalier South.,NZ,Auckland Region,Auckland.,1/01/2025,0390900,Auckland Region,Teritorial Authority,Auckland,Polygon,Polygon,MultiPolygon,MultiPolygon,1,MultiPolygon,1
Auckland,Sexual Offences,Unlawful sexual penetration of an adult,Mt Eden North.,NZ,Auckland Region,Auckland.,1/06/2025,0542700,Auckland Region,Teritorial Authority,Auckland,Polygon,Polygon,MultiPolygon,MultiPolygon,1,MultiPolygon,1
Auckland,Sexual Offences,Unlawful sexual penetration of an adult,New Windsor.,NZ,Auckland Region,Auckland.,1/12/2024,0378201,Auckland Region,Teritorial Authority,Auckland,Polygon,Polygon,MultiPolygon,MultiPolygon,1,MultiPolygon,1
Auckland,Sexual Offences,Unlawful sexual contact of a child,Ferguson.,NZ,Auckland Region,Auckland.,1/05/2024,0708200,Auckland Region,Teritorial Authority,Auckland,Polygon,Polygon,MultiPolygon,MultiPolygon,1,MultiPolygon,1
Auckland,Sexual Offences,Unlawful sexual contact of a child,Manukau Central.,NZ,Auckland Region,Auckland.,1/01/2024,0780209,Auckland Region,Teritorial Authority,Auckland,Polygon,Polygon,MultiPolygon,MultiPolygon,1,MultiPolygon,1
Auckland,Sexual Offences,Unlawful sexual penetration of a child,Kingdale.,NZ,Auckland Region,Auckland.,1/08/2023,0234403,Auckland Region,Teritorial Authority,Auckland,Polygon,Polygon,MultiPolygon,MultiPolygon,1,MultiPolygon,1
Auckland,Sexual Offences,Offensive sexual acts,Auckland Central East.,NZ,Auckland Region,Auckland.,1/03/2024,0438000,Auckland Region,Teritorial Authority,Auckland,Polygon,Polygon,MultiPolygon,MultiPolygon,1,MultiPolygon,1
Auckland,Sexual Offences,Unlawful sexual penetration of an adult,Epsom South.,NZ,Auckland Region,Auckland.,1/10/2024,0447801,Auckland Region,Teritorial Authority,Auckland,Polygon,Polygon,MultiPolygon,MultiPolygon,1,MultiPolygon,1
Auckland,Sexual Offences,Unlawful sexual penetration of a child,Northcote South.,NZ,Auckland Region,Auckland.,1/03/2025,0361400,Auckland Region,Teritorial Authority,Auckland,Polygon,Polygon,MultiPolygon,MultiPolygon,1,MultiPolygon,1
Auckland,Sexual Offences,Unlawful sexual penetration of an adult,Auckland Harbourside.,NZ,Auckland Region,Auckland.,1/01/2025,0440114,Auckland Region,Teritorial Authority,Auckland,Polygon,Polygon,MultiPolygon,MultiPolygon,1,MultiPolygon,1
Auckland,Sexual Offences,Unlawful sexual contact of an adult,Otahuhu West.,NZ,Auckland Region,Auckland.,1/07/2025,0784200,Auckland Region,Teritorial Authority,Auckland,Polygon,Polygon,MultiPolygon,MultiPolygon,1,MultiPolygon,1
Auckland,Sexual Offences,Unlawful sexual penetration of a child,Oranga.,NZ,Auckland Region,Auckland.,1/01/2024,0604000,Auckland Region,Teritorial Authority,Auckland,Polygon,Polygon,MultiPolygon,MultiPolygon,1,MultiPolygon,1
Auckland,Sexual Offences,Child procurement or grooming,Newmarket.,NZ,Auckland Region,Auckland.,1/12/2024,0450500,Auckland Region,Teritorial Authority,Auckland,Polygon,Polygon,MultiPolygon,MultiPolygon,1,MultiPolygon,1
Auckland,Sexual Offences,Child procurement or grooming,Manurewa Central.,NZ,Auckland Region,Auckland.,1/04/2025,0751600,Auckland Region,Teritorial Authority,Auckland,Polygon,Polygon,MultiPolygon,MultiPolygon,1,MultiPolygon,1
Auckland,Sexual Offences,Unlawful sexual penetration of an adult,North Harbour West.,NZ,Auckland Region,Auckland.,1/08/2023,0179902,Auckland Region,Teritorial Authority,Auckland,Polygon,Polygon,MultiPolygon,MultiPolygon,1,MultiPolygon,1
Auckland,Sexual Offences,Offensive sexual acts,Grey Lynn East.,NZ,Auckland Region,Auckland.,1/10/2023,0409200,Auckland Region,Teritorial Authority,Auckland,Polygon,Polygon,MultiPolygon,MultiPolygon,1,MultiPolygon,1
Auckland,Sexual Offences,Unlawful sexual contact of an adult,Auckland Central East.,NZ,Auckland Region,Auckland.,1/05/2024,0438102,Auckland Region,Teritorial Authority,Auckland,Polygon,Polygon,MultiPolygon,MultiPolygon,1,MultiPolygon,1
Auckland,Sexual Offences,Unlawful sexual contact of an adult,Cape Rodney.,NZ,Auckland Region,Auckland.,1/11/2024,0135400,Auckland Region,Teritorial Authority,Auckland,MultiPolygon,Polygon,MultiPolygon,MultiPolygon,1,MultiPolygon,1
Auckland,Sexual Offences,Unlawful sexual contact of an adult,Wesley.,NZ,Auckland Region,Auckland.,1/03/2025,0579900,Auckland Region,Teritorial Authority,Auckland,Polygon,Polygon,MultiPolygon,MultiPolygon,1,MultiPolygon,1
Auckland,Sexual Offences,Unlawful sexual contact of an adult,Hillpark.,NZ,Auckland Region,Auckland.,1/11/2024,0757100,Auckland Region,Teritorial Authority,Auckland,Polygon,Polygon,MultiPolygon,MultiPolygon,1,MultiPolygon,1
Auckland,Sexual Offences,Unlawful sexual contact of a child,Highbrook.,NZ,Auckland Region,Auckland.,1/02/2024,0711600,Auckland Region,Teritorial Authority,Auckland,Polygon,Polygon,MultiPolygon,MultiPolygon,1,MultiPolygon,1
Auckland,Sexual Offences,Intimate image offences,Royal Oak.,NZ,Auckland Region,Auckland.,1/04/2024,0566100,Auckland Region,Teritorial Authority,Auckland,Polygon,Polygon,MultiPolygon,MultiPolygon,1,MultiPolygon,1
Auckland,Sexual Offences,Child procurement or grooming,Auckland Central East.,NZ,Auckland Region,Auckland.,1/07/2025,0438406,Auckland Region,Teritorial Authority,Auckland,Polygon,Polygon,MultiPolygon,MultiPolygon,1,MultiPolygon,1
Auckland,Sexual Offences,Offensive sexual acts,Auckland Central East.,NZ,Auckland Region,Auckland.,1/12/2023,0438106,Auckland Region,Teritorial Authority,Auckland,Polygon,Polygon,MultiPolygon,MultiPolygon,1,MultiPolygon,1
Auckland,Sexual Offences,Unlawful sexual contact of a child,Leabank.,NZ,Auckland Region,Auckland.,1/05/2024,0769900,Auckland Region,Teritorial Authority,Auckland,Polygon,Polygon,MultiPolygon,MultiPolygon,1,MultiPolygon,1
Auckland,Sexual Offences,Unlawful sexual penetration of an adult,Lynnmall.,NZ,Auckland Region,Auckland.,1/11/2023,0265100,Auckland Region,Teritorial Authority,Auckland,Polygon,Polygon,MultiPolygon,MultiPolygon,1,MultiPolygon,1
Auckland,Sexual Offences,Unlawful sexual penetration of an adult,Kaukapakapa Rural.,NZ,Auckland Region,Auckland.,1/09/2023,0211503,Auckland Region,Teritorial Authority,Auckland,MultiPolygon,Polygon,MultiPolygon,MultiPolygon,1,MultiPolygon,1
Auckland,Sexual Offences,Unlawful sexual penetration of a child,Harania North.,NZ,Auckland Region,Auckland.,1/02/2024,0734006,Auckland Region,Teritorial Authority,Auckland,Polygon,Polygon,MultiPolygon,MultiPolygon,1,MultiPolygon,1
Auckland,Sexual Offences,Unlawful sexual contact of an adult,Mt Wellington South.,NZ,Auckland Region,Auckland.,1/07/2024,0637500,Auckland Region,Teritorial Authority,Auckland,Polygon,Polygon,MultiPolygon,MultiPolygon,1,MultiPolygon,1
Auckland,Sexual Offences,Unlawful sexual contact of an adult,Orewa.,NZ,Auckland Region,Auckland.,1/10/2024,0171805,Auckland Region,Teritorial Authority,Auckland,MultiPolygon,Polygon,MultiPolygon,MultiPolygon,1,MultiPolygon,1
Auckland,Sexual Offences,Unlawful sexual contact of a child,Huapai.,NZ,Auckland Region,Auckland.,1/03/2025,0215000,Auckland Region,Teritorial Authority,Auckland,Polygon,Polygon,MultiPolygon,MultiPolygon,1,MultiPolygon,1
Auckland,Sexual Offences,Unlawful sexual penetration of an adult,St Marys.,NZ,Auckland Region,Auckland.,1/11/2024,0426108,Auckland Region,Teritorial Authority,Auckland,Polygon,Polygon,MultiPolygon,MultiPolygon,1,MultiPolygon,1
Auckland,Sexual Offences,Unlawful sexual penetration of a child,Otara South.,NZ,Auckland Region,Auckland.,1/02/2024,0708600,Auckland Region,Teritorial Authority,Auckland,Polygon,Polygon,MultiPolygon,MultiPolygon,1,MultiPolygon,1
Auckland,Sexual Offences,Intimate image offences,Wiri.,NZ,Auckland Region,Auckland.,1/03/2025,0780416,Auckland Region,Teritorial Authority,Auckland,Polygon,Polygon,MultiPolygon,MultiPolygon,1,MultiPolygon,1
Auckland,Sexual Offences,Intimate image offences,Auckland Central West.,NZ,Auckland Region,Auckland.,1/07/2025,0435900,Auckland Region,Teritorial Authority,Auckland,Polygon,Polygon,MultiPolygon,MultiPolygon,1,MultiPolygon,1
Auckland,Sexual Offences,Child procurement or grooming,Kingdale.,NZ,Auckland Region,Auckland.,1/11/2023,0233900,Auckland Region,Teritorial Authority,Auckland,Polygon,Polygon,MultiPolygon,MultiPolygon,1,MultiPolygon,1
Auckland,Sexual Offences,Offensive sexual acts,New Lynn South.,NZ,Auckland Region,Auckland.,1/08/2023,0268800,Auckland Region,Teritorial Authority,Auckland,Polygon,Polygon,MultiPolygon,MultiPolygon,1,MultiPolygon,1
Auckland,Sexual Offences,Unlawful sexual penetration of a child,Manukau Central.,NZ,Auckland Region,Auckland.,1/07/2024,0781200,Auckland Region,Teritorial Authority,Auckland,Polygon,Polygon,MultiPolygon,MultiPolygon,1,MultiPolygon,1
Auckland,Sexual Offences,Unlawful sexual penetration of an adult,Sunnybrae.,NZ,Auckland Region,Auckland.,1/03/2025,0202600,Auckland Region,Teritorial Authority,Auckland,Polygon,Polygon,MultiPolygon,MultiPolygon,1,MultiPolygon,1
Auckland,Sexual Offences,Unlawful sexual penetration of an adult,Kauri Park.,NZ,Auckland Region,Auckland.,1/05/2025,0351202,Auckland Region,Teritorial Authority,Auckland,Polygon,Polygon,MultiPolygon,MultiPolygon,1,MultiPolygon,1
Auckland,Sexual Offences,Unlawful sexual contact of a child,Leabank.,NZ,Auckland Region,Auckland.,1/11/2023,0772803,Auckland Region,Teritorial Authority,Auckland,Polygon,Polygon,MultiPolygon,MultiPolygon,1,MultiPolygon,1
Auckland,Sexual Offences,Offensive sexual acts,One Tree Hill Central.,NZ,Auckland Region,Auckland.,1/10/2024,0623300,Auckland Region,Teritorial Authority,Auckland,Polygon,Polygon,MultiPolygon,MultiPolygon,1,MultiPolygon,1
Auckland,Sexual Offences,Offensive sexual acts,Mangere Central.,NZ,Auckland Region,Auckland.,1/05/2025,0740500,Auckland Region,Teritorial Authority,Auckland,Polygon,Polygon,MultiPolygon,MultiPolygon,1,MultiPolygon,1
Auckland,Sexual Offences,Intimate image offences,North Harbour East.,NZ,Auckland Region,Auckland.,1/01/2024,0180810,Auckland Region,Teritorial Authority,Auckland,Polygon,Polygon,MultiPolygon,MultiPolygon,1,MultiPolygon,1
Auckland,Sexual Offences,Offensive sexual acts,Point View.,NZ,Auckland Region,Auckland.,1/08/2023,0712026,Auckland Region,Teritorial Authority,Auckland,Polygon,Polygon,MultiPolygon,MultiPolygon,1,MultiPolygon,1
Auckland,Sexual Offences,Unlawful sexual contact of an adult,Cape Rodney.,NZ,Auckland Region,Auckland.,1/09/2023,0144100,Auckland Region,Teritorial Authority,Auckland,MultiPolygon,Polygon,MultiPolygon,MultiPolygon,1,MultiPolygon,1
Auckland,Sexual Offences,Unlawful sexual penetration of a child,Three Kings.,NZ,Auckland Region,Auckland.,1/09/2023,0562200,Auckland Region,Teritorial Authority,Auckland,Polygon,Polygon,MultiPolygon,MultiPolygon,1,MultiPolygon,1
Auckland,Sexual Offences,Unlawful sexual penetration of an adult,Newton.,NZ,Auckland Region,Auckland.,1/07/2024,0412100,Auckland Region,Teritorial Authority,Auckland,Polygon,Polygon,MultiPolygon,MultiPolygon,1,MultiPolygon,1
Auckland,Sexual Offences,Unlawful sexual penetration of a child,Opaheke.,NZ,Auckland Region,Auckland.,1/10/2024,0802000,Auckland Region,Teritorial Authority,Auckland,Polygon,Polygon,MultiPolygon,MultiPolygon,1,MultiPolygon,1
Auckland,Sexual Offences,Unlawful sexual contact of an adult,Mascot.,NZ,Auckland Region,Auckland.,1/07/2024,0737500,Auckland Region,Teritorial Authority,Auckland,Polygon,Polygon,MultiPolygon,MultiPolygon,1,MultiPolygon,1
Auckland,Sexual Offences,Intimate image offences,Massey Park.,NZ,Auckland Region,Auckland.,1/03/2025,0797000,Auckland Region,Teritorial Authority,Auckland,Polygon,Polygon,MultiPolygon,MultiPolygon,1,MultiPolygon,1
Auckland,Sexual Offences,Offensive sexual acts,Auckland Central East.,NZ,Auckland Region,Auckland.,1/10/2023,0436700,Auckland Region,Teritorial Authority,Auckland,Polygon,Polygon,MultiPolygon,MultiPolygon,1,MultiPolygon,1
Auckland,Sexual Offences,Unlawful sexual penetration of an adult,Henderson North.,NZ,Auckland Region,Auckland.,1/10/2023,0239804,Auckland Region,Teritorial Authority,Auckland,Polygon,Polygon,MultiPolygon,MultiPolygon,1,MultiPolygon,1
Auckland,Sexual Offences,Unlawful sexual penetration of an adult,Meadowbank South.,NZ,Auckland Region,Auckland.,1/02/2024,0462808,Auckland Region,Teritorial Authority,Auckland,Polygon,Polygon,MultiPolygon,MultiPolygon,1,MultiPolygon,1
Auckland,Sexual Offences,Unlawful sexual contact of an adult,Otahuhu West.,NZ,Auckland Region,Auckland.,1/08/2024,0784000,Auckland Region,Teritorial Authority,Auckland,Polygon,Polygon,MultiPolygon,MultiPolygon,1,MultiPolygon,1
Auckland,Sexual Offences,Unlawful sexual contact of a child,Pukekohe West.,NZ,Auckland Region,Auckland.,1/02/2025,0820507,Auckland Region,Teritorial Authority,Auckland,Polygon,Polygon,MultiPolygon,MultiPolygon,1,MultiPolygon,1
Auckland,Sexual Offences,Offensive sexual acts,Whenuapai West.,NZ,Auckland Region,Auckland.,1/06/2024,0223400,Auckland Region,Teritorial Authority,Auckland,Polygon,Polygon,MultiPolygon,MultiPolygon,1,MultiPolygon,1
Auckland,Sexual Offences,Unlawful sexual penetration of a child,Kohuora.,NZ,Auckland Region,Auckland.,1/01/2025,0656000,Auckland Region,Teritorial Authority,Auckland,Polygon,Polygon,MultiPolygon,MultiPolygon,1,MultiPolygon,1
Auckland,Sexual Offences,Unlawful sexual penetration of an adult,Tuff Crater.,NZ,Auckland Region,Auckland.,1/11/2023,0366700,Auckland Region,Teritorial Authority,Auckland,Polygon,Polygon,MultiPolygon,MultiPolygon,1,MultiPolygon,1
Auckland,Sexual Offences,Unlawful sexual penetration of a child,Rongomai.,NZ,Auckland Region,Auckland.,1/11/2023,0714802,Auckland Region,Teritorial Authority,Auckland,Polygon,Polygon,MultiPolygon,MultiPolygon,1,MultiPolygon,1
Auckland,Sexual Offences,Unlawful sexual penetration of a child,Auckland Central East.,NZ,Auckland Region,Auckland.,1/11/2024,0437702,Auckland Region,Teritorial Authority,Auckland,Polygon,Polygon,MultiPolygon,MultiPolygon,1,MultiPolygon,1
Auckland,Sexual Offences,Unlawful sexual contact of a child,Dannemora.,NZ,Auckland Region,Auckland.,1/07/2025,0711709,Auckland Region,Teritorial Authority,Auckland,Polygon,Polygon,MultiPolygon,MultiPolygon,1,MultiPolygon,1
Auckland,Sexual Offences,Unlawful sexual contact of a child,Wakeling.,NZ,Auckland Region,Auckland.,1/12/2023,0252300,Auckland Region,Teritorial Authority,Auckland,Polygon,Polygon,MultiPolygon,MultiPolygon,1,MultiPolygon,1
Auckland,Sexual Offences,Offensive sexual acts,Ellerslie North.,NZ,Auckland Region,Auckland.,1/05/2024,0611100,Auckland Region,Teritorial Authority,Auckland,Polygon,Polygon,MultiPolygon,MultiPolygon,1,MultiPolygon,1
Auckland,Sexual Offences,Unlawful sexual penetration of an adult,Auckland Central West.,NZ,Auckland Region,Auckland.,1/08/2024,0434101,Auckland Region,Teritorial Authority,Auckland,Polygon,Polygon,MultiPolygon,MultiPolygon,1,MultiPolygon,1
Auckland,Sexual Offences,Unlawful sexual contact of a child,Papakura East.,NZ,Auckland Region,Auckland.,1/03/2025,0799106,Auckland Region,Teritorial Authority,Auckland,Polygon,Polygon,MultiPolygon,MultiPolygon,1,MultiPolygon,1
Auckland,Sexual Offences,Unlawful sexual penetration of a child,Cape Rodney.,NZ,Auckland Region,Auckland.,1/09/2024,0144600,Auckland Region,Teritorial Authority,Auckland,MultiPolygon,Polygon,MultiPolygon,MultiPolygon,1,MultiPolygon,1
Auckland,Sexual Offences,Unlawful sexual contact of a child,Sandringham West.,NZ,Auckland Region,Auckland.,1/02/2025,0540700,Auckland Region,Teritorial Authority,Auckland,Polygon,Polygon,MultiPolygon,MultiPolygon,1,MultiPolygon,1
Auckland,Sexual Offences,Unlawful sexual contact of an adult,Papakura North.,NZ,Auckland Region,Auckland.,1/11/2023,0791600,Auckland Region,Teritorial Authority,Auckland,Polygon,Polygon,MultiPolygon,MultiPolygon,1,MultiPolygon,1
Auckland,Sexual Offences,Offensive sexual acts,Ellerslie North.,NZ,Auckland Region,Auckland.,1/05/2024,0611200,Auckland Region,Teritorial Authority,Auckland,Polygon,Polygon,MultiPolygon,MultiPolygon,1,MultiPolygon,1
Auckland,Sexual Offences,Unlawful sexual penetration of a child,Waterview.,NZ,Auckland Region,Auckland.,1/11/2023,0384300,Auckland Region,Teritorial Authority,Auckland,Polygon,Polygon,MultiPolygon,MultiPolygon,1,MultiPolygon,1
Auckland,Sexual Offences,Unlawful sexual penetration of an adult,Mangere Central.,NZ,Auckland Region,Auckland.,1/10/2024,0740000,Auckland Region,Teritorial Authority,Auckland,Polygon,Polygon,MultiPolygon,MultiPolygon,1,MultiPolygon,1
Auckland,Sexual Offences,Unlawful sexual contact of a child,Manurewa Central.,NZ,Auckland Region,Auckland.,1/07/2025,0751600,Auckland Region,Teritorial Authority,Auckland,Polygon,Polygon,MultiPolygon,MultiPolygon,1,MultiPolygon,1
Auckland,Sexual Offences,Unlawful sexual penetration of an adult,Parrs Park West.,NZ,Auckland Region,Auckland.,1/12/2023,0278007,Auckland Region,Teritorial Authority,Auckland,Polygon,Polygon,MultiPolygon,MultiPolygon,1,MultiPolygon,1
Auckland,Sexual Offences,Unlawful sexual contact of a child,Fairdene.,NZ,Auckland Region,Auckland.,1/09/2023,0232502,Auckland Region,Teritorial Authority,Auckland,Polygon,Polygon,MultiPolygon,MultiPolygon,1,MultiPolygon,1
Auckland,Sexual Offences,Unlawful sexual contact of an adult,Auckland Harbourside.,NZ,Auckland Region,Auckland.,1/03/2024,0438214,Auckland Region,Teritorial Authority,Auckland,Polygon,Polygon,MultiPolygon,MultiPolygon,1,MultiPolygon,1
Auckland,Sexual Offences,Unlawful sexual contact of an adult,Papatoetoe Central.,NZ,Auckland Region,Auckland.,1/09/2023,0663500,Auckland Region,Teritorial Authority,Auckland,Polygon,Polygon,MultiPolygon,MultiPolygon,1,MultiPolygon,1
Auckland,Sexual Offences,Unlawful sexual penetration of an adult,Donegal Park.,NZ,Auckland Region,Auckland.,1/07/2025,0713300,Auckland Region,Teritorial Authority,Auckland,Polygon,Polygon,MultiPolygon,MultiPolygon,1,MultiPolygon,1
Auckland,Sexual Offences,Offensive sexual acts,Glen Innes East.,NZ,Auckland Region,Auckland.,1/05/2024,0472400,Auckland Region,Teritorial Authority,Auckland,Polygon,Polygon,MultiPolygon,MultiPolygon,1,MultiPolygon,1
Auckland,Sexual Offences,Unlawful sexual contact of a child,Mangere Bridge.,NZ,Auckland Region,Auckland.,1/03/2024,0724101,Auckland Region,Teritorial Authority,Auckland,Polygon,Polygon,MultiPolygon,MultiPolygon,1,MultiPolygon,1
Auckland,Sexual Offences,Unlawful sexual contact of an adult,Mt Eden North.,NZ,Auckland Region,Auckland.,1/12/2024,0542700,Auckland Region,Teritorial Authority,Auckland,Polygon,Polygon,MultiPolygon,MultiPolygon,1,MultiPolygon,1
Auckland,Sexual Offences,Unlawful sexual penetration of an adult,Manukau Central.,NZ,Auckland Region,Auckland.,1/07/2025,0780204,Auckland Region,Teritorial Authority,Auckland,Polygon,Polygon,MultiPolygon,MultiPolygon,1,MultiPolygon,1
Auckland,Sexual Offences,Unlawful sexual penetration of an adult,Henderson North.,NZ,Auckland Region,Auckland.,1/01/2024,0239900,Auckland Region,Teritorial Authority,Auckland,Polygon,Polygon,MultiPolygon,MultiPolygon,1,MultiPolygon,1
Auckland,Sexual Offences,Unlawful sexual penetration of an adult,Royal Heights.,NZ,Auckland Region,Auckland.,1/09/2023,0226105,Auckland Region,Teritorial Authority,Auckland,Polygon,Polygon,MultiPolygon,MultiPolygon,1,MultiPolygon,1
Auckland,Sexual Offences,Unlawful sexual contact of an adult,Otahuhu West.,NZ,Auckland Region,Auckland.,1/09/2024,0783800,Auckland Region,Teritorial Authority,Auckland,Polygon,Polygon,MultiPolygon,MultiPolygon,1,MultiPolygon,1
Auckland,Sexual Offences,Unlawful sexual contact of a child,Papatoetoe North.,NZ,Auckland Region,Auckland.,1/12/2024,0696102,Auckland Region,Teritorial Authority,Auckland,Polygon,Polygon,MultiPolygon,MultiPolygon,1,MultiPolygon,1
Auckland,Sexual Offences,Unlawful sexual penetration of an adult,Seacliffe.,NZ,Auckland Region,Auckland.,1/05/2024,0318200,Auckland Region,Teritorial Authority,Auckland,Polygon,Polygon,MultiPolygon,MultiPolygon,1,MultiPolygon,1
Auckland,Sexual Offences,Intimate image offences,Auckland Central East.,NZ,Auckland Region,Auckland.,1/11/2023,0438501,Auckland Region,Teritorial Authority,Auckland,Polygon,Polygon,MultiPolygon,MultiPolygon,1,MultiPolygon,1
Auckland,Sexual Offences,Offensive sexual acts,Otara North.,NZ,Auckland Region,Auckland.,1/09/2024,0700700,Auckland Region,Teritorial Authority,Auckland,Polygon,Polygon,MultiPolygon,MultiPolygon,1,MultiPolygon,1
Auckland,Sexual Offences,Unlawful sexual contact of a child,Glen Innes West.,NZ,Auckland Region,Auckland.,1/12/2023,0469600,Auckland Region,Teritorial Authority,Auckland,Polygon,Polygon,MultiPolygon,MultiPolygon,1,MultiPolygon,1
Auckland,Sexual Offences,Child procurement or grooming,Stanmore Bay East.,NZ,Auckland Region,Auckland.,1/03/2025,0173502,Auckland Region,Teritorial Authority,Auckland,Polygon,Polygon,MultiPolygon,MultiPolygon,1,MultiPolygon,1
Auckland,Sexual Offences,Intimate image offences,Kauri Park.,NZ,Auckland Region,Auckland.,1/05/2025,0350901,Auckland Region,Teritorial Authority,Auckland,Polygon,Polygon,MultiPolygon,MultiPolygon,1,MultiPolygon,1
Auckland,Sexual Offences,Offensive sexual acts,Auckland Central West.,NZ,Auckland Region,Auckland.,1/01/2024,0433801,Auckland Region,Teritorial Authority,Auckland,Polygon,Polygon,MultiPolygon,MultiPolygon,1,MultiPolygon,1
Auckland,Sexual Offences,Offensive sexual acts,Papatoetoe North.,NZ,Auckland Region,Auckland.,1/06/2024,0663200,Auckland Region,Teritorial Authority,Auckland,Polygon,Polygon,MultiPolygon,MultiPolygon,2,MultiPolygon,2
Auckland,Sexual Offences,Unlawful sexual penetration of a child,Papatoetoe North.,NZ,Auckland Region,Auckland.,1/12/2024,0696102,Auckland Region,Teritorial Authority,Auckland,Polygon,Polygon,MultiPolygon,MultiPolygon,1,MultiPolygon,1
Auckland,Sexual Offences,Unlawful sexual contact of an adult,Auckland Central West.,NZ,Auckland Region,Auckland.,1/01/2024,0434701,Auckland Region,Teritorial Authority,Auckland,Polygon,Polygon,MultiPolygon,MultiPolygon,1,MultiPolygon,1
Auckland,Sexual Offences,Unlawful sexual contact of an adult,Auckland Central West.,NZ,Auckland Region,Auckland.,1/10/2023,0434105,Auckland Region,Teritorial Authority,Auckland,Polygon,Polygon,MultiPolygon,MultiPolygon,1,MultiPolygon,1
Auckland,Sexual Offences,Unlawful sexual contact of a child,Pukekohe North.,NZ,Auckland Region,Auckland.,1/05/2024,0816504,Auckland Region,Teritorial Authority,Auckland,Polygon,Polygon,MultiPolygon,MultiPolygon,1,MultiPolygon,1
Auckland,Sexual Offences,Offensive sexual acts,Pakuranga Central.,NZ,Auckland Region,Auckland.,1/11/2023,0684000,Auckland Region,Teritorial Authority,Auckland,Polygon,Polygon,MultiPolygon,MultiPolygon,1,MultiPolygon,1
Auckland,Sexual Offences,Offensive sexual acts,Fruitvale.,NZ,Auckland Region,Auckland.,1/10/2024,0264400,Auckland Region,Teritorial Authority,Auckland,Polygon,Polygon,MultiPolygon,MultiPolygon,1,MultiPolygon,1
Auckland,Sexual Offences,Unlawful sexual penetration of an adult,Parnell West.,NZ,Auckland Region,Auckland.,1/02/2024,0453000,Auckland Region,Teritorial Authority,Auckland,Polygon,Polygon,MultiPolygon,MultiPolygon,1,MultiPolygon,1
Auckland,Sexual Offences,Unlawful sexual penetration of a child,Hyperion.,NZ,Auckland Region,Auckland.,1/05/2024,0759739,Auckland Region,Teritorial Authority,Auckland,Polygon,Polygon,MultiPolygon,MultiPolygon,1,MultiPolygon,1
Auckland,Sexual Offences,Child procurement or grooming,Hobsonville East.,NZ,Auckland Region,Auckland.,1/04/2025,0221802,Auckland Region,Teritorial Authority,Auckland,Polygon,Polygon,MultiPolygon,MultiPolygon,1,MultiPolygon,1
Auckland,Sexual Offences,Offensive sexual acts,Glendene South.,NZ,Auckland Region,Auckland.,1/05/2025,0273201,Auckland Region,Teritorial Authority,Auckland,Polygon,Polygon,MultiPolygon,MultiPolygon,1,MultiPolygon,1
Auckland,Sexual Offences,Unlawful sexual contact of a child,Onehunga South East.,NZ,Auckland Region,Auckland.,1/01/2024,0601000,Auckland Region,Teritorial Authority,Auckland,Polygon,Polygon,MultiPolygon,MultiPolygon,1,MultiPolygon,1
Auckland,Sexual Offences,Offensive sexual acts,Hobsonville East.,NZ,Auckland Region,Auckland.,1/08/2024,0221802,Auckland Region,Teritorial Authority,Auckland,Polygon,Polygon,MultiPolygon,MultiPolygon,1,MultiPolygon,1
Auckland,Sexual Offences,Unlawful sexual penetration of an adult,Green Bay.,NZ,Auckland Region,Auckland.,1/11/2024,0290300,Auckland Region,Teritorial Authority,Auckland,Polygon,Polygon,MultiPolygon,MultiPolygon,1,MultiPolygon,1
Auckland,Sexual Offences,Unlawful sexual contact of an adult,Papatoetoe Central.,NZ,Auckland Region,Auckland.,1/01/2025,0663500,Auckland Region,Teritorial Authority,Auckland,Polygon,Polygon,MultiPolygon,MultiPolygon,1,MultiPolygon,1
Auckland,Sexual Offences,Unlawful sexual contact of an adult,Mt Albert Central.,NZ,Auckland Region,Auckland.,1/10/2023,0526700,Auckland Region,Teritorial Authority,Auckland,Polygon,Polygon,MultiPolygon,MultiPolygon,1,MultiPolygon,1
Auckland,Sexual Offences,Offensive sexual acts,Newton.,NZ,Auckland Region,Auckland.,1/12/2024,0411900,Auckland Region,Teritorial Authority,Auckland,Polygon,Polygon,MultiPolygon,MultiPolygon,1,MultiPolygon,1
Auckland,Sexual Offences,Unlawful sexual penetration of an adult,Sunnyhills.,NZ,Auckland Region,Auckland.,1/02/2024,0695002,Auckland Region,Teritorial Authority,Auckland,Polygon,Polygon,MultiPolygon,MultiPolygon,1,MultiPolygon,1
Auckland,Sexual Offences,Unlawful sexual contact of a child,Hyperion.,NZ,Auckland Region,Auckland.,1/09/2024,0759732,Auckland Region,Teritorial Authority,Auckland,Polygon,Polygon,MultiPolygon,MultiPolygon,1,MultiPolygon,1
Auckland,Sexual Offences,Unlawful sexual penetration of a child,Tauhoa-Puhoi.,NZ,Auckland Region,Auckland.,1/04/2025,0144900,Auckland Region,Teritorial Authority,Auckland,MultiPolygon,Polygon,MultiPolygon,MultiPolygon,1,MultiPolygon,1
Auckland,Sexual Offences,Unlawful sexual contact of a child,Albany.,NZ,Auckland Region,Auckland.,1/05/2025,0178900,Auckland Region,Teritorial Authority,Auckland,Polygon,Polygon,MultiPolygon,MultiPolygon,1,MultiPolygon,1
Auckland,Sexual Offences,Unlawful sexual penetration of an adult,Auckland Harbourside.,NZ,Auckland Region,Auckland.,1/10/2023,0438214,Auckland Region,Teritorial Authority,Auckland,Polygon,Polygon,MultiPolygon,MultiPolygon,1,MultiPolygon,1
Auckland,Sexual Offences,Unlawful sexual penetration of an adult,Newton.,NZ,Auckland Region,Auckland.,1/11/2023,0412302,Auckland Region,Teritorial Authority,Auckland,Polygon,Polygon,MultiPolygon,MultiPolygon,1,MultiPolygon,1
Auckland,Sexual Offences,Unlawful sexual contact of an adult,Parrs Park West.,NZ,Auckland Region,Auckland.,1/03/2025,0278105,Auckland Region,Teritorial Authority,Auckland,Polygon,Polygon,MultiPolygon,MultiPolygon,1,MultiPolygon,1
Auckland,Sexual Offences,Unlawful sexual contact of an adult,Clendon North.,NZ,Auckland Region,Auckland.,1/10/2024,0774402,Auckland Region,Teritorial Authority,Auckland,Polygon,Polygon,MultiPolygon,MultiPolygon,1,MultiPolygon,1
Auckland,Sexual Offences,Unlawful sexual contact of an adult,Auckland Central West.,NZ,Auckland Region,Auckland.,1/01/2025,0432602,Auckland Region,Teritorial Authority,Auckland,Polygon,Polygon,MultiPolygon,MultiPolygon,1,MultiPolygon,1
Auckland,Sexual Offences,Offensive sexual acts,Remuera South.,NZ,Auckland Region,Auckland.,1/07/2025,0492400,Auckland Region,Teritorial Authority,Auckland,Polygon,Polygon,MultiPolygon,MultiPolygon,1,MultiPolygon,1
Auckland,Sexual Offences,Unlawful sexual contact of an adult,Point Chevalier West.,NZ,Auckland Region,Auckland.,1/03/2024,0392100,Auckland Region,Teritorial Authority,Auckland,Polygon,Polygon,MultiPolygon,MultiPolygon,1,MultiPolygon,1
Auckland,Sexual Offences,Unlawful sexual contact of a child,Kaukapakapa Rural.,NZ,Auckland Region,Auckland.,1/04/2024,0212403,Auckland Region,Teritorial Authority,Auckland,MultiPolygon,Polygon,MultiPolygon,MultiPolygon,1,MultiPolygon,1
Auckland,Sexual Offences,Unlawful sexual penetration of a child,Otara North.,NZ,Auckland Region,Auckland.,1/11/2024,0700700,Auckland Region,Teritorial Authority,Auckland,Polygon,Polygon,MultiPolygon,MultiPolygon,1,MultiPolygon,1
Auckland,Sexual Offences,Unlawful sexual contact of a child,Parakai Urban.,NZ,Auckland Region,Auckland.,1/05/2025,0210802,Auckland Region,Teritorial Authority,Auckland,Polygon,Polygon,MultiPolygon,MultiPolygon,1,MultiPolygon,1
Auckland,Sexual Offences,Intimate image offences,Mission Bay.,NZ,Auckland Region,Auckland.,1/02/2024,0501800,Auckland Region,Teritorial Authority,Auckland,Polygon,Polygon,MultiPolygon,MultiPolygon,2,MultiPolygon,2
Auckland,Sexual Offences,Unlawful sexual contact of an adult,Auckland Central East.,NZ,Auckland Region,Auckland.,1/11/2023,0437200,Auckland Region,Teritorial Authority,Auckland,Polygon,Polygon,MultiPolygon,MultiPolygon,1,MultiPolygon,1
Auckland,Sexual Offences,Unlawful sexual contact of an adult,Clevedon.,NZ,Auckland Region,Auckland.,1/07/2024,0762800,Auckland Region,Teritorial Authority,Auckland,Polygon,Polygon,MultiPolygon,MultiPolygon,1,MultiPolygon,1
Auckland,Sexual Offences,Unlawful sexual contact of an adult,Auckland Central West.,NZ,Auckland Region,Auckland.,1/10/2024,0435000,Auckland Region,Teritorial Authority,Auckland,Polygon,Polygon,MultiPolygon,MultiPolygon,1,MultiPolygon,1
Auckland,Sexual Offences,Unlawful sexual penetration of an adult,Otahuhu West.,NZ,Auckland Region,Auckland.,1/02/2025,0782600,Auckland Region,Teritorial Authority,Auckland,Polygon,Polygon,MultiPolygon,MultiPolygon,1,MultiPolygon,1
Auckland,Sexual Offences,Unlawful sexual contact of a child,Mangere South.,NZ,Auckland Region,Auckland.,1/12/2023,0727200,Auckland Region,Teritorial Authority,Auckland,MultiPolygon,Polygon,MultiPolygon,MultiPolygon,1,MultiPolygon,1
Auckland,Sexual Offences,Unlawful sexual penetration of a child,Manurewa East.,NZ,Auckland Region,Auckland.,1/08/2023,0758200,Auckland Region,Teritorial Authority,Auckland,Polygon,Polygon,MultiPolygon,MultiPolygon,1,MultiPolygon,1
Auckland,Sexual Offences,Unlawful sexual contact of a child,Henderson South.,NZ,Auckland Region,Auckland.,1/02/2024,0242700,Auckland Region,Teritorial Authority,Auckland,Polygon,Polygon,MultiPolygon,MultiPolygon,1,MultiPolygon,1
Auckland,Sexual Offences,Unlawful sexual penetration of an adult,Auckland Central East.,NZ,Auckland Region,Auckland.,1/12/2023,0438106,Auckland Region,Teritorial Authority,Auckland,Polygon,Polygon,MultiPolygon,MultiPolygon,1,MultiPolygon,1
Auckland,Sexual Offences,Offensive sexual acts,Leabank.,NZ,Auckland Region,Auckland.,1/06/2024,0771500,Auckland Region,Teritorial Authority,Auckland,Polygon,Polygon,MultiPolygon,MultiPolygon,1,MultiPolygon,1
Auckland,Sexual Offences,Unlawful sexual contact of an adult,Aorere.,NZ,Auckland Region,Auckland.,1/02/2025,0745800,Auckland Region,Teritorial Authority,Auckland,Polygon,Polygon,MultiPolygon,MultiPolygon,1,MultiPolygon,1
Auckland,Sexual Offences,Unlawful sexual contact of an adult,Freemans Bay.,NZ,Auckland Region,Auckland.,1/02/2025,0415000,Auckland Region,Teritorial Authority,Auckland,Polygon,Polygon,MultiPolygon,MultiPolygon,1,MultiPolygon,1
Auckland,Sexual Offences,Unlawful sexual contact of an adult,Ormiston.,NZ,Auckland Region,Auckland.,1/10/2024,0717201,Auckland Region,Teritorial Authority,Auckland,Polygon,Polygon,MultiPolygon,MultiPolygon,1,MultiPolygon,1
Auckland,Sexual Offences,Child procurement or grooming,Sunnynook.,NZ,Auckland Region,Auckland.,1/01/2024,0192000,Auckland Region,Teritorial Authority,Auckland,Polygon,Polygon,MultiPolygon,MultiPolygon,1,MultiPolygon,1
Auckland,Sexual Offences,Unlawful sexual penetration of an adult,Orewa.,NZ,Auckland Region,Auckland.,1/04/2025,0172207,Auckland Region,Teritorial Authority,Auckland,MultiPolygon,Polygon,MultiPolygon,MultiPolygon,1,MultiPolygon,1
Auckland,Sexual Offences,Unlawful sexual contact of an adult,Ferndale.,NZ,Auckland Region,Auckland.,1/05/2025,0643500,Auckland Region,Teritorial Authority,Auckland,Polygon,Polygon,MultiPolygon,MultiPolygon,1,MultiPolygon,1
Auckland,Sexual Offences,Unlawful sexual contact of an adult,Beachhaven North.,NZ,Auckland Region,Auckland.,1/05/2025,0341500,Auckland Region,Teritorial Authority,Auckland,Polygon,Polygon,MultiPolygon,MultiPolygon,1,MultiPolygon,1
Auckland,Sexual Offences,Unlawful sexual penetration of a child,Mt Wellington North.,NZ,Auckland Region,Auckland.,1/09/2023,0627207,Auckland Region,Teritorial Authority,Auckland,Polygon,Polygon,MultiPolygon,MultiPolygon,1,MultiPolygon,1
Auckland,Sexual Offences,Unlawful sexual penetration of an adult,Takapuna Central.,NZ,Auckland Region,Auckland.,1/03/2024,0325900,Auckland Region,Teritorial Authority,Auckland,Polygon,Polygon,MultiPolygon,MultiPolygon,1,MultiPolygon,1
Auckland,Sexual Offences,Unlawful sexual contact of an adult,Meadowbank South.,NZ,Auckland Region,Auckland.,1/01/2024,0462900,Auckland Region,Teritorial Authority,Auckland,Polygon,Polygon,MultiPolygon,MultiPolygon,1,MultiPolygon,1
Auckland,Sexual Offences,Offensive sexual acts,Newmarket.,NZ,Auckland Region,Auckland.,1/06/2024,0451000,Auckland Region,Teritorial Authority,Auckland,Polygon,Polygon,MultiPolygon,MultiPolygon,1,MultiPolygon,1
Auckland,Sexual Offences,Unlawful sexual contact of an adult,Auckland Central East.,NZ,Auckland Region,Auckland.,1/12/2024,0436203,Auckland Region,Teritorial Authority,Auckland,Polygon,Polygon,MultiPolygon,MultiPolygon,1,MultiPolygon,1
Auckland,Sexual Offences,Unlawful sexual contact of an adult,Grafton East.,NZ,Auckland Region,Auckland.,1/02/2025,0442400,Auckland Region,Teritorial Authority,Auckland,Polygon,Polygon,MultiPolygon,MultiPolygon,1,MultiPolygon,1
Auckland,Sexual Offences,Child procurement or grooming,Wattle Farm.,NZ,Auckland Region,Auckland.,1/07/2024,0769048,Auckland Region,Teritorial Authority,Auckland,Polygon,Polygon,MultiPolygon,MultiPolygon,1,MultiPolygon,1
Auckland,Sexual Offences,Unlawful sexual penetration of an adult,Silverdale Central.,NZ,Auckland Region,Auckland.,1/11/2023,0176505,Auckland Region,Teritorial Authority,Auckland,Polygon,Polygon,MultiPolygon,MultiPolygon,1,MultiPolygon,1
Auckland,Sexual Offences,Unlawful sexual contact of an adult,Hobsonville East.,NZ,Auckland Region,Auckland.,1/12/2024,0223802,Auckland Region,Teritorial Authority,Auckland,Polygon,Polygon,MultiPolygon,MultiPolygon,1,MultiPolygon,1
Auckland,Sexual Offences,Unlawful sexual penetration of an adult,Grafton West.,NZ,Auckland Region,Auckland.,1/05/2025,0440800,Auckland Region,Teritorial Authority,Auckland,Polygon,Polygon,MultiPolygon,MultiPolygon,1,MultiPolygon,1
Auckland,Sexual Offences,Unlawful sexual contact of an adult,Mangere Station.,NZ,Auckland Region,Auckland.,1/12/2024,0750000,Auckland Region,Teritorial Authority,Auckland,Polygon,Polygon,MultiPolygon,MultiPolygon,1,MultiPolygon,1
Auckland,Sexual Offences,Unlawful sexual penetration of an adult,Panmure Basin.,NZ,Auckland Region,Auckland.,1/02/2025,0629301,Auckland Region,Teritorial Authority,Auckland,Polygon,Polygon,MultiPolygon,MultiPolygon,1,MultiPolygon,1
Auckland,Sexual Offences,Child procurement or grooming,Pakuranga North.,NZ,Auckland Region,Auckland.,1/08/2024,0694502,Auckland Region,Teritorial Authority,Auckland,Polygon,Polygon,MultiPolygon,MultiPolygon,1,MultiPolygon,1
Auckland,Sexual Offences,Unlawful sexual contact of an adult,Albany.,NZ,Auckland Region,Auckland.,1/12/2023,0178900,Auckland Region,Teritorial Authority,Auckland,Polygon,Polygon,MultiPolygon,MultiPolygon,1,MultiPolygon,1
Auckland,Sexual Offences,Intimate image offences,Mangere East.,NZ,Auckland Region,Auckland.,1/12/2024,0656800,Auckland Region,Teritorial Authority,Auckland,Polygon,Polygon,MultiPolygon,MultiPolygon,1,MultiPolygon,1
Auckland,Sexual Offences,Unlawful sexual contact of a child,Manurewa Central.,NZ,Auckland Region,Auckland.,1/10/2023,0751500,Auckland Region,Teritorial Authority,Auckland,Polygon,Polygon,MultiPolygon,MultiPolygon,1,MultiPolygon,1
Auckland,Sexual Offences,Child procurement or grooming,Pukekohe West.,NZ,Auckland Region,Auckland.,1/09/2023,0822704,Auckland Region,Teritorial Authority,Auckland,Polygon,Polygon,MultiPolygon,MultiPolygon,1,MultiPolygon,1
Auckland,Sexual Offences,Unlawful sexual contact of an adult,Auckland Central West.,NZ,Auckland Region,Auckland.,1/11/2023,0435802,Auckland Region,Teritorial Authority,Auckland,Polygon,Polygon,MultiPolygon,MultiPolygon,1,MultiPolygon,1
Auckland,Sexual Offences,Intimate image offences,Albany.,NZ,Auckland Region,Auckland.,1/11/2023,0179000,Auckland Region,Teritorial Authority,Auckland,Polygon,Polygon,MultiPolygon,MultiPolygon,1,MultiPolygon,1
Auckland,Sexual Offences,Unlawful sexual contact of a child,Auckland Central West.,NZ,Auckland Region,Auckland.,1/01/2025,0433200,Auckland Region,Teritorial Authority,Auckland,Polygon,Polygon,MultiPolygon,MultiPolygon,1,MultiPolygon,1
Auckland,Sexual Offences,Unlawful sexual contact of an adult,Auckland Harbourside.,NZ,Auckland Region,Auckland.,1/04/2024,0433005,Auckland Region,Teritorial Authority,Auckland,Polygon,Polygon,MultiPolygon,MultiPolygon,1,MultiPolygon,1
Auckland,Sexual Offences,Unlawful sexual contact of a child,Leabank.,NZ,Auckland Region,Auckland.,1/03/2025,0772903,Auckland Region,Teritorial Authority,Auckland,Polygon,Polygon,MultiPolygon,MultiPolygon,1,MultiPolygon,1
Auckland,Sexual Offences,Unlawful sexual contact of a child,Leabank.,NZ,Auckland Region,Auckland.,1/08/2024,0772601,Auckland Region,Teritorial Authority,Auckland,Polygon,Polygon,MultiPolygon,MultiPolygon,1,MultiPolygon,1
Auckland,Sexual Offences,Intimate image offences,Pukekohe North.,NZ,Auckland Region,Auckland.,1/09/2023,0817600,Auckland Region,Teritorial Authority,Auckland,Polygon,Polygon,MultiPolygon,MultiPolygon,1,MultiPolygon,1
Auckland,Sexual Offences,Unlawful sexual contact of an adult,Otahuhu West.,NZ,Auckland Region,Auckland.,1/11/2023,0786300,Auckland Region,Teritorial Authority,Auckland,Polygon,Polygon,MultiPolygon,MultiPolygon,1,MultiPolygon,1
Auckland,Sexual Offences,Unlawful sexual contact of an adult,Mangere Bridge.,NZ,Auckland Region,Auckland.,1/03/2025,0725900,Auckland Region,Teritorial Authority,Auckland,Polygon,Polygon,MultiPolygon,MultiPolygon,1,MultiPolygon,1
Auckland,Sexual Offences,Unlawful sexual contact of an adult,Clendon North.,NZ,Auckland Region,Auckland.,1/03/2025,0774446,Auckland Region,Teritorial Authority,Auckland,Polygon,Polygon,MultiPolygon,MultiPolygon,1,MultiPolygon,1
Auckland,Sexual Offences,Unlawful sexual penetration of a child,Manurewa Central.,NZ,Auckland Region,Auckland.,1/05/2024,0750300,Auckland Region,Teritorial Authority,Auckland,Polygon,Polygon,MultiPolygon,MultiPolygon,1,MultiPolygon,1
Auckland,Sexual Offences,Unlawful sexual contact of an adult,Glenfield North.,NZ,Auckland Region,Auckland.,1/12/2023,0196900,Auckland Region,Teritorial Authority,Auckland,Polygon,Polygon,MultiPolygon,MultiPolygon,1,MultiPolygon,1
Auckland,Sexual Offences,Unlawful sexual penetration of a child,Ranui South.,NZ,Auckland Region,Auckland.,1/10/2024,0236201,Auckland Region,Teritorial Authority,Auckland,Polygon,Polygon,MultiPolygon,MultiPolygon,1,MultiPolygon,1
Auckland,Sexual Offences,Unlawful sexual contact of an adult,Mt Eden North.,NZ,Auckland Region,Auckland.,1/03/2025,0542700,Auckland Region,Teritorial Authority,Auckland,Polygon,Polygon,MultiPolygon,MultiPolygon,1,MultiPolygon,1
Auckland,Sexual Offences,Unlawful sexual contact of a child,Bucklands Beach South.,NZ,Auckland Region,Auckland.,1/05/2024,0677700,Auckland Region,Teritorial Authority,Auckland,Polygon,Polygon,MultiPolygon,MultiPolygon,1,MultiPolygon,1
Auckland,Sexual Offences,Unlawful sexual contact of an adult,Auckland Central East.,NZ,Auckland Region,Auckland.,1/10/2024,0437102,Auckland Region,Teritorial Authority,Auckland,Polygon,Polygon,MultiPolygon,MultiPolygon,1,MultiPolygon,1
Auckland,Sexual Offences,Unlawful sexual penetration of a child,Dingwall.,NZ,Auckland Region,Auckland.,1/05/2024,0666302,Auckland Region,Teritorial Authority,Auckland,Polygon,Polygon,MultiPolygon,MultiPolygon,1,MultiPolygon,1
Auckland,Sexual Offences,Unlawful sexual penetration of a child,Greenmount.,NZ,Auckland Region,Auckland.,1/09/2024,0711902,Auckland Region,Teritorial Authority,Auckland,Polygon,Polygon,MultiPolygon,MultiPolygon,1,MultiPolygon,1
Auckland,Sexual Offences,Unlawful sexual penetration of an adult,Wellsford.,NZ,Auckland Region,Auckland.,1/12/2023,0142500,Auckland Region,Teritorial Authority,Auckland,Polygon,Polygon,MultiPolygon,MultiPolygon,1,MultiPolygon,1
Auckland,Sexual Offences,Unlawful sexual contact of an adult,Pukekohe North.,NZ,Auckland Region,Auckland.,1/09/2023,0816600,Auckland Region,Teritorial Authority,Auckland,Polygon,Polygon,MultiPolygon,MultiPolygon,1,MultiPolygon,1
Auckland,Sexual Offences,Unlawful sexual contact of an adult,Wiri.,NZ,Auckland Region,Auckland.,1/06/2025,0780416,Auckland Region,Teritorial Authority,Auckland,Polygon,Polygon,MultiPolygon,MultiPolygon,1,MultiPolygon,1
Auckland,Sexual Offences,Unlawful sexual contact of an adult,Viscount.,NZ,Auckland Region,Auckland.,1/07/2025,0738200,Auckland Region,Teritorial Authority,Auckland,Polygon,Polygon,MultiPolygon,MultiPolygon,1,MultiPolygon,1
Auckland,Sexual Offences,Unlawful sexual contact of a child,Elsmore Park.,NZ,Auckland Region,Auckland.,1/05/2024,0682500,Auckland Region,Teritorial Authority,Auckland,Polygon,Polygon,MultiPolygon,MultiPolygon,1,MultiPolygon,1
Auckland,Sexual Offences,Unlawful sexual contact of an adult,Hamlin.,NZ,Auckland Region,Auckland.,1/12/2024,0640102,Auckland Region,Teritorial Authority,Auckland,Polygon,Polygon,MultiPolygon,MultiPolygon,1,MultiPolygon,1
Auckland,Sexual Offences,Unlawful sexual contact of an adult,Grey Lynn East.,NZ,Auckland Region,Auckland.,1/02/2025,0409200,Auckland Region,Teritorial Authority,Auckland,Polygon,Polygon,MultiPolygon,MultiPolygon,1,MultiPolygon,1
Auckland,Sexual Offences,Unlawful sexual penetration of a child,Auckland Central West.,NZ,Auckland Region,Auckland.,1/12/2024,0433103,Auckland Region,Teritorial Authority,Auckland,Polygon,Polygon,MultiPolygon,MultiPolygon,1,MultiPolygon,1
Auckland,Sexual Offences,Unlawful sexual contact of a child,Randwick Park.,NZ,Auckland Region,Auckland.,1/01/2024,0759711,Auckland Region,Teritorial Authority,Auckland,Polygon,Polygon,MultiPolygon,MultiPolygon,1,MultiPolygon,1
Auckland,Sexual Offences,Child procurement or grooming,Orakei North.,NZ,Auckland Region,Auckland.,1/03/2024,0498700,Auckland Region,Teritorial Authority,Auckland,Polygon,Polygon,MultiPolygon,MultiPolygon,1,MultiPolygon,1
Auckland,Sexual Offences,Intimate image offences,Papakura Central.,NZ,Auckland Region,Auckland.,1/12/2024,0792100,Auckland Region,Teritorial Authority,Auckland,Polygon,Polygon,MultiPolygon,MultiPolygon,1,MultiPolygon,1
Auckland,Sexual Offences,Unlawful sexual contact of an adult,Sandringham North.,NZ,Auckland Region,Auckland.,1/03/2025,0536100,Auckland Region,Teritorial Authority,Auckland,Polygon,Polygon,MultiPolygon,MultiPolygon,1,MultiPolygon,1
Auckland,Sexual Offences,Intimate image offences,Auckland Harbourside.,NZ,Auckland Region,Auckland.,1/10/2023,0438209,Auckland Region,Teritorial Authority,Auckland,Polygon,Polygon,MultiPolygon,MultiPolygon,1,MultiPolygon,1
Auckland,Sexual Offences,Unlawful sexual contact of an adult,Takanini South.,NZ,Auckland Region,Auckland.,1/10/2024,0765600,Auckland Region,Teritorial Authority,Auckland,Polygon,Polygon,MultiPolygon,MultiPolygon,1,MultiPolygon,1
Auckland,Sexual Offences,Unlawful sexual penetration of an adult,Freemans Bay.,NZ,Auckland Region,Auckland.,1/07/2025,0417400,Auckland Region,Teritorial Authority,Auckland,Polygon,Polygon,MultiPolygon,MultiPolygon,1,MultiPolygon,1
Auckland,Sexual Offences,Unlawful sexual contact of a child,Papatoetoe East.,NZ,Auckland Region,Auckland.,1/05/2024,0670500,Auckland Region,Teritorial Authority,Auckland,Polygon,Polygon,MultiPolygon,MultiPolygon,1,MultiPolygon,1
Auckland,Sexual Offences,Child procurement or grooming,Onehunga South East.,NZ,Auckland Region,Auckland.,1/11/2024,0601300,Auckland Region,Teritorial Authority,Auckland,Polygon,Polygon,MultiPolygon,MultiPolygon,2,MultiPolygon,2
Auckland,Sexual Offences,Unlawful sexual contact of an adult,Newton.,NZ,Auckland Region,Auckland.,1/03/2025,0412100,Auckland Region,Teritorial Authority,Auckland,Polygon,Polygon,MultiPolygon,MultiPolygon,1,MultiPolygon,1
Auckland,Sexual Offences,Unlawful sexual contact of an adult,Sandringham West.,NZ,Auckland Region,Auckland.,1/03/2025,0540201,Auckland Region,Teritorial Authority,Auckland,Polygon,Polygon,MultiPolygon,MultiPolygon,1,MultiPolygon,1
Auckland,Sexual Offences,Unlawful sexual contact of a child,Green Bay.,NZ,Auckland Region,Auckland.,1/04/2025,0288600,Auckland Region,Teritorial Authority,Auckland,Polygon,Polygon,MultiPolygon,MultiPolygon,1,MultiPolygon,1
Auckland,Sexual Offences,Unlawful sexual contact of a child,Randwick Park.,NZ,Auckland Region,Auckland.,1/01/2024,0759711,Auckland Region,Teritorial Authority,Auckland,Polygon,Polygon,MultiPolygon,MultiPolygon,1,MultiPolygon,1
Auckland,Sexual Offences,Unlawful sexual penetration of a child,Takanini South.,NZ,Auckland Region,Auckland.,1/02/2024,0765600,Auckland Region,Teritorial Authority,Auckland,Polygon,Polygon,MultiPolygon,MultiPolygon,1,MultiPolygon,1
Auckland,Sexual Offences,Unlawful sexual penetration of a child,Point Chevalier South.,NZ,Auckland Region,Auckland.,1/01/2025,0390900,Auckland Region,Teritorial Authority,Auckland,Polygon,Polygon,MultiPolygon,MultiPolygon,1,MultiPolygon,1
Auckland,Sexual Offences,Unlawful sexual contact of an adult,Pakuranga Central.,NZ,Auckland Region,Auckland.,1/07/2025,0686200,Auckland Region,Teritorial Authority,Auckland,Polygon,Polygon,MultiPolygon,MultiPolygon,1,MultiPolygon,1
Auckland,Sexual Offences,Unlawful sexual contact of a child,Viscount.,NZ,Auckland Region,Auckland.,1/05/2024,0738300,Auckland Region,Teritorial Authority,Auckland,Polygon,Polygon,MultiPolygon,MultiPolygon,1,MultiPolygon,1
Auckland,Sexual Offences,Possess or access child abuse material,Huapai.,NZ,Auckland Region,Auckland.,1/10/2024,0215000,Auckland Region,Teritorial Authority,Auckland,Polygon,Polygon,MultiPolygon,MultiPolygon,1,MultiPolygon,1
Auckland,Sexual Offences,Unlawful sexual contact of an adult,Auckland Central West.,NZ,Auckland Region,Auckland.,1/05/2024,0433200,Auckland Region,Teritorial Authority,Auckland,Polygon,Polygon,MultiPolygon,MultiPolygon,1,MultiPolygon,1
Auckland,Sexual Offences,Unlawful sexual contact of an adult,Otara North.,NZ,Auckland Region,Auckland.,1/03/2025,0700700,Auckland Region,Teritorial Authority,Auckland,Polygon,Polygon,MultiPolygon,MultiPolygon,1,MultiPolygon,1
Auckland,Sexual Offences,Unlawful sexual contact of an adult,Epsom Central.,NZ,Auckland Region,Auckland.,1/12/2023,0447200,Auckland Region,Teritorial Authority,Auckland,Polygon,Polygon,MultiPolygon,MultiPolygon,1,MultiPolygon,1
Auckland,Sexual Offences,Unlawful sexual contact of an adult,Auckland Central East.,NZ,Auckland Region,Auckland.,1/05/2024,0438104,Auckland Region,Teritorial Authority,Auckland,Polygon,Polygon,MultiPolygon,MultiPolygon,1,MultiPolygon,1
Auckland,Sexual Offences,Offensive sexual acts,Browns Bay.,NZ,Auckland Region,Auckland.,1/01/2024,0160800,Auckland Region,Teritorial Authority,Auckland,Polygon,Polygon,MultiPolygon,MultiPolygon,1,MultiPolygon,1
Auckland,Sexual Offences,Offensive sexual acts,Otahuhu West.,NZ,Auckland Region,Auckland.,1/02/2024,0784100,Auckland Region,Teritorial Authority,Auckland,Polygon,Polygon,MultiPolygon,MultiPolygon,1,MultiPolygon,1
Auckland,Sexual Offences,Unlawful sexual penetration of a child,Papakura North East.,NZ,Auckland Region,Auckland.,1/11/2023,0794400,Auckland Region,Teritorial Authority,Auckland,Polygon,Polygon,MultiPolygon,MultiPolygon,1,MultiPolygon,1
Auckland,Sexual Offences,Unlawful sexual contact of a child,Hamlin.,NZ,Auckland Region,Auckland.,1/02/2025,0642400,Auckland Region,Teritorial Authority,Auckland,Polygon,Polygon,MultiPolygon,MultiPolygon,1,MultiPolygon,1
Auckland,Sexual Offences,Unlawful sexual contact of an adult,Auckland Central East.,NZ,Auckland Region,Auckland.,1/12/2023,0437600,Auckland Region,Teritorial Authority,Auckland,Polygon,Polygon,MultiPolygon,MultiPolygon,1,MultiPolygon,1
Auckland,Sexual Offences,Unlawful sexual contact of an adult,Sandringham West.,NZ,Auckland Region,Auckland.,1/11/2024,0541702,Auckland Region,Teritorial Authority,Auckland,Polygon,Polygon,MultiPolygon,MultiPolygon,1,MultiPolygon,1
Auckland,Sexual Offences,Unlawful sexual penetration of a child,Mangere Central.,NZ,Auckland Region,Auckland.,1/06/2024,0741002,Auckland Region,Teritorial Authority,Auckland,Polygon,Polygon,MultiPolygon,MultiPolygon,1,MultiPolygon,1
Auckland,Sexual Offences,Child procurement or grooming,Stanmore Bay East.,NZ,Auckland Region,Auckland.,1/11/2024,0173504,Auckland Region,Teritorial Authority,Auckland,Polygon,Polygon,MultiPolygon,MultiPolygon,1,MultiPolygon,1
Auckland,Sexual Offences,Unlawful sexual penetration of a child,Ferguson.,NZ,Auckland Region,Auckland.,1/06/2024,0709300,Auckland Region,Teritorial Authority,Auckland,Polygon,Polygon,MultiPolygon,MultiPolygon,1,MultiPolygon,1
Auckland,Sexual Offences,Intimate image offences,Castor Bay.,NZ,Auckland Region,Auckland.,1/03/2025,0314700,Auckland Region,Teritorial Authority,Auckland,Polygon,Polygon,MultiPolygon,MultiPolygon,1,MultiPolygon,1
Auckland,Sexual Offences,Offensive sexual acts,Browns Bay.,NZ,Auckland Region,Auckland.,1/02/2025,0161600,Auckland Region,Teritorial Authority,Auckland,Polygon,Polygon,MultiPolygon,MultiPolygon,1,MultiPolygon,1
Auckland,Sexual Offences,Unlawful sexual contact of an adult,Wesley.,NZ,Auckland Region,Auckland.,1/02/2024,0579000,Auckland Region,Teritorial Authority,Auckland,Polygon,Polygon,MultiPolygon,MultiPolygon,1,MultiPolygon,1
Auckland,Sexual Offences,Unlawful sexual contact of a child,Pahurehure.,NZ,Auckland Region,Auckland.,1/11/2023,0806208,Auckland Region,Teritorial Authority,Auckland,Polygon,Polygon,MultiPolygon,MultiPolygon,1,MultiPolygon,1
Auckland,Sexual Offences,Unlawful sexual penetration of a child,Shelly Park.,NZ,Auckland Region,Auckland.,1/12/2024,0717802,Auckland Region,Teritorial Authority,Auckland,Polygon,Polygon,MultiPolygon,MultiPolygon,1,MultiPolygon,1
Auckland,Sexual Offences,Unlawful sexual contact of an adult,Viscount.,NZ,Auckland Region,Auckland.,1/12/2023,0739700,Auckland Region,Teritorial Authority,Auckland,Polygon,Polygon,MultiPolygon,MultiPolygon,1,MultiPolygon,1
Auckland,Sexual Offences,Unlawful sexual contact of an adult,Otahuhu West.,NZ,Auckland Region,Auckland.,1/11/2024,0781700,Auckland Region,Teritorial Authority,Auckland,Polygon,Polygon,MultiPolygon,MultiPolygon,1,MultiPolygon,1
Auckland,Sexual Offences,Unlawful sexual penetration of an adult,Parnell West.,NZ,Auckland Region,Auckland.,1/02/2024,0451400,Auckland Region,Teritorial Authority,Auckland,Polygon,Polygon,MultiPolygon,MultiPolygon,1,MultiPolygon,1
Auckland,Sexual Offences,Unlawful sexual penetration of a child,Hyperion.,NZ,Auckland Region,Auckland.,1/11/2023,0759702,Auckland Region,Teritorial Authority,Auckland,Polygon,Polygon,MultiPolygon,MultiPolygon,1,MultiPolygon,1
Auckland,Sexual Offences,Unlawful sexual contact of a child,Manurewa Central.,NZ,Auckland Region,Auckland.,1/06/2025,0752100,Auckland Region,Teritorial Authority,Auckland,Polygon,Polygon,MultiPolygon,MultiPolygon,2,MultiPolygon,2
Auckland,Sexual Offences,Unlawful sexual contact of an adult,Auckland Central East.,NZ,Auckland Region,Auckland.,1/11/2024,0436201,Auckland Region,Teritorial Authority,Auckland,Polygon,Polygon,MultiPolygon,MultiPolygon,1,MultiPolygon,1
Auckland,Sexual Offences,Unlawful sexual contact of an adult,Auckland Central West.,NZ,Auckland Region,Auckland.,1/08/2023,0434000,Auckland Region,Teritorial Authority,Auckland,Polygon,Polygon,MultiPolygon,MultiPolygon,1,MultiPolygon,1
Auckland,Sexual Offences,Unlawful sexual penetration of an adult,Arch Hill.,NZ,Auckland Region,Auckland.,1/06/2024,0419400,Auckland Region,Teritorial Authority,Auckland,Polygon,Polygon,MultiPolygon,MultiPolygon,1,MultiPolygon,1
Auckland,Sexual Offences,Unlawful sexual penetration of a child,Burbank.,NZ,Auckland Region,Auckland.,1/06/2024,0775000,Auckland Region,Teritorial Authority,Auckland,Polygon,Polygon,MultiPolygon,MultiPolygon,1,MultiPolygon,1
Auckland,Sexual Offences,Intimate image offences,Dairy Flat-Redvale.,NZ,Auckland Region,Auckland.,1/11/2024,0175907,Auckland Region,Teritorial Authority,Auckland,Polygon,Polygon,MultiPolygon,MultiPolygon,1,MultiPolygon,1
Auckland,Sexual Offences,Offensive sexual acts,Te Atatu Central.,NZ,Auckland Region,Auckland.,1/02/2025,0250200,Auckland Region,Teritorial Authority,Auckland,Polygon,Polygon,MultiPolygon,MultiPolygon,1,MultiPolygon,1
Auckland,Sexual Offences,Offensive sexual acts,North Harbour East.,NZ,Auckland Region,Auckland.,1/02/2025,0180404,Auckland Region,Teritorial Authority,Auckland,Polygon,Polygon,MultiPolygon,MultiPolygon,1,MultiPolygon,1
Auckland,Sexual Offences,Unlawful sexual contact of a child,Otara South.,NZ,Auckland Region,Auckland.,1/07/2024,0708100,Auckland Region,Teritorial Authority,Auckland,Polygon,Polygon,MultiPolygon,MultiPolygon,1,MultiPolygon,1
Auckland,Sexual Offences,Offensive sexual acts,Te Atatu Central.,NZ,Auckland Region,Auckland.,1/10/2024,0249400,Auckland Region,Teritorial Authority,Auckland,Polygon,Polygon,MultiPolygon,MultiPolygon,1,MultiPolygon,1
Auckland,Sexual Offences,Unlawful sexual penetration of an adult,Waterview.,NZ,Auckland Region,Auckland.,1/09/2023,0384704,Auckland Region,Teritorial Authority,Auckland,Polygon,Polygon,MultiPolygon,MultiPolygon,1,MultiPolygon,1
Auckland,Sexual Offences,Unlawful sexual penetration of an adult,Takanini South.,NZ,Auckland Region,Auckland.,1/03/2024,0765500,Auckland Region,Teritorial Authority,Auckland,Polygon,Polygon,MultiPolygon,MultiPolygon,1,MultiPolygon,1
Auckland,Sexual Offences,Unlawful sexual contact of an adult,Castor Bay.,NZ,Auckland Region,Auckland.,1/05/2025,0315100,Auckland Region,Teritorial Authority,Auckland,Polygon,Polygon,MultiPolygon,MultiPolygon,1,MultiPolygon,1
Auckland,Sexual Offences,Unlawful sexual contact of an adult,Papatoetoe North.,NZ,Auckland Region,Auckland.,1/11/2024,0661600,Auckland Region,Teritorial Authority,Auckland,Polygon,Polygon,MultiPolygon,MultiPolygon,1,MultiPolygon,1
Auckland,Sexual Offences,Unlawful sexual contact of an adult,Middlemore.,NZ,Auckland Region,Auckland.,1/08/2023,0786500,Auckland Region,Teritorial Authority,Auckland,Polygon,Polygon,MultiPolygon,MultiPolygon,1,MultiPolygon,1
Auckland,Sexual Offences,Unlawful sexual penetration of an adult,Newton.,NZ,Auckland Region,Auckland.,1/07/2024,0412200,Auckland Region,Teritorial Authority,Auckland,Polygon,Polygon,MultiPolygon,MultiPolygon,1,MultiPolygon,1
Auckland,Sexual Offences,Offensive sexual acts,Target Road.,NZ,Auckland Region,Auckland.,1/02/2025,0182008,Auckland Region,Teritorial Authority,Auckland,Polygon,Polygon,MultiPolygon,MultiPolygon,1,MultiPolygon,1
Auckland,Sexual Offences,Unlawful sexual penetration of a child,Leabank.,NZ,Auckland Region,Auckland.,1/08/2024,0772903,Auckland Region,Teritorial Authority,Auckland,Polygon,Polygon,MultiPolygon,MultiPolygon,1,MultiPolygon,1
Auckland,Sexual Offences,Offensive sexual acts,Henderson North.,NZ,Auckland Region,Auckland.,1/12/2024,0239900,Auckland Region,Teritorial Authority,Auckland,Polygon,Polygon,MultiPolygon,MultiPolygon,1,MultiPolygon,1
Auckland,Sexual Offences,Unlawful sexual penetration of an adult,One Tree Hill Central.,NZ,Auckland Region,Auckland.,1/10/2023,0623300,Auckland Region,Teritorial Authority,Auckland,Polygon,Polygon,MultiPolygon,MultiPolygon,1,MultiPolygon,1
Auckland,Sexual Offences,Unlawful sexual penetration of a child,Hyperion.,NZ,Auckland Region,Auckland.,1/12/2023,0759739,Auckland Region,Teritorial Authority,Auckland,Polygon,Polygon,MultiPolygon,MultiPolygon,3,MultiPolygon,3
Auckland,Sexual Offences,Unlawful sexual penetration of an adult,Northcote South.,NZ,Auckland Region,Auckland.,1/05/2025,0359100,Auckland Region,Teritorial Authority,Auckland,Polygon,Polygon,MultiPolygon,MultiPolygon,1,MultiPolygon,1
Auckland,Sexual Offences,Unlawful sexual penetration of an adult,Waikowhai West.,NZ,Auckland Region,Auckland.,1/11/2024,0589002,Auckland Region,Teritorial Authority,Auckland,Polygon,Polygon,MultiPolygon,MultiPolygon,1,MultiPolygon,1
Auckland,Sexual Offences,Unlawful sexual contact of an adult,Mascot.,NZ,Auckland Region,Auckland.,1/09/2023,0737500,Auckland Region,Teritorial Authority,Auckland,Polygon,Polygon,MultiPolygon,MultiPolygon,1,MultiPolygon,1
Auckland,Sexual Offences,Unlawful sexual penetration of an adult,Auckland Central West.,NZ,Auckland Region,Auckland.,1/07/2024,0434000,Auckland Region,Teritorial Authority,Auckland,Polygon,Polygon,MultiPolygon,MultiPolygon,1,MultiPolygon,1
Auckland,Sexual Offences,Unlawful sexual contact of a child,Mairangi Bay.,NZ,Auckland Region,Auckland.,1/01/2024,0149500,Auckland Region,Teritorial Authority,Auckland,Polygon,Polygon,MultiPolygon,MultiPolygon,1,MultiPolygon,1
Auckland,Sexual Offences,Unlawful sexual penetration of a child,Kingsland.,NZ,Auckland Region,Auckland.,1/09/2024,0532200,Auckland Region,Teritorial Authority,Auckland,Polygon,Polygon,MultiPolygon,MultiPolygon,1,MultiPolygon,1
Auckland,Sexual Offences,Child procurement or grooming,Westlake.,NZ,Auckland Region,Auckland.,1/08/2023,0304300,Auckland Region,Teritorial Authority,Auckland,Polygon,Polygon,MultiPolygon,MultiPolygon,1,MultiPolygon,1
Auckland,Sexual Offences,Unlawful sexual penetration of a child,Mangere Central.,NZ,Auckland Region,Auckland.,1/11/2023,0741003,Auckland Region,Teritorial Authority,Auckland,Polygon,Polygon,MultiPolygon,MultiPolygon,1,MultiPolygon,1
Auckland,Sexual Offences,Unlawful sexual penetration of an adult,Westlake.,NZ,Auckland Region,Auckland.,1/05/2025,0304300,Auckland Region,Teritorial Authority,Auckland,Polygon,Polygon,MultiPolygon,MultiPolygon,1,MultiPolygon,1
Auckland,Sexual Offences,Unlawful sexual contact of an adult,Pakuranga East.,NZ,Auckland Region,Auckland.,1/08/2024,0690700,Auckland Region,Teritorial Authority,Auckland,Polygon,Polygon,MultiPolygon,MultiPolygon,1,MultiPolygon,1
Auckland,Sexual Offences,Unlawful sexual contact of an adult,Onehunga North West.,NZ,Auckland Region,Auckland.,1/10/2024,0595100,Auckland Region,Teritorial Authority,Auckland,Polygon,Polygon,MultiPolygon,MultiPolygon,1,MultiPolygon,1
Auckland,Sexual Offences,Unlawful sexual contact of an adult,Auckland Central East.,NZ,Auckland Region,Auckland.,1/05/2024,0437500,Auckland Region,Teritorial Authority,Auckland,Polygon,Polygon,MultiPolygon,MultiPolygon,1,MultiPolygon,1
Auckland,Sexual Offences,Unlawful sexual penetration of a child,Northcote South.,NZ,Auckland Region,Auckland.,1/03/2025,0361400,Auckland Region,Teritorial Authority,Auckland,Polygon,Polygon,MultiPolygon,MultiPolygon,1,MultiPolygon,1
Auckland,Sexual Offences,Unlawful sexual contact of a child,Glen Eden East.,NZ,Auckland Region,Auckland.,1/11/2023,0286900,Auckland Region,Teritorial Authority,Auckland,Polygon,Polygon,MultiPolygon,MultiPolygon,1,MultiPolygon,1
Auckland,Sexual Offences,Unlawful sexual contact of an adult,Kauri Park.,NZ,Auckland Region,Auckland.,1/06/2025,0354500,Auckland Region,Teritorial Authority,Auckland,Polygon,Polygon,MultiPolygon,MultiPolygon,1,MultiPolygon,1
Auckland,Sexual Offences,Unlawful sexual contact of an adult,Auckland Harbourside.,NZ,Auckland Region,Auckland.,1/08/2024,0438209,Auckland Region,Teritorial Authority,Auckland,Polygon,Polygon,MultiPolygon,MultiPolygon,1,MultiPolygon,1
Auckland,Sexual Offences,Unlawful sexual contact of an adult,Otahuhu West.,NZ,Auckland Region,Auckland.,1/10/2024,0782200,Auckland Region,Teritorial Authority,Auckland,Polygon,Polygon,MultiPolygon,MultiPolygon,1,MultiPolygon,1
Auckland,Sexual Offences,Unlawful sexual contact of an adult,Auckland Harbourside.,NZ,Auckland Region,Auckland.,1/05/2024,0438103,Auckland Region,Teritorial Authority,Auckland,Polygon,Polygon,MultiPolygon,MultiPolygon,1,MultiPolygon,1
Auckland,Sexual Offences,Unlawful sexual contact of a child,Point Chevalier West.,NZ,Auckland Region,Auckland.,1/09/2024,0392100,Auckland Region,Teritorial Authority,Auckland,Polygon,Polygon,MultiPolygon,MultiPolygon,1,MultiPolygon,1
Auckland,Sexual Offences,Unlawful sexual penetration of a child,Windsor Park.,NZ,Auckland Region,Auckland.,1/10/2023,0180866,Auckland Region,Teritorial Authority,Auckland,Polygon,Polygon,MultiPolygon,MultiPolygon,1,MultiPolygon,1
Auckland,Sexual Offences,Unlawful sexual contact of a child,Kingdale.,NZ,Auckland Region,Auckland.,1/03/2025,0230200,Auckland Region,Teritorial Authority,Auckland,Polygon,Polygon,MultiPolygon,MultiPolygon,1,MultiPolygon,1
Auckland,Sexual Offences,Unlawful sexual penetration of an adult,Hauraki.,NZ,Auckland Region,Auckland.,1/01/2024,0323600,Auckland Region,Teritorial Authority,Auckland,Polygon,Polygon,MultiPolygon,MultiPolygon,1,MultiPolygon,1
Auckland,Sexual Offences,Unlawful sexual contact of an adult,Hobsonville East.,NZ,Auckland Region,Auckland.,1/03/2024,0223802,Auckland Region,Teritorial Authority,Auckland,Polygon,Polygon,MultiPolygon,MultiPolygon,1,MultiPolygon,1
Auckland,Sexual Offences,Unlawful sexual penetration of a child,Oratia.,NZ,Auckland Region,Auckland.,1/03/2024,0278510,Auckland Region,Teritorial Authority,Auckland,Polygon,Polygon,MultiPolygon,MultiPolygon,1,MultiPolygon,1
Auckland,Sexual Offences,Unlawful sexual contact of an adult,Wade Heads.,NZ,Auckland Region,Auckland.,1/11/2024,0174003,Auckland Region,Teritorial Authority,Auckland,Polygon,Polygon,MultiPolygon,MultiPolygon,1,MultiPolygon,1
Auckland,Sexual Offences,Child procurement or grooming,Silverdale Central.,NZ,Auckland Region,Auckland.,1/09/2024,0176802,Auckland Region,Teritorial Authority,Auckland,Polygon,Polygon,MultiPolygon,MultiPolygon,1,MultiPolygon,1
Auckland,Sexual Offences,Unlawful sexual penetration of an adult,Middlemore.,NZ,Auckland Region,Auckland.,1/10/2024,0786500,Auckland Region,Teritorial Authority,Auckland,Polygon,Polygon,MultiPolygon,MultiPolygon,1,MultiPolygon,1
Auckland,Sexual Offences,Unlawful sexual contact of an adult,Mt Wellington North.,NZ,Auckland Region,Auckland.,1/06/2024,0627600,Auckland Region,Teritorial Authority,Auckland,Polygon,Polygon,MultiPolygon,MultiPolygon,1,MultiPolygon,1
Auckland,Sexual Offences,Intimate image offences,Orewa West.,NZ,Auckland Region,Auckland.,1/02/2025,0176411,Auckland Region,Teritorial Authority,Auckland,Polygon,Polygon,MultiPolygon,MultiPolygon,1,MultiPolygon,1
Auckland,Sexual Offences,Unlawful sexual penetration of an adult,Papatoetoe North.,NZ,Auckland Region,Auckland.,1/06/2024,0662200,Auckland Region,Teritorial Authority,Auckland,Polygon,Polygon,MultiPolygon,MultiPolygon,1,MultiPolygon,1
Auckland,Sexual Offences,Unlawful sexual contact of an adult,Grafton East.,NZ,Auckland Region,Auckland.,1/06/2024,0442400,Auckland Region,Teritorial Authority,Auckland,Polygon,Polygon,MultiPolygon,MultiPolygon,1,MultiPolygon,1
Auckland,Sexual Offences,Unlawful sexual contact of an adult,Kingdale.,NZ,Auckland Region,Auckland.,1/01/2024,0231700,Auckland Region,Teritorial Authority,Auckland,Polygon,Polygon,MultiPolygon,MultiPolygon,1,MultiPolygon,1
Auckland,Sexual Offences,Unlawful sexual contact of an adult,Silverdale Central.,NZ,Auckland Region,Auckland.,1/08/2023,0176504,Auckland Region,Teritorial Authority,Auckland,Polygon,Polygon,MultiPolygon,MultiPolygon,1,MultiPolygon,1
Auckland,Sexual Offences,Unlawful sexual contact of a child,Homai East.,NZ,Auckland Region,Auckland.,1/03/2024,0776500,Auckland Region,Teritorial Authority,Auckland,Polygon,Polygon,MultiPolygon,MultiPolygon,1,MultiPolygon,1
Auckland,Sexual Offences,Unlawful sexual penetration of a child,Ardmore.,NZ,Auckland Region,Auckland.,1/05/2025,0759800,Auckland Region,Teritorial Authority,Auckland,Polygon,Polygon,MultiPolygon,MultiPolygon,1,MultiPolygon,1
Auckland,Sexual Offences,Child procurement or grooming,Freemans Bay.,NZ,Auckland Region,Auckland.,1/11/2024,0413500,Auckland Region,Teritorial Authority,Auckland,Polygon,Polygon,MultiPolygon,MultiPolygon,1,MultiPolygon,1
Auckland,Sexual Offences,Offensive sexual acts,Henderson South.,NZ,Auckland Region,Auckland.,1/08/2024,0243300,Auckland Region,Teritorial Authority,Auckland,Polygon,Polygon,MultiPolygon,MultiPolygon,1,MultiPolygon,1
Auckland,Sexual Offences,Unlawful sexual contact of an adult,Middlemore.,NZ,Auckland Region,Auckland.,1/08/2024,0786500,Auckland Region,Teritorial Authority,Auckland,Polygon,Polygon,MultiPolygon,MultiPolygon,1,MultiPolygon,1
Auckland,Sexual Offences,Unlawful sexual contact of an adult,Grafton East.,NZ,Auckland Region,Auckland.,1/07/2024,0442400,Auckland Region,Teritorial Authority,Auckland,Polygon,Polygon,MultiPolygon,MultiPolygon,1,MultiPolygon,1
Auckland,Sexual Offences,Unlawful sexual contact of an adult,Parrs Park.,NZ,Auckland Region,Auckland.,1/01/2024,0278212,Auckland Region,Teritorial Authority,Auckland,Polygon,Polygon,MultiPolygon,MultiPolygon,1,MultiPolygon,1
Auckland,Sexual Offences,Child procurement or grooming,Ellerslie South.,NZ,Auckland Region,Auckland.,1/08/2023,0612200,Auckland Region,Teritorial Authority,Auckland,Polygon,Polygon,MultiPolygon,MultiPolygon,1,MultiPolygon,1
Auckland,Sexual Offences,Unlawful sexual contact of an adult,Kohuora.,NZ,Auckland Region,Auckland.,1/11/2023,0780901,Auckland Region,Teritorial Authority,Auckland,Polygon,Polygon,MultiPolygon,MultiPolygon,1,MultiPolygon,1
Auckland,Sexual Offences,Child procurement or grooming,Orewa.,NZ,Auckland Region,Auckland.,1/01/2024,0171500,Auckland Region,Teritorial Authority,Auckland,MultiPolygon,Polygon,MultiPolygon,MultiPolygon,1,MultiPolygon,1
Auckland,Sexual Offences,Unlawful sexual contact of a child,Waimumu South.,NZ,Auckland Region,Auckland.,1/07/2024,0228900,Auckland Region,Teritorial Authority,Auckland,Polygon,Polygon,MultiPolygon,MultiPolygon,1,MultiPolygon,1
Auckland,Sexual Offences,Unlawful sexual contact of an adult,Mangere South.,NZ,Auckland Region,Auckland.,1/08/2024,0728807,Auckland Region,Teritorial Authority,Auckland,MultiPolygon,Polygon,MultiPolygon,MultiPolygon,1,MultiPolygon,1
Auckland,Sexual Offences,Unlawful sexual penetration of an adult,Westlake.,NZ,Auckland Region,Auckland.,1/02/2025,0304300,Auckland Region,Teritorial Authority,Auckland,Polygon,Polygon,MultiPolygon,MultiPolygon,1,MultiPolygon,1
Auckland,Sexual Offences,Intimate image offences,Epsom North.,NZ,Auckland Region,Auckland.,1/08/2023,0443700,Auckland Region,Teritorial Authority,Auckland,Polygon,Polygon,MultiPolygon,MultiPolygon,1,MultiPolygon,1
Auckland,Sexual Offences,Unlawful sexual contact of an adult,Freemans Bay.,NZ,Auckland Region,Auckland.,1/02/2025,0413900,Auckland Region,Teritorial Authority,Auckland,Polygon,Polygon,MultiPolygon,MultiPolygon,1,MultiPolygon,1
Auckland,Sexual Offences,Offensive sexual acts,Lynnmall.,NZ,Auckland Region,Auckland.,1/05/2025,0264901,Auckland Region,Teritorial Authority,Auckland,Polygon,Polygon,MultiPolygon,MultiPolygon,1,MultiPolygon,1
Auckland,Sexual Offences,Unlawful sexual penetration of a child,Fairdene.,NZ,Auckland Region,Auckland.,1/03/2025,0233200,Auckland Region,Teritorial Authority,Auckland,Polygon,Polygon,MultiPolygon,MultiPolygon,1,MultiPolygon,1
Auckland,Sexual Offences,Unlawful sexual contact of an adult,One Tree Hill East.,NZ,Auckland Region,Auckland.,1/02/2025,0619900,Auckland Region,Teritorial Authority,Auckland,Polygon,Polygon,MultiPolygon,MultiPolygon,1,MultiPolygon,1
Auckland,Sexual Offences,Offensive sexual acts,Grafton East.,NZ,Auckland Region,Auckland.,1/11/2023,0442400,Auckland Region,Teritorial Authority,Auckland,Polygon,Polygon,MultiPolygon,MultiPolygon,1,MultiPolygon,1
Auckland,Sexual Offences,Unlawful sexual penetration of an adult,Beachhaven North.,NZ,Auckland Region,Auckland.,1/10/2024,0340802,Auckland Region,Teritorial Authority,Auckland,Polygon,Polygon,MultiPolygon,MultiPolygon,1,MultiPolygon,1
Auckland,Sexual Offences,Unlawful sexual contact of an adult,Henderson North.,NZ,Auckland Region,Auckland.,1/03/2025,0239900,Auckland Region,Teritorial Authority,Auckland,Polygon,Polygon,MultiPolygon,MultiPolygon,1,MultiPolygon,1
Auckland,Sexual Offences,Unlawful sexual contact of an adult,Mangere South.,NZ,Auckland Region,Auckland.,1/08/2024,0727200,Auckland Region,Teritorial Authority,Auckland,MultiPolygon,Polygon,MultiPolygon,MultiPolygon,1,MultiPolygon,1
Auckland,Sexual Offences,Offensive sexual acts,Albany.,NZ,Auckland Region,Auckland.,1/03/2025,0179000,Auckland Region,Teritorial Authority,Auckland,Polygon,Polygon,MultiPolygon,MultiPolygon,2,MultiPolygon,2
Auckland,Sexual Offences,Intimate image offences,Manukau Central.,NZ,Auckland Region,Auckland.,1/10/2023,0780302,Auckland Region,Teritorial Authority,Auckland,Polygon,Polygon,MultiPolygon,MultiPolygon,1,MultiPolygon,1
Auckland,Sexual Offences,Intimate image offences,Bledisloe Park.,NZ,Auckland Region,Auckland.,1/02/2025,0823407,Auckland Region,Teritorial Authority,Auckland,Polygon,Polygon,MultiPolygon,MultiPolygon,1,MultiPolygon,1
Auckland,Sexual Offences,Unlawful sexual penetration of an adult,Lynnmall.,NZ,Auckland Region,Auckland.,1/08/2024,0266000,Auckland Region,Teritorial Authority,Auckland,Polygon,Polygon,MultiPolygon,MultiPolygon,1,MultiPolygon,1
Auckland,Sexual Offences,Offensive sexual acts,Ormiston.,NZ,Auckland Region,Auckland.,1/02/2025,0713100,Auckland Region,Teritorial Authority,Auckland,Polygon,Polygon,MultiPolygon,MultiPolygon,2,MultiPolygon,2
Auckland,Sexual Offences,Offensive sexual acts,Pakuranga East.,NZ,Auckland Region,Auckland.,1/09/2023,0689400,Auckland Region,Teritorial Authority,Auckland,Polygon,Polygon,MultiPolygon,MultiPolygon,1,MultiPolygon,1
Auckland,Sexual Offences,Unlawful sexual penetration of an adult,Meadowland.,NZ,Auckland Region,Auckland.,1/12/2024,0711015,Auckland Region,Teritorial Authority,Auckland,Polygon,Polygon,MultiPolygon,MultiPolygon,1,MultiPolygon,1
Auckland,Sexual Offences,Offensive sexual acts,Auckland Central East.,NZ,Auckland Region,Auckland.,1/11/2023,0438203,Auckland Region,Teritorial Authority,Auckland,Polygon,Polygon,MultiPolygon,MultiPolygon,1,MultiPolygon,1
Auckland,Sexual Offences,Unlawful sexual penetration of an adult,Papakura North East.,NZ,Auckland Region,Auckland.,1/08/2024,0795500,Auckland Region,Teritorial Authority,Auckland,Polygon,Polygon,MultiPolygon,MultiPolygon,1,MultiPolygon,1
Auckland,Sexual Offences,Produce or distribute child abuse material,Royal Oak.,NZ,Auckland Region,Auckland.,1/06/2024,0566100,Auckland Region,Teritorial Authority,Auckland,Polygon,Polygon,MultiPolygon,MultiPolygon,1,MultiPolygon,1
Auckland,Sexual Offences,Offensive sexual acts,Parnell West.,NZ,Auckland Region,Auckland.,1/05/2024,0452300,Auckland Region,Teritorial Authority,Auckland,Polygon,Polygon,MultiPolygon,MultiPolygon,1,MultiPolygon,1
Auckland,Sexual Offences,Unlawful sexual contact of an adult,Auckland Central West.,NZ,Auckland Region,Auckland.,1/09/2024,0434402,Auckland Region,Teritorial Authority,Auckland,Polygon,Polygon,MultiPolygon,MultiPolygon,1,MultiPolygon,1
Auckland,Sexual Offences,Intimate image offences,Lynfield North.,NZ,Auckland Region,Auckland.,1/02/2025,0586400,Auckland Region,Teritorial Authority,Auckland,Polygon,Polygon,MultiPolygon,MultiPolygon,1,MultiPolygon,1
Auckland,Sexual Offences,Unlawful sexual contact of an adult,Homai East.,NZ,Auckland Region,Auckland.,1/02/2024,0780100,Auckland Region,Teritorial Authority,Auckland,Polygon,Polygon,MultiPolygon,MultiPolygon,1,MultiPolygon,1
Auckland,Sexual Offences,Child procurement or grooming,Kelston Central.,NZ,Auckland Region,Auckland.,1/06/2024,0270201,Auckland Region,Teritorial Authority,Auckland,Polygon,Polygon,MultiPolygon,MultiPolygon,1,MultiPolygon,1
Auckland,Sexual Offences,Intimate image offences,Target Road.,NZ,Auckland Region,Auckland.,1/11/2024,0182023,Auckland Region,Teritorial Authority,Auckland,Polygon,Polygon,MultiPolygon,MultiPolygon,1,MultiPolygon,1
Auckland,Sexual Offences,Offensive sexual acts,Orakei South.,NZ,Auckland Region,Auckland.,1/07/2025,0486000,Auckland Region,Teritorial Authority,Auckland,Polygon,Polygon,MultiPolygon,MultiPolygon,1,MultiPolygon,1
Auckland,Sexual Offences,Offensive sexual acts,Point Chevalier South.,NZ,Auckland Region,Auckland.,1/11/2024,0390801,Auckland Region,Teritorial Authority,Auckland,Polygon,Polygon,MultiPolygon,MultiPolygon,1,MultiPolygon,1
Auckland,Sexual Offences,Intimate image offences,Mt Wellington South.,NZ,Auckland Region,Auckland.,1/01/2025,0637500,Auckland Region,Teritorial Authority,Auckland,Polygon,Polygon,MultiPolygon,MultiPolygon,1,MultiPolygon,1
Auckland,Sexual Offences,Unlawful sexual penetration of a child,Ranui Domain.,NZ,Auckland Region,Auckland.,1/02/2025,0236003,Auckland Region,Teritorial Authority,Auckland,Polygon,Polygon,MultiPolygon,MultiPolygon,1,MultiPolygon,1
Auckland,Sexual Offences,Unlawful sexual contact of a child,Otara South.,NZ,Auckland Region,Auckland.,1/05/2024,0708500,Auckland Region,Teritorial Authority,Auckland,Polygon,Polygon,MultiPolygon,MultiPolygon,1,MultiPolygon,1
Auckland,Sexual Offences,Unlawful sexual contact of an adult,Mangere East.,NZ,Auckland Region,Auckland.,1/09/2024,0655701,Auckland Region,Teritorial Authority,Auckland,Polygon,Polygon,MultiPolygon,MultiPolygon,1,MultiPolygon,1
Auckland,Sexual Offences,Offensive sexual acts,Mangere South.,NZ,Auckland Region,Auckland.,1/02/2025,0727200,Auckland Region,Teritorial Authority,Auckland,MultiPolygon,Polygon,MultiPolygon,MultiPolygon,1,MultiPolygon,1
Auckland,Sexual Offences,Unlawful sexual contact of an adult,Mt Wellington South.,NZ,Auckland Region,Auckland.,1/09/2023,0637500,Auckland Region,Teritorial Authority,Auckland,Polygon,Polygon,MultiPolygon,MultiPolygon,1,MultiPolygon,1
Auckland,Sexual Offences,Offensive sexual acts,Lynnmall.,NZ,Auckland Region,Auckland.,1/11/2024,0266000,Auckland Region,Teritorial Authority,Auckland,Polygon,Polygon,MultiPolygon,MultiPolygon,1,MultiPolygon,1
Auckland,Sexual Offences,Intimate image offences,Redoubt North.,NZ,Auckland Region,Auckland.,1/02/2025,0715915,Auckland Region,Teritorial Authority,Auckland,Polygon,Polygon,MultiPolygon,MultiPolygon,1,MultiPolygon,1
Auckland,Sexual Offences,Unlawful sexual contact of an adult,Fairdene.,NZ,Auckland Region,Auckland.,1/01/2025,0231001,Auckland Region,Teritorial Authority,Auckland,Polygon,Polygon,MultiPolygon,MultiPolygon,1,MultiPolygon,1
Auckland,Sexual Offences,Unlawful sexual penetration of a child,Rongomai.,NZ,Auckland Region,Auckland.,1/05/2024,0714806,Auckland Region,Teritorial Authority,Auckland,Polygon,Polygon,MultiPolygon,MultiPolygon,1,MultiPolygon,1
Auckland,Sexual Offences,Unlawful sexual contact of a child,Auckland Harbourside.,NZ,Auckland Region,Auckland.,1/10/2024,0438214,Auckland Region,Teritorial Authority,Auckland,Polygon,Polygon,MultiPolygon,MultiPolygon,2,MultiPolygon,2
Auckland,Sexual Offences,Unlawful sexual penetration of a child,Karekare.,NZ,Auckland Region,Auckland.,1/01/2024,0282009,Auckland Region,Teritorial Authority,Auckland,MultiPolygon,MultiPolygon,MultiPolygon,MultiPolygon,1,MultiPolygon,1
Auckland,Sexual Offences,Unlawful sexual penetration of an adult,Eden Terrace.,NZ,Auckland Region,Auckland.,1/09/2023,0420300,Auckland Region,Teritorial Authority,Auckland,Polygon,Polygon,MultiPolygon,MultiPolygon,1,MultiPolygon,1
Auckland,Sexual Offences,Unlawful sexual contact of a child,Mangere Station.,NZ,Auckland Region,Auckland.,1/01/2024,0749900,Auckland Region,Teritorial Authority,Auckland,Polygon,Polygon,MultiPolygon,MultiPolygon,1,MultiPolygon,1
Auckland,Sexual Offences,Unlawful sexual contact of a child,Point Chevalier East.,NZ,Auckland Region,Auckland.,1/06/2025,0395900,Auckland Region,Teritorial Authority,Auckland,Polygon,Polygon,MultiPolygon,MultiPolygon,1,MultiPolygon,1
Auckland,Sexual Offences,Offensive sexual acts,Hillsborough West.,NZ,Auckland Region,Auckland.,1/01/2025,0569800,Auckland Region,Teritorial Authority,Auckland,Polygon,Polygon,MultiPolygon,MultiPolygon,1,MultiPolygon,1
Auckland,Sexual Offences,Unlawful sexual penetration of an adult,Windsor Park.,NZ,Auckland Region,Auckland.,1/02/2025,0180826,Auckland Region,Teritorial Authority,Auckland,Polygon,Polygon,MultiPolygon,MultiPolygon,1,MultiPolygon,1
Auckland,Sexual Offences,Unlawful sexual penetration of a child,Clendon North.,NZ,Auckland Region,Auckland.,1/05/2024,0774406,Auckland Region,Teritorial Authority,Auckland,Polygon,Polygon,MultiPolygon,MultiPolygon,1,MultiPolygon,1
Auckland,Sexual Offences,Offensive sexual acts,Wiri.,NZ,Auckland Region,Auckland.,1/05/2024,0780416,Auckland Region,Teritorial Authority,Auckland,Polygon,Polygon,MultiPolygon,MultiPolygon,3,MultiPolygon,3
Auckland,Sexual Offences,Intimate image offences,Albany.,NZ,Auckland Region,Auckland.,1/02/2024,0178900,Auckland Region,Teritorial Authority,Auckland,Polygon,Polygon,MultiPolygon,MultiPolygon,1,MultiPolygon,1
Auckland,Sexual Offences,Unlawful sexual contact of a child,Walmsley.,NZ,Auckland Region,Auckland.,1/11/2024,0576500,Auckland Region,Teritorial Authority,Auckland,Polygon,Polygon,MultiPolygon,MultiPolygon,1,MultiPolygon,1
Auckland,Sexual Offences,Unlawful sexual penetration of an adult,Henderson North.,NZ,Auckland Region,Auckland.,1/12/2024,0239804,Auckland Region,Teritorial Authority,Auckland,Polygon,Polygon,MultiPolygon,MultiPolygon,1,MultiPolygon,1
Auckland,Sexual Offences,Unlawful sexual contact of a child,Mangere East.,NZ,Auckland Region,Auckland.,1/05/2024,0656301,Auckland Region,Teritorial Authority,Auckland,Polygon,Polygon,MultiPolygon,MultiPolygon,1,MultiPolygon,1
Auckland,Sexual Offences,Child procurement or grooming,Ellerslie North.,NZ,Auckland Region,Auckland.,1/09/2024,0613500,Auckland Region,Teritorial Authority,Auckland,Polygon,Polygon,MultiPolygon,MultiPolygon,1,MultiPolygon,1
Auckland,Sexual Offences,Unlawful sexual penetration of a child,Bucklands and Eastern Beaches.,NZ,Auckland Region,Auckland.,1/01/2025,0675901,Auckland Region,Teritorial Authority,Auckland,Polygon,Polygon,MultiPolygon,MultiPolygon,1,MultiPolygon,1
Auckland,Sexual Offences,Unlawful sexual penetration of a child,Pakuranga North.,NZ,Auckland Region,Auckland.,1/05/2024,0691102,Auckland Region,Teritorial Authority,Auckland,Polygon,Polygon,MultiPolygon,MultiPolygon,1,MultiPolygon,1
Auckland,Sexual Offences,Offensive sexual acts,One Tree Hill Central.,NZ,Auckland Region,Auckland.,1/05/2024,0623100,Auckland Region,Teritorial Authority,Auckland,Polygon,Polygon,MultiPolygon,MultiPolygon,1,MultiPolygon,1
Auckland,Sexual Offences,Unlawful sexual contact of a child,Redoubt North.,NZ,Auckland Region,Auckland.,1/06/2024,0715804,Auckland Region,Teritorial Authority,Auckland,Polygon,Polygon,MultiPolygon,MultiPolygon,1,MultiPolygon,1
Auckland,Sexual Offences,Unlawful sexual contact of an adult,Tauhoa-Puhoi.,NZ,Auckland Region,Auckland.,1/03/2024,0147000,Auckland Region,Teritorial Authority,Auckland,MultiPolygon,Polygon,MultiPolygon,MultiPolygon,1,MultiPolygon,1
Auckland,Sexual Offences,Offensive sexual acts,Howick Central.,NZ,Auckland Region,Auckland.,1/10/2024,0648600,Auckland Region,Teritorial Authority,Auckland,Polygon,Polygon,MultiPolygon,MultiPolygon,1,MultiPolygon,1
Auckland,Sexual Offences,Unlawful sexual penetration of a child,Akarana.,NZ,Auckland Region,Auckland.,1/07/2025,0581500,Auckland Region,Teritorial Authority,Auckland,Polygon,Polygon,MultiPolygon,MultiPolygon,1,MultiPolygon,1
Auckland,Sexual Offences,Unlawful sexual contact of a child,Papakura North East.,NZ,Auckland Region,Auckland.,1/11/2024,0794200,Auckland Region,Teritorial Authority,Auckland,Polygon,Polygon,MultiPolygon,MultiPolygon,1,MultiPolygon,1
Auckland,Sexual Offences,Unlawful sexual contact of an adult,Newmarket.,NZ,Auckland Region,Auckland.,1/10/2024,0451300,Auckland Region,Teritorial Authority,Auckland,Polygon,Polygon,MultiPolygon,MultiPolygon,1,MultiPolygon,1
Auckland,Sexual Offences,Unlawful sexual penetration of an adult,Waiuku West.,NZ,Auckland Region,Auckland.,1/11/2024,0837102,Auckland Region,Teritorial Authority,Auckland,Polygon,Polygon,MultiPolygon,MultiPolygon,1,MultiPolygon,1
Auckland,Sexual Offences,Unlawful sexual penetration of a child,Ferguson.,NZ,Auckland Region,Auckland.,1/02/2025,0709900,Auckland Region,Teritorial Authority,Auckland,Polygon,Polygon,MultiPolygon,MultiPolygon,1,MultiPolygon,1
Auckland,Sexual Offences,Offensive sexual acts,Pakuranga Central.,NZ,Auckland Region,Auckland.,1/09/2024,0684000,Auckland Region,Teritorial Authority,Auckland,Polygon,Polygon,MultiPolygon,MultiPolygon,1,MultiPolygon,1
Auckland,Sexual Offences,Unlawful sexual penetration of a child,Clover Park.,NZ,Auckland Region,Auckland.,1/06/2024,0715512,Auckland Region,Teritorial Authority,Auckland,Polygon,Polygon,MultiPolygon,MultiPolygon,1,MultiPolygon,1
Auckland,Sexual Offences,Unlawful sexual contact of an adult,Whenuapai West.,NZ,Auckland Region,Auckland.,1/03/2024,0224000,Auckland Region,Teritorial Authority,Auckland,Polygon,Polygon,MultiPolygon,MultiPolygon,1,MultiPolygon,1
Auckland,Sexual Offences,Offensive sexual acts,Auckland Central West.,NZ,Auckland Region,Auckland.,1/08/2024,0434000,Auckland Region,Teritorial Authority,Auckland,Polygon,Polygon,MultiPolygon,MultiPolygon,1,MultiPolygon,1
Auckland,Sexual Offences,Unlawful sexual penetration of a child,Mt St John.,NZ,Auckland Region,Auckland.,1/08/2024,0615000,Auckland Region,Teritorial Authority,Auckland,Polygon,Polygon,MultiPolygon,MultiPolygon,1,MultiPolygon,1
Auckland,Sexual Offences,Offensive sexual acts,Auckland Central East.,NZ,Auckland Region,Auckland.,1/08/2024,0437102,Auckland Region,Teritorial Authority,Auckland,Polygon,Polygon,MultiPolygon,MultiPolygon,1,MultiPolygon,1
Auckland,Sexual Offences,Unlawful sexual contact of an adult,Ranui Domain.,NZ,Auckland Region,Auckland.,1/09/2023,0235802,Auckland Region,Teritorial Authority,Auckland,Polygon,Polygon,MultiPolygon,MultiPolygon,1,MultiPolygon,1
Auckland,Sexual Offences,Unlawful sexual contact of an adult,Middlemore.,NZ,Auckland Region,Auckland.,1/10/2024,0786500,Auckland Region,Teritorial Authority,Auckland,Polygon,Polygon,MultiPolygon,MultiPolygon,1,MultiPolygon,1
Auckland,Sexual Offences,Unlawful sexual contact of an adult,Papakura Central.,NZ,Auckland Region,Auckland.,1/01/2025,0793200,Auckland Region,Teritorial Authority,Auckland,Polygon,Polygon,MultiPolygon,MultiPolygon,1,MultiPolygon,1
Auckland,Sexual Offences,Unlawful sexual contact of a child,Redoubt North.,NZ,Auckland Region,Auckland.,1/02/2025,0715917,Auckland Region,Teritorial Authority,Auckland,Polygon,Polygon,MultiPolygon,MultiPolygon,1,MultiPolygon,1
Auckland,Sexual Offences,Offensive sexual acts,Auckland Central West.,NZ,Auckland Region,Auckland.,1/10/2024,0434000,Auckland Region,Teritorial Authority,Auckland,Polygon,Polygon,MultiPolygon,MultiPolygon,1,MultiPolygon,1
Auckland,Sexual Offences,Unlawful sexual contact of an adult,One Tree Hill East.,NZ,Auckland Region,Auckland.,1/10/2024,0619200,Auckland Region,Teritorial Authority,Auckland,Polygon,Polygon,MultiPolygon,MultiPolygon,1,MultiPolygon,1
Auckland,Sexual Offences,Unlawful sexual penetration of a child,Murvale.,NZ,Auckland Region,Auckland.,1/10/2024,0680001,Auckland Region,Teritorial Authority,Auckland,Polygon,Polygon,MultiPolygon,MultiPolygon,1,MultiPolygon,1
Auckland,Sexual Offences,Unlawful sexual contact of a child,Glenavon.,NZ,Auckland Region,Auckland.,1/03/2025,0381302,Auckland Region,Teritorial Authority,Auckland,Polygon,Polygon,MultiPolygon,MultiPolygon,1,MultiPolygon,1
Auckland,Sexual Offences,Unlawful sexual penetration of a child,Mt Wellington South.,NZ,Auckland Region,Auckland.,1/08/2024,0635001,Auckland Region,Teritorial Authority,Auckland,Polygon,Polygon,MultiPolygon,MultiPolygon,1,MultiPolygon,1
Auckland,Sexual Offences,Offensive sexual acts,Manukau Central.,NZ,Auckland Region,Auckland.,1/10/2024,0780204,Auckland Region,Teritorial Authority,Auckland,Polygon,Polygon,MultiPolygon,MultiPolygon,1,MultiPolygon,1
Auckland,Sexual Offences,Offensive sexual acts,Epsom North.,NZ,Auckland Region,Auckland.,1/09/2024,0445100,Auckland Region,Teritorial Authority,Auckland,Polygon,Polygon,MultiPolygon,MultiPolygon,1,MultiPolygon,1
Auckland,Sexual Offences,Unlawful sexual contact of an adult,Te Atatu Central.,NZ,Auckland Region,Auckland.,1/09/2023,0250200,Auckland Region,Teritorial Authority,Auckland,Polygon,Polygon,MultiPolygon,MultiPolygon,1,MultiPolygon,1
Auckland,Sexual Offences,Unlawful sexual contact of an adult,Auckland Harbourside.,NZ,Auckland Region,Auckland.,1/05/2025,0438103,Auckland Region,Teritorial Authority,Auckland,Polygon,Polygon,MultiPolygon,MultiPolygon,1,MultiPolygon,1
Auckland,Sexual Offences,Unlawful sexual penetration of a child,Wattle Farm.,NZ,Auckland Region,Auckland.,1/12/2024,0769100,Auckland Region,Teritorial Authority,Auckland,Polygon,Polygon,MultiPolygon,MultiPolygon,1,MultiPolygon,1
Auckland,Sexual Offences,Unlawful sexual contact of a child,Wiri.,NZ,Auckland Region,Auckland.,1/03/2025,0780416,Auckland Region,Teritorial Authority,Auckland,Polygon,Polygon,MultiPolygon,MultiPolygon,1,MultiPolygon,1
Auckland,Sexual Offences,Unlawful sexual contact of a child,Favona West.,NZ,Auckland Region,Auckland.,1/09/2024,0731104,Auckland Region,Teritorial Authority,Auckland,Polygon,Polygon,MultiPolygon,MultiPolygon,1,MultiPolygon,1
Auckland,Sexual Offences,Offensive sexual acts,Balmoral.,NZ,Auckland Region,Auckland.,1/12/2024,0549200,Auckland Region,Teritorial Authority,Auckland,Polygon,Polygon,MultiPolygon,MultiPolygon,1,MultiPolygon,1
Auckland,Sexual Offences,Unlawful sexual contact of a child,Royal Oak.,NZ,Auckland Region,Auckland.,1/03/2025,0567300,Auckland Region,Teritorial Authority,Auckland,Polygon,Polygon,MultiPolygon,MultiPolygon,1,MultiPolygon,1
Auckland,Sexual Offences,Unlawful sexual contact of an adult,Pakuranga Central.,NZ,Auckland Region,Auckland.,1/05/2025,0685800,Auckland Region,Teritorial Authority,Auckland,Polygon,Polygon,MultiPolygon,MultiPolygon,1,MultiPolygon,1
Auckland,Sexual Offences,Unlawful sexual contact of an adult,Homai East.,NZ,Auckland Region,Auckland.,1/01/2025,0779500,Auckland Region,Teritorial Authority,Auckland,Polygon,Polygon,MultiPolygon,MultiPolygon,1,MultiPolygon,1
Auckland,Sexual Offences,Unlawful sexual contact of an adult,Auckland Central East.,NZ,Auckland Region,Auckland.,1/01/2025,0438106,Auckland Region,Teritorial Authority,Auckland,Polygon,Polygon,MultiPolygon,MultiPolygon,1,MultiPolygon,1
Auckland,Sexual Offences,Unlawful sexual contact of a child,Wattle Farm.,NZ,Auckland Region,Auckland.,1/09/2024,0769030,Auckland Region,Teritorial Authority,Auckland,Polygon,Polygon,MultiPolygon,MultiPolygon,1,MultiPolygon,1
Auckland,Sexual Offences,Offensive sexual acts,Freemans Bay.,NZ,Auckland Region,Auckland.,1/12/2024,0413700,Auckland Region,Teritorial Authority,Auckland,Polygon,Polygon,MultiPolygon,MultiPolygon,1,MultiPolygon,1
Auckland,Sexual Offences,Unlawful sexual penetration of a child,Rongomai.,NZ,Auckland Region,Auckland.,1/06/2024,0714000,Auckland Region,Teritorial Authority,Auckland,Polygon,Polygon,MultiPolygon,MultiPolygon,1,MultiPolygon,1
Auckland,Sexual Offences,Unlawful sexual contact of an adult,Auckland Central East.,NZ,Auckland Region,Auckland.,1/11/2023,0436803,Auckland Region,Teritorial Authority,Auckland,Polygon,Polygon,MultiPolygon,MultiPolygon,1,MultiPolygon,1
Auckland,Sexual Offences,Unlawful sexual penetration of an adult,Highland Park.,NZ,Auckland Region,Auckland.,1/12/2024,0681327,Auckland Region,Teritorial Authority,Auckland,Polygon,Polygon,MultiPolygon,MultiPolygon,1,MultiPolygon,1
Auckland,Sexual Offences,Unlawful sexual penetration of an adult,Mt Eden North.,NZ,Auckland Region,Auckland.,1/01/2025,0542700,Auckland Region,Teritorial Authority,Auckland,Polygon,Polygon,MultiPolygon,MultiPolygon,1,MultiPolygon,1
Auckland,Sexual Offences,Unlawful sexual contact of a child,Harania West.,NZ,Auckland Region,Auckland.,1/09/2024,0735200,Auckland Region,Teritorial Authority,Auckland,Polygon,Polygon,MultiPolygon,MultiPolygon,1,MultiPolygon,1
Auckland,Sexual Offences,Unlawful sexual contact of a child,Rongomai.,NZ,Auckland Region,Auckland.,1/07/2024,0713018,Auckland Region,Teritorial Authority,Auckland,Polygon,Polygon,MultiPolygon,MultiPolygon,1,MultiPolygon,1
Auckland,Sexual Offences,Unlawful sexual contact of an adult,Lynnmall.,NZ,Auckland Region,Auckland.,1/01/2025,0266000,Auckland Region,Teritorial Authority,Auckland,Polygon,Polygon,MultiPolygon,MultiPolygon,1,MultiPolygon,1
Auckland,Sexual Offences,Unlawful sexual contact of an adult,Grafton East.,NZ,Auckland Region,Auckland.,1/11/2023,0442400,Auckland Region,Teritorial Authority,Auckland,Polygon,Polygon,MultiPolygon,MultiPolygon,1,MultiPolygon,1
Auckland,Sexual Offences,Unlawful sexual penetration of a child,Sturges North.,NZ,Auckland Region,Auckland.,1/01/2025,0236818,Auckland Region,Teritorial Authority,Auckland,Polygon,Polygon,MultiPolygon,MultiPolygon,1,MultiPolygon,1
Auckland,Sexual Offences,Unlawful sexual penetration of an adult,Donegal Park.,NZ,Auckland Region,Auckland.,1/01/2025,0716300,Auckland Region,Teritorial Authority,Auckland,Polygon,Polygon,MultiPolygon,MultiPolygon,1,MultiPolygon,1
Auckland,Sexual Offences,Unlawful sexual penetration of an adult,Mt St John.,NZ,Auckland Region,Auckland.,1/08/2024,0615000,Auckland Region,Teritorial Authority,Auckland,Polygon,Polygon,MultiPolygon,MultiPolygon,1,MultiPolygon,1
Auckland,Sexual Offences,Unlawful sexual contact of a child,Auckland Harbourside.,NZ,Auckland Region,Auckland.,1/08/2024,0438103,Auckland Region,Teritorial Authority,Auckland,Polygon,Polygon,MultiPolygon,MultiPolygon,1,MultiPolygon,1
Auckland,Sexual Offences,Unlawful sexual contact of an adult,Mt Eden North.,NZ,Auckland Region,Auckland.,1/01/2025,0542700,Auckland Region,Teritorial Authority,Auckland,Polygon,Polygon,MultiPolygon,MultiPolygon,1,MultiPolygon,1
Auckland,Sexual Offences,Unlawful sexual contact of an adult,Otahuhu West.,NZ,Auckland Region,Auckland.,1/11/2023,0781700,Auckland Region,Teritorial Authority,Auckland,Polygon,Polygon,MultiPolygon,MultiPolygon,1,MultiPolygon,1
Auckland,Sexual Offences,Unlawful sexual contact of an adult,Manukau Central.,NZ,Auckland Region,Auckland.,1/02/2025,0781200,Auckland Region,Teritorial Authority,Auckland,Polygon,Polygon,MultiPolygon,MultiPolygon,1,MultiPolygon,1
Auckland,Sexual Offences,Unlawful sexual penetration of an adult,Oratia.,NZ,Auckland Region,Auckland.,1/08/2024,0278403,Auckland Region,Teritorial Authority,Auckland,Polygon,Polygon,MultiPolygon,MultiPolygon,1,MultiPolygon,1
Auckland,Sexual Offences,Unlawful sexual penetration of a child,Oratia.,NZ,Auckland Region,Auckland.,1/08/2024,0278504,Auckland Region,Teritorial Authority,Auckland,Polygon,Polygon,MultiPolygon,MultiPolygon,1,MultiPolygon,1
Auckland,Sexual Offences,Unlawful sexual contact of an adult,Orakei North.,NZ,Auckland Region,Auckland.,1/02/2025,0498600,Auckland Region,Teritorial Authority,Auckland,Polygon,Polygon,MultiPolygon,MultiPolygon,1,MultiPolygon,1
Auckland,Sexual Offences,Unlawful sexual contact of an adult,Mt St John.,NZ,Auckland Region,Auckland.,1/06/2025,0613600,Auckland Region,Teritorial Authority,Auckland,Polygon,Polygon,MultiPolygon,MultiPolygon,1,MultiPolygon,1
Auckland,Sexual Offences,Unlawful sexual contact of an adult,Grafton East.,NZ,Auckland Region,Auckland.,1/03/2025,0442400,Auckland Region,Teritorial Authority,Auckland,Polygon,Polygon,MultiPolygon,MultiPolygon,1,MultiPolygon,1
Auckland,Sexual Offences,Unlawful sexual penetration of a child,Sunnyvale.,NZ,Auckland Region,Auckland.,1/08/2024,0277302,Auckland Region,Teritorial Authority,Auckland,Polygon,Polygon,MultiPolygon,MultiPolygon,1,MultiPolygon,1
Auckland,Sexual Offences,Unlawful sexual penetration of a child,Parnell West.,NZ,Auckland Region,Auckland.,1/09/2024,0454900,Auckland Region,Teritorial Authority,Auckland,Polygon,Polygon,MultiPolygon,MultiPolygon,1,MultiPolygon,1
Auckland,Sexual Offences,Unlawful sexual contact of an adult,Manukau Central.,NZ,Auckland Region,Auckland.,1/03/2025,0780204,Auckland Region,Teritorial Authority,Auckland,Polygon,Polygon,MultiPolygon,MultiPolygon,1,MultiPolygon,1
Auckland,Sexual Offences,Unlawful sexual contact of an adult,Newton.,NZ,Auckland Region,Auckland.,1/06/2025,0412301,Auckland Region,Teritorial Authority,Auckland,Polygon,Polygon,MultiPolygon,MultiPolygon,1,MultiPolygon,1
Auckland,Sexual Offences,Unlawful sexual penetration of an adult,Middlemore.,NZ,Auckland Region,Auckland.,1/01/2025,0786500,Auckland Region,Teritorial Authority,Auckland,Polygon,Polygon,MultiPolygon,MultiPolygon,2,MultiPolygon,2
Auckland,Sexual Offences,Unlawful sexual contact of a child,Edmonton.,NZ,Auckland Region,Auckland.,1/09/2024,0253501,Auckland Region,Teritorial Authority,Auckland,Polygon,Polygon,MultiPolygon,MultiPolygon,1,MultiPolygon,1
Auckland,Sexual Offences,Unlawful sexual penetration of an adult,Narrow Neck.,NZ,Auckland Region,Auckland.,1/06/2024,0340300,Auckland Region,Teritorial Authority,Auckland,Polygon,Polygon,MultiPolygon,MultiPolygon,1,MultiPolygon,1
Auckland,Sexual Offences,Unlawful sexual contact of an adult,Meadowbank South.,NZ,Auckland Region,Auckland.,1/07/2025,0463703,Auckland Region,Teritorial Authority,Auckland,Polygon,Polygon,MultiPolygon,MultiPolygon,1,MultiPolygon,1
Auckland,Sexual Offences,Unlawful sexual contact of an adult,Middlemore.,NZ,Auckland Region,Auckland.,1/03/2025,0786500,Auckland Region,Teritorial Authority,Auckland,Polygon,Polygon,MultiPolygon,MultiPolygon,2,MultiPolygon,2
Auckland,Sexual Offences,Unlawful sexual penetration of a child,Panmure Basin.,NZ,Auckland Region,Auckland.,1/04/2025,0629500,Auckland Region,Teritorial Authority,Auckland,Polygon,Polygon,MultiPolygon,MultiPolygon,1,MultiPolygon,1
Auckland,Sexual Offences,Unlawful sexual penetration of an adult,Elsmore Park.,NZ,Auckland Region,Auckland.,1/03/2025,0681304,Auckland Region,Teritorial Authority,Auckland,Polygon,Polygon,MultiPolygon,MultiPolygon,1,MultiPolygon,1
Auckland,Sexual Offences,Unlawful sexual penetration of a child,Hyperion.,NZ,Auckland Region,Auckland.,1/07/2024,0759733,Auckland Region,Teritorial Authority,Auckland,Polygon,Polygon,MultiPolygon,MultiPolygon,1,MultiPolygon,1
Auckland,Sexual Offences,Unlawful sexual penetration of an adult,Manukau Central.,NZ,Auckland Region,Auckland.,1/11/2024,0781200,Auckland Region,Teritorial Authority,Auckland,Polygon,Polygon,MultiPolygon,MultiPolygon,1,MultiPolygon,1
Auckland,Sexual Offences,Unlawful sexual contact of a child,Warkworth.,NZ,Auckland Region,Auckland.,1/02/2025,0140500,Auckland Region,Teritorial Authority,Auckland,Polygon,Polygon,MultiPolygon,MultiPolygon,1,MultiPolygon,1
Auckland,Sexual Offences,Unlawful sexual contact of an adult,Parnell West.,NZ,Auckland Region,Auckland.,1/12/2023,0454300,Auckland Region,Teritorial Authority,Auckland,Polygon,Polygon,MultiPolygon,MultiPolygon,1,MultiPolygon,1
Auckland,Sexual Offences,Unlawful sexual contact of an adult,Auckland Central East.,NZ,Auckland Region,Auckland.,1/06/2024,0437600,Auckland Region,Teritorial Authority,Auckland,Polygon,Polygon,MultiPolygon,MultiPolygon,1,MultiPolygon,1
Auckland,Sexual Offences,Unlawful sexual contact of an adult,Awhitu.,NZ,Auckland Region,Auckland.,1/06/2024,0831100,Auckland Region,Teritorial Authority,Auckland,Polygon,Polygon,MultiPolygon,MultiPolygon,1,MultiPolygon,1
Auckland,Sexual Offences,Unlawful sexual penetration of an adult,Karekare.,NZ,Auckland Region,Auckland.,1/11/2024,0282020,Auckland Region,Teritorial Authority,Auckland,MultiPolygon,Polygon,MultiPolygon,MultiPolygon,1,MultiPolygon,1
Auckland,Sexual Offences,Unlawful sexual penetration of an adult,Westlake.,NZ,Auckland Region,Auckland.,1/03/2025,0305800,Auckland Region,Teritorial Authority,Auckland,Polygon,Polygon,MultiPolygon,MultiPolygon,1,MultiPolygon,1
Auckland,Sexual Offences,Unlawful sexual contact of an adult,Abbotts Park.,NZ,Auckland Region,Auckland.,1/12/2023,0495200,Auckland Region,Teritorial Authority,Auckland,Polygon,Polygon,MultiPolygon,MultiPolygon,1,MultiPolygon,1
Auckland,Sexual Offences,Unlawful sexual contact of an adult,Mt Wellington South.,NZ,Auckland Region,Auckland.,1/07/2024,0637500,Auckland Region,Teritorial Authority,Auckland,Polygon,Polygon,MultiPolygon,MultiPolygon,1,MultiPolygon,1
Auckland,Sexual Offences,Unlawful sexual contact of an adult,Takanini West.,NZ,Auckland Region,Auckland.,1/07/2024,0768010,Auckland Region,Teritorial Authority,Auckland,Polygon,Polygon,MultiPolygon,MultiPolygon,1,MultiPolygon,1
Auckland,Sexual Offences,Unlawful sexual contact of an adult,Lynnmall.,NZ,Auckland Region,Auckland.,1/07/2025,0266000,Auckland Region,Teritorial Authority,Auckland,Polygon,Polygon,MultiPolygon,MultiPolygon,1,MultiPolygon,1
Auckland,Sexual Offences,Unlawful sexual penetration of an adult,Randwick Park.,NZ,Auckland Region,Auckland.,1/02/2025,0759724,Auckland Region,Teritorial Authority,Auckland,Polygon,Polygon,MultiPolygon,MultiPolygon,1,MultiPolygon,1
Auckland,Sexual Offences,Unlawful sexual contact of an adult,Auckland Harbourside.,NZ,Auckland Region,Auckland.,1/12/2023,0438209,Auckland Region,Teritorial Authority,Auckland,Polygon,Polygon,MultiPolygon,MultiPolygon,1,MultiPolygon,1
Auckland,Sexual Offences,Unlawful sexual contact of an adult,Penrose.,NZ,Auckland Region,Auckland.,1/07/2024,0621400,Auckland Region,Teritorial Authority,Auckland,Polygon,Polygon,MultiPolygon,MultiPolygon,1,MultiPolygon,1
Auckland,Sexual Offences,Unlawful sexual penetration of a child,Avondale South.,NZ,Auckland Region,Auckland.,1/05/2024,0371800,Auckland Region,Teritorial Authority,Auckland,Polygon,Polygon,MultiPolygon,MultiPolygon,1,MultiPolygon,1
Auckland,Sexual Offences,Unlawful sexual penetration of a child,Parakai Urban.,NZ,Auckland Region,Auckland.,1/10/2024,0210906,Auckland Region,Teritorial Authority,Auckland,Polygon,Polygon,MultiPolygon,MultiPolygon,1,MultiPolygon,1
Auckland,Sexual Offences,Offensive sexual acts,Konini.,NZ,Auckland Region,Auckland.,1/01/2024,0298303,Auckland Region,Teritorial Authority,Auckland,Polygon,Polygon,MultiPolygon,MultiPolygon,1,MultiPolygon,1
Auckland,Sexual Offences,Unlawful sexual penetration of an adult,Auckland Harbourside.,NZ,Auckland Region,Auckland.,1/09/2023,0438209,Auckland Region,Teritorial Authority,Auckland,Polygon,Polygon,MultiPolygon,MultiPolygon,1,MultiPolygon,1
Auckland,Sexual Offences,Unlawful sexual penetration of an adult,Auckland Central West.,NZ,Auckland Region,Auckland.,1/08/2024,0433802,Auckland Region,Teritorial Authority,Auckland,Polygon,Polygon,MultiPolygon,MultiPolygon,1,MultiPolygon,1
Auckland,Sexual Offences,Unlawful sexual penetration of a child,Greenmount.,NZ,Auckland Region,Auckland.,1/05/2024,0711704,Auckland Region,Teritorial Authority,Auckland,Polygon,Polygon,MultiPolygon,MultiPolygon,1,MultiPolygon,1
Auckland,Sexual Offences,Unlawful sexual contact of an adult,Wakeling.,NZ,Auckland Region,Auckland.,1/07/2025,0254500,Auckland Region,Teritorial Authority,Auckland,Polygon,Polygon,MultiPolygon,MultiPolygon,1,MultiPolygon,1
Auckland,Sexual Offences,Unlawful sexual contact of a child,Epsom North.,NZ,Auckland Region,Auckland.,1/01/2025,0457700,Auckland Region,Teritorial Authority,Auckland,Polygon,Polygon,MultiPolygon,MultiPolygon,1,MultiPolygon,1
Auckland,Sexual Offences,Unlawful sexual penetration of an adult,Murvale.,NZ,Auckland Region,Auckland.,1/09/2023,0680900,Auckland Region,Teritorial Authority,Auckland,Polygon,Polygon,MultiPolygon,MultiPolygon,1,MultiPolygon,1
Auckland,Sexual Offences,Unlawful sexual contact of an adult,Harania West.,NZ,Auckland Region,Auckland.,1/09/2024,0734603,Auckland Region,Teritorial Authority,Auckland,Polygon,Polygon,MultiPolygon,MultiPolygon,2,MultiPolygon,2
Auckland,Sexual Offences,Unlawful sexual contact of a child,Papatoetoe Central.,NZ,Auckland Region,Auckland.,1/06/2024,0665602,Auckland Region,Teritorial Authority,Auckland,Polygon,Polygon,MultiPolygon,MultiPolygon,1,MultiPolygon,1
Auckland,Sexual Offences,Unlawful sexual penetration of a child,Papakura North.,NZ,Auckland Region,Auckland.,1/07/2025,0792900,Auckland Region,Teritorial Authority,Auckland,Polygon,Polygon,MultiPolygon,MultiPolygon,1,MultiPolygon,1
Auckland,Sexual Offences,Unlawful sexual penetration of a child,Sandringham North.,NZ,Auckland Region,Auckland.,1/01/2025,0536500,Auckland Region,Teritorial Authority,Auckland,Polygon,Polygon,MultiPolygon,MultiPolygon,1,MultiPolygon,1
Auckland,Sexual Offences,Unlawful sexual contact of an adult,Kilkenny.,NZ,Auckland Region,Auckland.,1/10/2023,3202003,Auckland Region,Teritorial Authority,Auckland,Polygon,Polygon,MultiPolygon,MultiPolygon,1,MultiPolygon,1
Auckland,Sexual Offences,Offensive sexual acts,Henderson South.,NZ,Auckland Region,Auckland.,1/01/2025,0243300,Auckland Region,Teritorial Authority,Auckland,Polygon,Polygon,MultiPolygon,MultiPolygon,1,MultiPolygon,1
Auckland,Sexual Offences,Unlawful sexual penetration of a child,Freemans Bay.,NZ,Auckland Region,Auckland.,1/06/2024,0415400,Auckland Region,Teritorial Authority,Auckland,Polygon,Polygon,MultiPolygon,MultiPolygon,1,MultiPolygon,1
Auckland,Sexual Offences,Unlawful sexual contact of an adult,Takanini West.,NZ,Auckland Region,Auckland.,1/10/2024,0767922,Auckland Region,Teritorial Authority,Auckland,Polygon,Polygon,MultiPolygon,MultiPolygon,1,MultiPolygon,1
Auckland,Sexual Offences,Unlawful sexual penetration of a child,Viscount.,NZ,Auckland Region,Auckland.,1/01/2025,0737802,Auckland Region,Teritorial Authority,Auckland,Polygon,Polygon,MultiPolygon,MultiPolygon,1,MultiPolygon,1
Auckland,Sexual Offences,Unlawful sexual contact of an adult,Manurewa Central.,NZ,Auckland Region,Auckland.,1/10/2023,0752100,Auckland Region,Teritorial Authority,Auckland,Polygon,Polygon,MultiPolygon,MultiPolygon,1,MultiPolygon,1
Auckland,Sexual Offences,Offensive sexual acts,Torbay.,NZ,Auckland Region,Auckland.,1/08/2024,0166800,Auckland Region,Teritorial Authority,Auckland,Polygon,Polygon,MultiPolygon,MultiPolygon,1,MultiPolygon,1
Auckland,Sexual Offences,Unlawful sexual contact of a child,Half Moon Bay.,NZ,Auckland Region,Auckland.,1/09/2024,0678900,Auckland Region,Teritorial Authority,Auckland,Polygon,Polygon,MultiPolygon,MultiPolygon,1,MultiPolygon,1
Auckland,Sexual Offences,Unlawful sexual penetration of an adult,Otara North.,NZ,Auckland Region,Auckland.,1/01/2024,0700601,Auckland Region,Teritorial Authority,Auckland,Polygon,Polygon,MultiPolygon,MultiPolygon,1,MultiPolygon,1
Auckland,Sexual Offences,Unlawful sexual contact of an adult,Grafton West.,NZ,Auckland Region,Auckland.,1/05/2024,0440700,Auckland Region,Teritorial Authority,Auckland,Polygon,Polygon,MultiPolygon,MultiPolygon,1,MultiPolygon,1
Auckland,Sexual Offences,Unlawful sexual penetration of a child,Windsor Park.,NZ,Auckland Region,Auckland.,1/02/2025,0180813,Auckland Region,Teritorial Authority,Auckland,Polygon,Polygon,MultiPolygon,MultiPolygon,1,MultiPolygon,1
Auckland,Sexual Offences,Unlawful sexual penetration of an adult,Hingaia.,NZ,Auckland Region,Auckland.,1/05/2025,0806604,Auckland Region,Teritorial Authority,Auckland,Polygon,Polygon,MultiPolygon,MultiPolygon,1,MultiPolygon,1
Auckland,Sexual Offences,Unlawful sexual contact of a child,Lynnmall.,NZ,Auckland Region,Auckland.,1/09/2024,0266000,Auckland Region,Teritorial Authority,Auckland,Polygon,Polygon,MultiPolygon,MultiPolygon,1,MultiPolygon,1
Auckland,Sexual Offences,Unlawful sexual contact of an adult,Waitaramoa.,NZ,Auckland Region,Auckland.,1/01/2025,0484900,Auckland Region,Teritorial Authority,Auckland,Polygon,Polygon,MultiPolygon,MultiPolygon,1,MultiPolygon,1
Auckland,Sexual Offences,Unlawful sexual contact of an adult,Lynnmall.,NZ,Auckland Region,Auckland.,1/05/2024,0266000,Auckland Region,Teritorial Authority,Auckland,Polygon,Polygon,MultiPolygon,MultiPolygon,1,MultiPolygon,1
Auckland,Sexual Offences,Unlawful sexual penetration of a child,Kaukapakapa Rural.,NZ,Auckland Region,Auckland.,1/05/2024,0211402,Auckland Region,Teritorial Authority,Auckland,MultiPolygon,Polygon,MultiPolygon,MultiPolygon,1,MultiPolygon,1
Auckland,Sexual Offences,Unlawful sexual contact of an adult,Hingaia.,NZ,Auckland Region,Auckland.,1/11/2024,0806604,Auckland Region,Teritorial Authority,Auckland,Polygon,Polygon,MultiPolygon,MultiPolygon,1,MultiPolygon,1
Auckland,Sexual Offences,Unlawful sexual contact of an adult,Auckland Central West.,NZ,Auckland Region,Auckland.,1/07/2024,0435000,Auckland Region,Teritorial Authority,Auckland,Polygon,Polygon,MultiPolygon,MultiPolygon,1,MultiPolygon,1
Auckland,Sexual Offences,Unlawful sexual penetration of an adult,Auckland Harbourside.,NZ,Auckland Region,Auckland.,1/01/2025,0433005,Auckland Region,Teritorial Authority,Auckland,Polygon,Polygon,MultiPolygon,MultiPolygon,1,MultiPolygon,1
Auckland,Sexual Offences,Unlawful sexual penetration of an adult,Mt St John.,NZ,Auckland Region,Auckland.,1/05/2024,0613900,Auckland Region,Teritorial Authority,Auckland,Polygon,Polygon,MultiPolygon,MultiPolygon,1,MultiPolygon,1
Auckland,Sexual Offences,Unlawful sexual contact of a child,Red Beach East.,NZ,Auckland Region,Auckland.,1/09/2024,0173119,Auckland Region,Teritorial Authority,Auckland,Polygon,Polygon,MultiPolygon,MultiPolygon,1,MultiPolygon,1
Auckland,Sexual Offences,Offensive sexual acts,Glenavon.,NZ,Auckland Region,Auckland.,1/05/2025,0379200,Auckland Region,Teritorial Authority,Auckland,Polygon,Polygon,MultiPolygon,MultiPolygon,1,MultiPolygon,1
Auckland,Sexual Offences,Unlawful sexual contact of an adult,Auckland Central East.,NZ,Auckland Region,Auckland.,1/05/2024,0438304,Auckland Region,Teritorial Authority,Auckland,Polygon,Polygon,MultiPolygon,MultiPolygon,1,MultiPolygon,1
Auckland,Sexual Offences,Unlawful sexual contact of an adult,Northcote South.,NZ,Auckland Region,Auckland.,1/05/2024,0358700,Auckland Region,Teritorial Authority,Auckland,Polygon,Polygon,MultiPolygon,MultiPolygon,1,MultiPolygon,1
Auckland,Sexual Offences,Offensive sexual acts,Crum Park.,NZ,Auckland Region,Auckland.,1/05/2025,0293100,Auckland Region,Teritorial Authority,Auckland,Polygon,Polygon,MultiPolygon,MultiPolygon,1,MultiPolygon,1
Auckland,Sexual Offences,Unlawful sexual penetration of an adult,Mt Eden North.,NZ,Auckland Region,Auckland.,1/07/2024,0542600,Auckland Region,Teritorial Authority,Auckland,Polygon,Polygon,MultiPolygon,MultiPolygon,1,MultiPolygon,1
Auckland,Sexual Offences,Unlawful sexual penetration of an adult,Mt Eden North.,NZ,Auckland Region,Auckland.,1/01/2025,0542700,Auckland Region,Teritorial Authority,Auckland,Polygon,Polygon,MultiPolygon,MultiPolygon,1,MultiPolygon,1
Auckland,Sexual Offences,Unlawful sexual contact of an adult,Wesley.,NZ,Auckland Region,Auckland.,1/06/2024,0579100,Auckland Region,Teritorial Authority,Auckland,Polygon,Polygon,MultiPolygon,MultiPolygon,1,MultiPolygon,1
Auckland,Sexual Offences,Intimate image offences,Kingseat.,NZ,Auckland Region,Auckland.,1/08/2024,0810612,Auckland Region,Teritorial Authority,Auckland,Polygon,Polygon,MultiPolygon,MultiPolygon,1,MultiPolygon,1
Auckland,Sexual Offences,Unlawful sexual penetration of an adult,New Lynn South.,NZ,Auckland Region,Auckland.,1/06/2024,0269500,Auckland Region,Teritorial Authority,Auckland,Polygon,Polygon,MultiPolygon,MultiPolygon,1,MultiPolygon,1
Auckland,Sexual Offences,Offensive sexual acts,Auckland Central West.,NZ,Auckland Region,Auckland.,1/06/2025,0433503,Auckland Region,Teritorial Authority,Auckland,Polygon,Polygon,MultiPolygon,MultiPolygon,1,MultiPolygon,1
Auckland,Sexual Offences,Unlawful sexual contact of an adult,Harania East.,NZ,Auckland Region,Auckland.,1/09/2024,0732700,Auckland Region,Teritorial Authority,Auckland,Polygon,Polygon,MultiPolygon,MultiPolygon,1,MultiPolygon,1
Auckland,Sexual Offences,Unlawful sexual contact of an adult,Dingwall.,NZ,Auckland Region,Auckland.,1/02/2025,0665900,Auckland Region,Teritorial Authority,Auckland,Polygon,Polygon,MultiPolygon,MultiPolygon,1,MultiPolygon,1
Auckland,Sexual Offences,Intimate image offences,Randwick Park.,NZ,Auckland Region,Auckland.,1/08/2024,0759727,Auckland Region,Teritorial Authority,Auckland,Polygon,Polygon,MultiPolygon,MultiPolygon,1,MultiPolygon,1
Auckland,Sexual Offences,Unlawful sexual penetration of a child,Glenfield North.,NZ,Auckland Region,Auckland.,1/01/2024,0196401,Auckland Region,Teritorial Authority,Auckland,Polygon,Polygon,MultiPolygon,MultiPolygon,1,MultiPolygon,1
Auckland,Sexual Offences,Unlawful sexual contact of an adult,Drury.,NZ,Auckland Region,Auckland.,1/07/2024,0809004,Auckland Region,Teritorial Authority,Auckland,Polygon,Polygon,MultiPolygon,MultiPolygon,1,MultiPolygon,1
Auckland,Sexual Offences,Unlawful sexual contact of an adult,Dannemora.,NZ,Auckland Region,Auckland.,1/07/2024,0711709,Auckland Region,Teritorial Authority,Auckland,Polygon,Polygon,MultiPolygon,MultiPolygon,1,MultiPolygon,1
Auckland,Sexual Offences,Offensive sexual acts,Auckland Central West.,NZ,Auckland Region,Auckland.,1/06/2025,0435802,Auckland Region,Teritorial Authority,Auckland,Polygon,Polygon,MultiPolygon,MultiPolygon,1,MultiPolygon,1
Auckland,Sexual Offences,Intimate image offences,Red Beach West.,NZ,Auckland Region,Auckland.,1/07/2024,0172502,Auckland Region,Teritorial Authority,Auckland,Polygon,Polygon,MultiPolygon,MultiPolygon,1,MultiPolygon,1
Auckland,Sexual Offences,Unlawful sexual contact of a child,Huapai.,NZ,Auckland Region,Auckland.,1/02/2025,0215602,Auckland Region,Teritorial Authority,Auckland,Polygon,Polygon,MultiPolygon,MultiPolygon,1,MultiPolygon,1
Auckland,Sexual Offences,Offensive sexual acts,Homai East.,NZ,Auckland Region,Auckland.,1/07/2025,0777900,Auckland Region,Teritorial Authority,Auckland,Polygon,Polygon,MultiPolygon,MultiPolygon,1,MultiPolygon,1
Auckland,Sexual Offences,Unlawful sexual penetration of an adult,Manly.,NZ,Auckland Region,Auckland.,1/09/2024,0174411,Auckland Region,Teritorial Authority,Auckland,Polygon,Polygon,MultiPolygon,MultiPolygon,1,MultiPolygon,1
Auckland,Sexual Offences,Offensive sexual acts,Abbotts Park.,NZ,Auckland Region,Auckland.,1/08/2024,0495800,Auckland Region,Teritorial Authority,Auckland,Polygon,Polygon,MultiPolygon,MultiPolygon,1,MultiPolygon,1
Auckland,Sexual Offences,Unlawful sexual penetration of an adult,Point Chevalier South.,NZ,Auckland Region,Auckland.,1/07/2024,0391100,Auckland Region,Teritorial Authority,Auckland,Polygon,Polygon,MultiPolygon,MultiPolygon,1,MultiPolygon,1
Auckland,Sexual Offences,Unlawful sexual contact of a child,Papakura East.,NZ,Auckland Region,Auckland.,1/07/2024,0799130,Auckland Region,Teritorial Authority,Auckland,Polygon,Polygon,MultiPolygon,MultiPolygon,1,MultiPolygon,1
Auckland,Sexual Offences,Unlawful sexual penetration of an adult,Auckland Harbourside.,NZ,Auckland Region,Auckland.,1/08/2024,0433001,Auckland Region,Teritorial Authority,Auckland,Polygon,Polygon,MultiPolygon,MultiPolygon,1,MultiPolygon,1
Auckland,Sexual Offences,Unlawful sexual contact of a child,Lynfield North.,NZ,Auckland Region,Auckland.,1/09/2024,0585700,Auckland Region,Teritorial Authority,Auckland,Polygon,Polygon,MultiPolygon,MultiPolygon,1,MultiPolygon,1
Auckland,Sexual Offences,Unlawful sexual penetration of an adult,Hingaia.,NZ,Auckland Region,Auckland.,1/01/2025,0806800,Auckland Region,Teritorial Authority,Auckland,Polygon,Polygon,MultiPolygon,MultiPolygon,1,MultiPolygon,1
Auckland,Sexual Offences,Offensive sexual acts,Auckland Central East.,NZ,Auckland Region,Auckland.,1/11/2024,0436500,Auckland Region,Teritorial Authority,Auckland,Polygon,Polygon,MultiPolygon,MultiPolygon,1,MultiPolygon,1
Auckland,Sexual Offences,Unlawful sexual contact of an adult,Mt Hobson.,NZ,Auckland Region,Auckland.,1/09/2024,0491200,Auckland Region,Teritorial Authority,Auckland,Polygon,Polygon,MultiPolygon,MultiPolygon,1,MultiPolygon,1
Auckland,Sexual Offences,Unlawful sexual contact of an adult,Ormiston.,NZ,Auckland Region,Auckland.,1/02/2025,0712302,Auckland Region,Teritorial Authority,Auckland,Polygon,Polygon,MultiPolygon,MultiPolygon,1,MultiPolygon,1
Auckland,Sexual Offences,Offensive sexual acts,Onehunga South East.,NZ,Auckland Region,Auckland.,1/01/2024,0601700,Auckland Region,Teritorial Authority,Auckland,Polygon,Polygon,MultiPolygon,MultiPolygon,1,MultiPolygon,1
Auckland,Sexual Offences,Unlawful sexual penetration of a child,Hyperion.,NZ,Auckland Region,Auckland.,1/07/2024,0759731,Auckland Region,Teritorial Authority,Auckland,Polygon,Polygon,MultiPolygon,MultiPolygon,1,MultiPolygon,1
Auckland,Sexual Offences,Unlawful sexual contact of a child,Kohuora.,NZ,Auckland Region,Auckland.,1/07/2025,0657100,Auckland Region,Teritorial Authority,Auckland,Polygon,Polygon,MultiPolygon,MultiPolygon,1,MultiPolygon,1
Auckland,Sexual Offences,Unlawful sexual contact of an adult,Manukau Central.,NZ,Auckland Region,Auckland.,1/10/2024,0780204,Auckland Region,Teritorial Authority,Auckland,Polygon,Polygon,MultiPolygon,MultiPolygon,1,MultiPolygon,1
Auckland,Sexual Offences,Unlawful sexual penetration of a child,Pukekohe North.,NZ,Auckland Region,Auckland.,1/08/2024,0817500,Auckland Region,Teritorial Authority,Auckland,Polygon,Polygon,MultiPolygon,MultiPolygon,1,MultiPolygon,1
Auckland,Sexual Offences,Unlawful sexual penetration of an adult,Clendon South.,NZ,Auckland Region,Auckland.,1/11/2023,0774431,Auckland Region,Teritorial Authority,Auckland,Polygon,Polygon,MultiPolygon,MultiPolygon,1,MultiPolygon,1
Auckland,Sexual Offences,Unlawful sexual contact of an adult,Mangere Bridge.,NZ,Auckland Region,Auckland.,1/06/2025,0722100,Auckland Region,Teritorial Authority,Auckland,Polygon,Polygon,MultiPolygon,MultiPolygon,1,MultiPolygon,1
Auckland,Sexual Offences,Unlawful sexual contact of a child,Red Hill.,NZ,Auckland Region,Auckland.,1/05/2024,0800305,Auckland Region,Teritorial Authority,Auckland,Polygon,Polygon,MultiPolygon,MultiPolygon,2,MultiPolygon,2
Auckland,Sexual Offences,Unlawful sexual contact of an adult,Freemans Bay.,NZ,Auckland Region,Auckland.,1/02/2025,0415700,Auckland Region,Teritorial Authority,Auckland,Polygon,Polygon,MultiPolygon,MultiPolygon,1,MultiPolygon,1
Auckland,Sexual Offences,Unlawful sexual contact of an adult,Middlemore.,NZ,Auckland Region,Auckland.,1/10/2024,0786500,Auckland Region,Teritorial Authority,Auckland,Polygon,Polygon,MultiPolygon,MultiPolygon,1,MultiPolygon,1
Auckland,Sexual Offences,Offensive sexual acts,One Tree Hill Central.,NZ,Auckland Region,Auckland.,1/02/2025,0624500,Auckland Region,Teritorial Authority,Auckland,Polygon,Polygon,MultiPolygon,MultiPolygon,1,MultiPolygon,1
Auckland,Sexual Offences,Unlawful sexual contact of an adult,Mt Eden North.,NZ,Auckland Region,Auckland.,1/07/2025,0542700,Auckland Region,Teritorial Authority,Auckland,Polygon,Polygon,MultiPolygon,MultiPolygon,1,MultiPolygon,1
Auckland,Sexual Offences,Unlawful sexual penetration of a child,Hillpark.,NZ,Auckland Region,Auckland.,1/05/2024,0757100,Auckland Region,Teritorial Authority,Auckland,Polygon,Polygon,MultiPolygon,MultiPolygon,1,MultiPolygon,1
Auckland,Sexual Offences,Unlawful sexual contact of an adult,Manukau Central.,NZ,Auckland Region,Auckland.,1/05/2024,0781200,Auckland Region,Teritorial Authority,Auckland,Polygon,Polygon,MultiPolygon,MultiPolygon,1,MultiPolygon,1
Auckland,Sexual Offences,Unlawful sexual contact of an adult,Wiri.,NZ,Auckland Region,Auckland.,1/10/2024,0780416,Auckland Region,Teritorial Authority,Auckland,Polygon,Polygon,MultiPolygon,MultiPolygon,1,MultiPolygon,1
Auckland,Sexual Offences,Unlawful sexual contact of an adult,Sandringham North.,NZ,Auckland Region,Auckland.,1/08/2024,0536100,Auckland Region,Teritorial Authority,Auckland,Polygon,Polygon,MultiPolygon,MultiPolygon,1,MultiPolygon,1
Auckland,Sexual Offences,Unlawful sexual contact of a child,Orakei North.,NZ,Auckland Region,Auckland.,1/01/2024,0498600,Auckland Region,Teritorial Authority,Auckland,Polygon,Polygon,MultiPolygon,MultiPolygon,1,MultiPolygon,1
Auckland,Sexual Offences,Unlawful sexual contact of an adult,Manukau Central.,NZ,Auckland Region,Auckland.,1/12/2024,0781200,Auckland Region,Teritorial Authority,Auckland,Polygon,Polygon,MultiPolygon,MultiPolygon,1,MultiPolygon,1
Auckland,Sexual Offences,Unlawful sexual contact of an adult,St Heliers.,NZ,Auckland Region,Auckland.,1/07/2025,0509900,Auckland Region,Teritorial Authority,Auckland,Polygon,Polygon,MultiPolygon,MultiPolygon,1,MultiPolygon,1
Auckland,Sexual Offences,Unlawful sexual contact of a child,Mangere South.,NZ,Auckland Region,Auckland.,1/05/2024,0728807,Auckland Region,Teritorial Authority,Auckland,MultiPolygon,Polygon,MultiPolygon,MultiPolygon,1,MultiPolygon,1
Auckland,Sexual Offences,Unlawful sexual penetration of an adult,Manurewa Central.,NZ,Auckland Region,Auckland.,1/04/2025,0752000,Auckland Region,Teritorial Authority,Auckland,Polygon,Polygon,MultiPolygon,MultiPolygon,1,MultiPolygon,1
Auckland,Sexual Offences,Unlawful sexual penetration of an adult,Auckland Central West.,NZ,Auckland Region,Auckland.,1/07/2025,0435000,Auckland Region,Teritorial Authority,Auckland,Polygon,Polygon,MultiPolygon,MultiPolygon,1,MultiPolygon,1
Auckland,Sexual Offences,Unlawful sexual contact of a child,Otahuhu North.,NZ,Auckland Region,Auckland.,1/06/2024,0787000,Auckland Region,Teritorial Authority,Auckland,Polygon,Polygon,MultiPolygon,MultiPolygon,1,MultiPolygon,1
Auckland,Sexual Offences,Child procurement or grooming,North Harbour West.,NZ,Auckland Region,Auckland.,1/01/2025,0180004,Auckland Region,Teritorial Authority,Auckland,Polygon,Polygon,MultiPolygon,MultiPolygon,1,MultiPolygon,1
Auckland,Sexual Offences,Unlawful sexual contact of a child,Hillpark.,NZ,Auckland Region,Auckland.,1/01/2025,0754200,Auckland Region,Teritorial Authority,Auckland,Polygon,Polygon,MultiPolygon,MultiPolygon,1,MultiPolygon,1
Auckland,Sexual Offences,Unlawful sexual penetration of an adult,Otahuhu West.,NZ,Auckland Region,Auckland.,1/04/2025,0784400,Auckland Region,Teritorial Authority,Auckland,Polygon,Polygon,MultiPolygon,MultiPolygon,1,MultiPolygon,1
Auckland,Sexual Offences,Unlawful sexual contact of a child,Mangere East.,NZ,Auckland Region,Auckland.,1/06/2024,0657000,Auckland Region,Teritorial Authority,Auckland,Polygon,Polygon,MultiPolygon,MultiPolygon,1,MultiPolygon,1
Auckland,Sexual Offences,Child procurement or grooming,Windsor Park.,NZ,Auckland Region,Auckland.,1/02/2025,0180876,Auckland Region,Teritorial Authority,Auckland,Polygon,Polygon,MultiPolygon,MultiPolygon,1,MultiPolygon,1
Auckland,Sexual Offences,Unlawful sexual contact of an adult,Mt Eden North.,NZ,Auckland Region,Auckland.,1/01/2024,0542700,Auckland Region,Teritorial Authority,Auckland,Polygon,Polygon,MultiPolygon,MultiPolygon,1,MultiPolygon,1
Auckland,Sexual Offences,Unlawful sexual penetration of an adult,Mt Wellington South.,NZ,Auckland Region,Auckland.,1/11/2024,0637601,Auckland Region,Teritorial Authority,Auckland,Polygon,Polygon,MultiPolygon,MultiPolygon,1,MultiPolygon,1
Auckland,Sexual Offences,Unlawful sexual penetration of an adult,Elsmore Park.,NZ,Auckland Region,Auckland.,1/04/2025,0682800,Auckland Region,Teritorial Authority,Auckland,Polygon,Polygon,MultiPolygon,MultiPolygon,1,MultiPolygon,1
Auckland,Sexual Offences,Unlawful sexual penetration of a child,Millhouse.,NZ,Auckland Region,Auckland.,1/06/2024,0711164,Auckland Region,Teritorial Authority,Auckland,Polygon,Polygon,MultiPolygon,MultiPolygon,1,MultiPolygon,1
Auckland,Sexual Offences,Intimate image offences,Albany.,NZ,Auckland Region,Auckland.,1/03/2025,0178900,Auckland Region,Teritorial Authority,Auckland,Polygon,Polygon,MultiPolygon,MultiPolygon,1,MultiPolygon,1
Auckland,Sexual Offences,Unlawful sexual contact of an adult,Hillpark.,NZ,Auckland Region,Auckland.,1/01/2024,0757500,Auckland Region,Teritorial Authority,Auckland,Polygon,Polygon,MultiPolygon,MultiPolygon,1,MultiPolygon,1
Auckland,Sexual Offences,Unlawful sexual contact of an adult,Abbotts Park.,NZ,Auckland Region,Auckland.,1/07/2025,0494902,Auckland Region,Teritorial Authority,Auckland,Polygon,Polygon,MultiPolygon,MultiPolygon,1,MultiPolygon,1
Auckland,Sexual Offences,Offensive sexual acts,Auckland Harbourside.,NZ,Auckland Region,Auckland.,1/06/2024,0438211,Auckland Region,Teritorial Authority,Auckland,Polygon,Polygon,MultiPolygon,MultiPolygon,1,MultiPolygon,1
Auckland,Sexual Offences,Unlawful sexual contact of a child,Arahanga.,NZ,Auckland Region,Auckland.,1/07/2024,0737102,Auckland Region,Teritorial Authority,Auckland,Polygon,Polygon,MultiPolygon,MultiPolygon,1,MultiPolygon,1
Auckland,Sexual Offences,Offensive sexual acts,Mangere Bridge.,NZ,Auckland Region,Auckland.,1/06/2024,0725601,Auckland Region,Teritorial Authority,Auckland,Polygon,Polygon,MultiPolygon,MultiPolygon,1,MultiPolygon,1
Auckland,Sexual Offences,Intimate image offences,Ranui Domain.,NZ,Auckland Region,Auckland.,1/05/2024,0235906,Auckland Region,Teritorial Authority,Auckland,Polygon,Polygon,MultiPolygon,MultiPolygon,1,MultiPolygon,1
Auckland,Sexual Offences,Unlawful sexual contact of an adult,Roberton.,NZ,Auckland Region,Auckland.,1/01/2024,0382800,Auckland Region,Teritorial Authority,Auckland,Polygon,Polygon,MultiPolygon,MultiPolygon,1,MultiPolygon,1
Auckland,Sexual Offences,Offensive sexual acts,Pakuranga East.,NZ,Auckland Region,Auckland.,1/06/2025,0691000,Auckland Region,Teritorial Authority,Auckland,Polygon,Polygon,MultiPolygon,MultiPolygon,2,MultiPolygon,2
Auckland,Sexual Offences,Intimate image offences,Wade Heads.,NZ,Auckland Region,Auckland.,1/06/2024,0173907,Auckland Region,Teritorial Authority,Auckland,Polygon,Polygon,MultiPolygon,MultiPolygon,1,MultiPolygon,1
Auckland,Sexual Offences,Unlawful sexual penetration of an adult,Manukau Central.,NZ,Auckland Region,Auckland.,1/01/2025,0781200,Auckland Region,Teritorial Authority,Auckland,Polygon,Polygon,MultiPolygon,MultiPolygon,1,MultiPolygon,1
Auckland,Sexual Offences,Unlawful sexual penetration of a child,Wattle Farm.,NZ,Auckland Region,Auckland.,1/07/2024,0769300,Auckland Region,Teritorial Authority,Auckland,Polygon,Polygon,MultiPolygon,MultiPolygon,1,MultiPolygon,1
Auckland,Sexual Offences,Unlawful sexual contact of an adult,Auckland Harbourside.,NZ,Auckland Region,Auckland.,1/11/2023,0432900,Auckland Region,Teritorial Authority,Auckland,Polygon,Polygon,MultiPolygon,MultiPolygon,2,MultiPolygon,2
Auckland,Sexual Offences,Offensive sexual acts,Auckland Central East.,NZ,Auckland Region,Auckland.,1/09/2024,0438406,Auckland Region,Teritorial Authority,Auckland,Polygon,Polygon,MultiPolygon,MultiPolygon,1,MultiPolygon,1
Auckland,Sexual Offences,Offensive sexual acts,Kaipatiki.,NZ,Auckland Region,Auckland.,1/09/2024,0186301,Auckland Region,Teritorial Authority,Auckland,Polygon,Polygon,MultiPolygon,MultiPolygon,1,MultiPolygon,1
Auckland,Sexual Offences,Intimate image offences,North Harbour West.,NZ,Auckland Region,Auckland.,1/11/2024,0179902,Auckland Region,Teritorial Authority,Auckland,Polygon,Polygon,MultiPolygon,MultiPolygon,1,MultiPolygon,1
Auckland,Sexual Offences,Unlawful sexual contact of a child,Oaktree.,NZ,Auckland Region,Auckland.,1/06/2024,0160000,Auckland Region,Teritorial Authority,Auckland,Polygon,Polygon,MultiPolygon,MultiPolygon,1,MultiPolygon,1
Auckland,Sexual Offences,Offensive sexual acts,Grafton East.,NZ,Auckland Region,Auckland.,1/12/2024,0442400,Auckland Region,Teritorial Authority,Auckland,Polygon,Polygon,MultiPolygon,MultiPolygon,1,MultiPolygon,1
Auckland,Sexual Offences,Unlawful sexual contact of an adult,Panmure Basin.,NZ,Auckland Region,Auckland.,1/01/2025,0629303,Auckland Region,Teritorial Authority,Auckland,Polygon,Polygon,MultiPolygon,MultiPolygon,1,MultiPolygon,1
Auckland,Sexual Offences,Unlawful sexual contact of a child,Harania West.,NZ,Auckland Region,Auckland.,1/08/2024,0736200,Auckland Region,Teritorial Authority,Auckland,Polygon,Polygon,MultiPolygon,MultiPolygon,1,MultiPolygon,1
Auckland,Sexual Offences,Offensive sexual acts,Glamorgan.,NZ,Auckland Region,Auckland.,1/10/2024,0166305,Auckland Region,Teritorial Authority,Auckland,Polygon,Polygon,MultiPolygon,MultiPolygon,1,MultiPolygon,1
Auckland,Sexual Offences,Unlawful sexual contact of a child,Monarch Park.,NZ,Auckland Region,Auckland.,1/07/2024,0207800,Auckland Region,Teritorial Authority,Auckland,Polygon,Polygon,MultiPolygon,MultiPolygon,1,MultiPolygon,1
Auckland,Sexual Offences,Unlawful sexual contact of a child,Kumeu West.,NZ,Auckland Region,Auckland.,1/10/2024,0214601,Auckland Region,Teritorial Authority,Auckland,Polygon,Polygon,MultiPolygon,MultiPolygon,1,MultiPolygon,1
Auckland,Sexual Offences,Offensive sexual acts,Newton.,NZ,Auckland Region,Auckland.,1/04/2024,0412100,Auckland Region,Teritorial Authority,Auckland,Polygon,Polygon,MultiPolygon,MultiPolygon,1,MultiPolygon,1
Auckland,Sexual Offences,Unlawful sexual contact of an adult,Papatoetoe North.,NZ,Auckland Region,Auckland.,1/01/2025,0663100,Auckland Region,Teritorial Authority,Auckland,Polygon,Polygon,MultiPolygon,MultiPolygon,1,MultiPolygon,1
Auckland,Sexual Offences,Unlawful sexual contact of a child,Wymondley.,NZ,Auckland Region,Auckland.,1/09/2024,0699600,Auckland Region,Teritorial Authority,Auckland,Polygon,Polygon,MultiPolygon,MultiPolygon,1,MultiPolygon,1
Auckland,Sexual Offences,Unlawful sexual contact of an adult,Sunnyhills.,NZ,Auckland Region,Auckland.,1/09/2024,0694900,Auckland Region,Teritorial Authority,Auckland,Polygon,Polygon,MultiPolygon,MultiPolygon,1,MultiPolygon,1
Auckland,Sexual Offences,Unlawful sexual contact of an adult,Glenfield North.,NZ,Auckland Region,Auckland.,1/06/2024,0196600,Auckland Region,Teritorial Authority,Auckland,Polygon,Polygon,MultiPolygon,MultiPolygon,1,MultiPolygon,1
Auckland,Sexual Offences,Unlawful sexual penetration of a child,Stanmore Bay East.,NZ,Auckland Region,Auckland.,1/06/2025,0173706,Auckland Region,Teritorial Authority,Auckland,Polygon,Polygon,MultiPolygon,MultiPolygon,1,MultiPolygon,1
Auckland,Sexual Offences,Unlawful sexual penetration of a child,Crum Park.,NZ,Auckland Region,Auckland.,1/08/2023,0291800,Auckland Region,Teritorial Authority,Auckland,Polygon,Polygon,MultiPolygon,MultiPolygon,1,MultiPolygon,1
Auckland,Sexual Offences,Unlawful sexual contact of an adult,Edmonton.,NZ,Auckland Region,Auckland.,1/10/2024,0255701,Auckland Region,Teritorial Authority,Auckland,Polygon,Polygon,MultiPolygon,MultiPolygon,1,MultiPolygon,1
Auckland,Sexual Offences,Unlawful sexual penetration of an adult,Auckland Harbourside.,NZ,Auckland Region,Auckland.,1/01/2025,0438209,Auckland Region,Teritorial Authority,Auckland,Polygon,Polygon,MultiPolygon,MultiPolygon,1,MultiPolygon,1
Auckland,Sexual Offences,Unlawful sexual penetration of a child,Dannemora.,NZ,Auckland Region,Auckland.,1/09/2023,0711709,Auckland Region,Teritorial Authority,Auckland,Polygon,Polygon,MultiPolygon,MultiPolygon,1,MultiPolygon,1
Auckland,Sexual Offences,Unlawful sexual contact of a child,Cape Rodney.,NZ,Auckland Region,Auckland.,1/07/2024,0144100,Auckland Region,Teritorial Authority,Auckland,MultiPolygon,Polygon,MultiPolygon,MultiPolygon,1,MultiPolygon,1
Auckland,Sexual Offences,Unlawful sexual contact of an adult,Browns Bay.,NZ,Auckland Region,Auckland.,1/06/2024,0160900,Auckland Region,Teritorial Authority,Auckland,Polygon,Polygon,MultiPolygon,MultiPolygon,1,MultiPolygon,1
Auckland,Sexual Offences,Unlawful sexual penetration of an adult,Mt Victoria.,NZ,Auckland Region,Auckland.,1/09/2024,0331200,Auckland Region,Teritorial Authority,Auckland,Polygon,Polygon,MultiPolygon,MultiPolygon,1,MultiPolygon,1
Auckland,Sexual Offences,Unlawful sexual contact of an adult,West Harbour.,NZ,Auckland Region,Auckland.,1/05/2025,0224241,Auckland Region,Teritorial Authority,Auckland,Polygon,Polygon,MultiPolygon,MultiPolygon,1,MultiPolygon,1
Auckland,Sexual Offences,Unlawful sexual contact of an adult,Auckland Harbourside.,NZ,Auckland Region,Auckland.,1/02/2025,0432900,Auckland Region,Teritorial Authority,Auckland,Polygon,Polygon,MultiPolygon,MultiPolygon,1,MultiPolygon,1
Auckland,Sexual Offences,Unlawful sexual contact of a child,Mascot.,NZ,Auckland Region,Auckland.,1/10/2023,0737500,Auckland Region,Teritorial Authority,Auckland,Polygon,Polygon,MultiPolygon,MultiPolygon,1,MultiPolygon,1
Auckland,Sexual Offences,Offensive sexual acts,Tuff Crater.,NZ,Auckland Region,Auckland.,1/06/2024,0364500,Auckland Region,Teritorial Authority,Auckland,Polygon,Polygon,MultiPolygon,MultiPolygon,2,MultiPolygon,2
Auckland,Sexual Offences,Unlawful sexual contact of an adult,Swanson.,NZ,Auckland Region,Auckland.,1/06/2025,0237901,Auckland Region,Teritorial Authority,Auckland,Polygon,Polygon,MultiPolygon,MultiPolygon,1,MultiPolygon,1
Auckland,Sexual Offences,Intimate image offences,Massey Park.,NZ,Auckland Region,Auckland.,1/09/2024,0798102,Auckland Region,Teritorial Authority,Auckland,Polygon,Polygon,MultiPolygon,MultiPolygon,1,MultiPolygon,1
Auckland,Sexual Offences,Unlawful sexual contact of an adult,Auckland Central West.,NZ,Auckland Region,Auckland.,1/02/2025,0435700,Auckland Region,Teritorial Authority,Auckland,Polygon,Polygon,MultiPolygon,MultiPolygon,1,MultiPolygon,1
Auckland,Sexual Offences,Unlawful sexual contact of a child,Mt Wellington South.,NZ,Auckland Region,Auckland.,1/04/2025,0636000,Auckland Region,Teritorial Authority,Auckland,Polygon,Polygon,MultiPolygon,MultiPolygon,1,MultiPolygon,1
Auckland,Sexual Offences,Unlawful sexual penetration of an adult,Huapai.,NZ,Auckland Region,Auckland.,1/11/2024,0215602,Auckland Region,Teritorial Authority,Auckland,Polygon,Polygon,MultiPolygon,MultiPolygon,1,MultiPolygon,1
Auckland,Sexual Offences,Unlawful sexual penetration of a child,Takanini North.,NZ,Auckland Region,Auckland.,1/05/2024,0766904,Auckland Region,Teritorial Authority,Auckland,Polygon,Polygon,MultiPolygon,MultiPolygon,1,MultiPolygon,1
Auckland,Sexual Offences,Unlawful sexual contact of an adult,Ellerslie South.,NZ,Auckland Region,Auckland.,1/12/2023,0613400,Auckland Region,Teritorial Authority,Auckland,Polygon,Polygon,MultiPolygon,MultiPolygon,1,MultiPolygon,1
Auckland,Sexual Offences,Produce or distribute child abuse material,Ormiston.,NZ,Auckland Region,Auckland.,1/06/2024,0712302,Auckland Region,Teritorial Authority,Auckland,Polygon,Polygon,MultiPolygon,MultiPolygon,1,MultiPolygon,1
Auckland,Sexual Offences,Unlawful sexual contact of an adult,Henderson South.,NZ,Auckland Region,Auckland.,1/01/2024,0244600,Auckland Region,Teritorial Authority,Auckland,Polygon,Polygon,MultiPolygon,MultiPolygon,1,MultiPolygon,1
Auckland,Sexual Offences,Unlawful sexual penetration of an adult,Arch Hill.,NZ,Auckland Region,Auckland.,1/08/2023,0417900,Auckland Region,Teritorial Authority,Auckland,Polygon,Polygon,MultiPolygon,MultiPolygon,1,MultiPolygon,1
Auckland,Sexual Offences,Unlawful sexual contact of an adult,Glenfield Central.,NZ,Auckland Region,Auckland.,1/11/2024,0200300,Auckland Region,Teritorial Authority,Auckland,Polygon,Polygon,MultiPolygon,MultiPolygon,1,MultiPolygon,1
Auckland,Sexual Offences,Child procurement or grooming,Sandringham North.,NZ,Auckland Region,Auckland.,1/02/2025,0536100,Auckland Region,Teritorial Authority,Auckland,Polygon,Polygon,MultiPolygon,MultiPolygon,1,MultiPolygon,1
Auckland,Sexual Offences,Unlawful sexual contact of an adult,Auckland Harbourside.,NZ,Auckland Region,Auckland.,1/09/2023,0438209,Auckland Region,Teritorial Authority,Auckland,Polygon,Polygon,MultiPolygon,MultiPolygon,1,MultiPolygon,1
Auckland,Sexual Offences,Unlawful sexual contact of an adult,Westlake.,NZ,Auckland Region,Auckland.,1/11/2024,0304300,Auckland Region,Teritorial Authority,Auckland,Polygon,Polygon,MultiPolygon,MultiPolygon,1,MultiPolygon,1
Auckland,Sexual Offences,Unlawful sexual contact of an adult,Windsor Park.,NZ,Auckland Region,Auckland.,1/02/2025,0180826,Auckland Region,Teritorial Authority,Auckland,Polygon,Polygon,MultiPolygon,MultiPolygon,1,MultiPolygon,1
Auckland,Sexual Offences,Child procurement or grooming,Mascot.,NZ,Auckland Region,Auckland.,1/07/2024,0742300,Auckland Region,Teritorial Authority,Auckland,Polygon,Polygon,MultiPolygon,MultiPolygon,1,MultiPolygon,1
Auckland,Sexual Offences,Unlawful sexual contact of an adult,Mt Hobson.,NZ,Auckland Region,Auckland.,1/09/2023,0491000,Auckland Region,Teritorial Authority,Auckland,Polygon,Polygon,MultiPolygon,MultiPolygon,1,MultiPolygon,1
Auckland,Sexual Offences,Offensive sexual acts,Papakura Central.,NZ,Auckland Region,Auckland.,1/11/2024,0793000,Auckland Region,Teritorial Authority,Auckland,Polygon,Polygon,MultiPolygon,MultiPolygon,1,MultiPolygon,1
Auckland,Sexual Offences,Unlawful sexual penetration of an adult,Auckland Central East.,NZ,Auckland Region,Auckland.,1/05/2024,0437400,Auckland Region,Teritorial Authority,Auckland,Polygon,Polygon,MultiPolygon,MultiPolygon,1,MultiPolygon,1
Auckland,Sexual Offences,Unlawful sexual contact of a child,Rosehill.,NZ,Auckland Region,Auckland.,1/05/2025,0804200,Auckland Region,Teritorial Authority,Auckland,Polygon,Polygon,MultiPolygon,MultiPolygon,1,MultiPolygon,1
Auckland,Sexual Offences,Unlawful sexual contact of an adult,Grafton East.,NZ,Auckland Region,Auckland.,1/05/2024,0442400,Auckland Region,Teritorial Authority,Auckland,Polygon,Polygon,MultiPolygon,MultiPolygon,1,MultiPolygon,1
Auckland,Sexual Offences,Intimate image offences,Mt Hobson.,NZ,Auckland Region,Auckland.,1/01/2025,0490701,Auckland Region,Teritorial Authority,Auckland,Polygon,Polygon,MultiPolygon,MultiPolygon,1,MultiPolygon,1
Auckland,Sexual Offences,Unlawful sexual penetration of a child,Aorere.,NZ,Auckland Region,Auckland.,1/05/2025,0745000,Auckland Region,Teritorial Authority,Auckland,Polygon,Polygon,MultiPolygon,MultiPolygon,1,MultiPolygon,1
Auckland,Sexual Offences,Unlawful sexual penetration of an adult,Otara North.,NZ,Auckland Region,Auckland.,1/05/2024,0700700,Auckland Region,Teritorial Authority,Auckland,Polygon,Polygon,MultiPolygon,MultiPolygon,1,MultiPolygon,1
Auckland,Sexual Offences,Offensive sexual acts,Manukau Central.,NZ,Auckland Region,Auckland.,1/05/2024,0780209,Auckland Region,Teritorial Authority,Auckland,Polygon,Polygon,MultiPolygon,MultiPolygon,1,MultiPolygon,1
Auckland,Sexual Offences,Unlawful sexual contact of a child,Ponsonby West.,NZ,Auckland Region,Auckland.,1/05/2025,0428500,Auckland Region,Teritorial Authority,Auckland,Polygon,Polygon,MultiPolygon,MultiPolygon,1,MultiPolygon,1
Auckland,Sexual Offences,Unlawful sexual contact of a child,Auckland Central West.,NZ,Auckland Region,Auckland.,1/02/2025,0433200,Auckland Region,Teritorial Authority,Auckland,Polygon,Polygon,MultiPolygon,MultiPolygon,1,MultiPolygon,1
Auckland,Sexual Offences,Unlawful sexual contact of an adult,Papatoetoe North.,NZ,Auckland Region,Auckland.,1/06/2024,0663200,Auckland Region,Teritorial Authority,Auckland,Polygon,Polygon,MultiPolygon,MultiPolygon,1,MultiPolygon,1
Auckland,Sexual Offences,Unlawful sexual contact of a child,Weymouth East.,NZ,Auckland Region,Auckland.,1/05/2024,0774001,Auckland Region,Teritorial Authority,Auckland,Polygon,Polygon,MultiPolygon,MultiPolygon,1,MultiPolygon,1
Auckland,Sexual Offences,Unlawful sexual penetration of a child,Glen Innes East.,NZ,Auckland Region,Auckland.,1/06/2025,0476700,Auckland Region,Teritorial Authority,Auckland,Polygon,Polygon,MultiPolygon,MultiPolygon,1,MultiPolygon,1
Auckland,Sexual Offences,Unlawful sexual contact of an adult,Auckland Central East.,NZ,Auckland Region,Auckland.,1/06/2024,0438306,Auckland Region,Teritorial Authority,Auckland,Polygon,Polygon,MultiPolygon,MultiPolygon,1,MultiPolygon,1
Auckland,Sexual Offences,Unlawful sexual contact of an adult,Lynnmall.,NZ,Auckland Region,Auckland.,1/06/2024,0266000,Auckland Region,Teritorial Authority,Auckland,Polygon,Polygon,MultiPolygon,MultiPolygon,1,MultiPolygon,1
Auckland,Sexual Offences,Unlawful sexual contact of a child,Mt Wellington Domain.,NZ,Auckland Region,Auckland.,1/07/2024,0627800,Auckland Region,Teritorial Authority,Auckland,Polygon,Polygon,MultiPolygon,MultiPolygon,1,MultiPolygon,1
Auckland,Sexual Offences,Unlawful sexual penetration of a child,Aorere.,NZ,Auckland Region,Auckland.,1/06/2025,0743600,Auckland Region,Teritorial Authority,Auckland,Polygon,Polygon,MultiPolygon,MultiPolygon,1,MultiPolygon,1
Auckland,Sexual Offences,Unlawful sexual penetration of an adult,Grafton East.,NZ,Auckland Region,Auckland.,1/06/2024,0442400,Auckland Region,Teritorial Authority,Auckland,Polygon,Polygon,MultiPolygon,MultiPolygon,1,MultiPolygon,1
Auckland,Sexual Offences,Unlawful sexual contact of an adult,Grafton East.,NZ,Auckland Region,Auckland.,1/06/2024,0442400,Auckland Region,Teritorial Authority,Auckland,Polygon,Polygon,MultiPolygon,MultiPolygon,1,MultiPolygon,1
Auckland,Sexual Offences,Unlawful sexual penetration of an adult,Auckland Central West.,NZ,Auckland Region,Auckland.,1/01/2025,0435802,Auckland Region,Teritorial Authority,Auckland,Polygon,Polygon,MultiPolygon,MultiPolygon,1,MultiPolygon,1
Auckland,Sexual Offences,Unlawful sexual penetration of an adult,Mt Eden North.,NZ,Auckland Region,Auckland.,1/04/2025,0542700,Auckland Region,Teritorial Authority,Auckland,Polygon,Polygon,MultiPolygon,MultiPolygon,1,MultiPolygon,1
Auckland,Sexual Offences,Unlawful sexual contact of an adult,Mt Eden North.,NZ,Auckland Region,Auckland.,1/10/2024,0542700,Auckland Region,Teritorial Authority,Auckland,Polygon,Polygon,MultiPolygon,MultiPolygon,1,MultiPolygon,1
Auckland,Sexual Offences,Unlawful sexual contact of an adult,Arch Hill.,NZ,Auckland Region,Auckland.,1/07/2024,0417500,Auckland Region,Teritorial Authority,Auckland,Polygon,Polygon,MultiPolygon,MultiPolygon,1,MultiPolygon,1
Auckland,Sexual Offences,Unlawful sexual contact of an adult,Manukau Central.,NZ,Auckland Region,Auckland.,1/02/2025,0780209,Auckland Region,Teritorial Authority,Auckland,Polygon,Polygon,MultiPolygon,MultiPolygon,1,MultiPolygon,1
Auckland,Sexual Offences,Unlawful sexual contact of an adult,Otahuhu West.,NZ,Auckland Region,Auckland.,1/07/2024,0782600,Auckland Region,Teritorial Authority,Auckland,Polygon,Polygon,MultiPolygon,MultiPolygon,1,MultiPolygon,1
Auckland,Sexual Offences,Unlawful sexual contact of an adult,Papatoetoe East.,NZ,Auckland Region,Auckland.,1/05/2025,0670700,Auckland Region,Teritorial Authority,Auckland,Polygon,Polygon,MultiPolygon,MultiPolygon,1,MultiPolygon,1
Auckland,Sexual Offences,Unlawful sexual contact of an adult,Newton.,NZ,Auckland Region,Auckland.,1/02/2025,0412100,Auckland Region,Teritorial Authority,Auckland,Polygon,Polygon,MultiPolygon,MultiPolygon,1,MultiPolygon,1
Auckland,Sexual Offences,Unlawful sexual contact of an adult,Grafton East.,NZ,Auckland Region,Auckland.,1/07/2024,0442800,Auckland Region,Teritorial Authority,Auckland,Polygon,Polygon,MultiPolygon,MultiPolygon,1,MultiPolygon,1
Auckland,Sexual Offences,Unlawful sexual contact of an adult,Manukau Central.,NZ,Auckland Region,Auckland.,1/07/2024,0780204,Auckland Region,Teritorial Authority,Auckland,Polygon,Polygon,MultiPolygon,MultiPolygon,1,MultiPolygon,1
Auckland,Sexual Offences,Unlawful sexual penetration of an adult,Auckland Central East.,NZ,Auckland Region,Auckland.,1/02/2025,0437600,Auckland Region,Teritorial Authority,Auckland,Polygon,Polygon,MultiPolygon,MultiPolygon,1,MultiPolygon,1
Auckland,Sexual Offences,Unlawful sexual penetration of an adult,Manukau Central.,NZ,Auckland Region,Auckland.,1/05/2025,0781200,Auckland Region,Teritorial Authority,Auckland,Polygon,Polygon,MultiPolygon,MultiPolygon,1,MultiPolygon,1
Auckland,Sexual Offences,Unlawful sexual contact of an adult,Auckland Central West.,NZ,Auckland Region,Auckland.,1/07/2024,0435700,Auckland Region,Teritorial Authority,Auckland,Polygon,Polygon,MultiPolygon,MultiPolygon,1,MultiPolygon,1
Auckland,Sexual Offences,Unlawful sexual contact of an adult,Mangere Bridge.,NZ,Auckland Region,Auckland.,1/05/2024,0722502,Auckland Region,Teritorial Authority,Auckland,Polygon,Polygon,MultiPolygon,MultiPolygon,1,MultiPolygon,1
Auckland,Sexual Offences,Unlawful sexual penetration of an adult,Panmure Basin.,NZ,Auckland Region,Auckland.,1/06/2025,0629301,Auckland Region,Teritorial Authority,Auckland,Polygon,Polygon,MultiPolygon,MultiPolygon,1,MultiPolygon,1
Auckland,Sexual Offences,Unlawful sexual penetration of an adult,St Heliers.,NZ,Auckland Region,Auckland.,1/07/2024,0509100,Auckland Region,Teritorial Authority,Auckland,Polygon,Polygon,MultiPolygon,MultiPolygon,1,MultiPolygon,1
Auckland,Sexual Offences,Unlawful sexual contact of an adult,Mt Eden North.,NZ,Auckland Region,Auckland.,1/08/2024,0542700,Auckland Region,Teritorial Authority,Auckland,Polygon,Polygon,MultiPolygon,MultiPolygon,1,MultiPolygon,1
Auckland,Sexual Offences,Unlawful sexual contact of an adult,Manukau Central.,NZ,Auckland Region,Auckland.,1/11/2024,0781200,Auckland Region,Teritorial Authority,Auckland,Polygon,Polygon,MultiPolygon,MultiPolygon,1,MultiPolygon,1
Auckland,Sexual Offences,Unlawful sexual penetration of an adult,Auckland Central East.,NZ,Auckland Region,Auckland.,1/06/2024,0436801,Auckland Region,Teritorial Authority,Auckland,Polygon,Polygon,MultiPolygon,MultiPolygon,1,MultiPolygon,1
Auckland,Sexual Offences,Unlawful sexual contact of an adult,Lynfield North.,NZ,Auckland Region,Auckland.,1/08/2024,0583704,Auckland Region,Teritorial Authority,Auckland,Polygon,Polygon,MultiPolygon,MultiPolygon,1,MultiPolygon,1
Auckland,Sexual Offences,Unlawful sexual penetration of an adult,Grey Lynn East.,NZ,Auckland Region,Auckland.,1/07/2024,0409200,Auckland Region,Teritorial Authority,Auckland,Polygon,Polygon,MultiPolygon,MultiPolygon,1,MultiPolygon,1
Auckland,Sexual Offences,Unlawful sexual contact of an adult,Maungawhau.,NZ,Auckland Region,Auckland.,1/07/2025,0555500,Auckland Region,Teritorial Authority,Auckland,Polygon,Polygon,MultiPolygon,MultiPolygon,1,MultiPolygon,1
Auckland,Sexual Offences,Unlawful sexual contact of an adult,One Tree Hill East.,NZ,Auckland Region,Auckland.,1/08/2024,0617600,Auckland Region,Teritorial Authority,Auckland,Polygon,Polygon,MultiPolygon,MultiPolygon,1,MultiPolygon,1
Auckland,Sexual Offences,Unlawful sexual penetration of an adult,Onehunga South West.,NZ,Auckland Region,Auckland.,1/07/2024,0601600,Auckland Region,Teritorial Authority,Auckland,Polygon,Polygon,MultiPolygon,MultiPolygon,1,MultiPolygon,1
Auckland,Sexual Offences,Unlawful sexual contact of a child,Otahuhu West.,NZ,Auckland Region,Auckland.,1/11/2023,0786300,Auckland Region,Teritorial Authority,Auckland,Polygon,Polygon,MultiPolygon,MultiPolygon,3,MultiPolygon,3
Auckland,Sexual Offences,Unlawful sexual contact of an adult,Beaumont.,NZ,Auckland Region,Auckland.,1/10/2024,0752900,Auckland Region,Teritorial Authority,Auckland,Polygon,Polygon,MultiPolygon,MultiPolygon,1,MultiPolygon,1
Auckland,Sexual Offences,Unlawful sexual penetration of an adult,Newton.,NZ,Auckland Region,Auckland.,1/10/2024,0412100,Auckland Region,Teritorial Authority,Auckland,Polygon,Polygon,MultiPolygon,MultiPolygon,1,MultiPolygon,1
Auckland,Sexual Offences,Unlawful sexual contact of a child,Henderson South.,NZ,Auckland Region,Auckland.,1/10/2024,0241800,Auckland Region,Teritorial Authority,Auckland,Polygon,Polygon,MultiPolygon,MultiPolygon,1,MultiPolygon,1
Auckland,Sexual Offences,Unlawful sexual contact of an adult,Viscount.,NZ,Auckland Region,Auckland.,1/08/2024,0739901,Auckland Region,Teritorial Authority,Auckland,Polygon,Polygon,MultiPolygon,MultiPolygon,1,MultiPolygon,1
Auckland,Sexual Offences,Unlawful sexual contact of an adult,Auckland Central West.,NZ,Auckland Region,Auckland.,1/04/2024,0436001,Auckland Region,Teritorial Authority,Auckland,Polygon,Polygon,MultiPolygon,MultiPolygon,1,MultiPolygon,1
Auckland,Sexual Offences,Unlawful sexual penetration of a child,Henderson South.,NZ,Auckland Region,Auckland.,1/05/2025,0242800,Auckland Region,Teritorial Authority,Auckland,Polygon,Polygon,MultiPolygon,MultiPolygon,1,MultiPolygon,1
Auckland,Sexual Offences,Unlawful sexual penetration of an adult,Mangere Station.,NZ,Auckland Region,Auckland.,1/08/2024,0749500,Auckland Region,Teritorial Authority,Auckland,Polygon,Polygon,MultiPolygon,MultiPolygon,1,MultiPolygon,1
Auckland,Sexual Offences,Unlawful sexual penetration of an adult,Mt St John.,NZ,Auckland Region,Auckland.,1/08/2024,0615102,Auckland Region,Teritorial Authority,Auckland,Polygon,Polygon,MultiPolygon,MultiPolygon,1,MultiPolygon,1
Auckland,Sexual Offences,Unlawful sexual contact of an adult,Glen Innes West.,NZ,Auckland Region,Auckland.,1/04/2024,0463800,Auckland Region,Teritorial Authority,Auckland,Polygon,Polygon,MultiPolygon,MultiPolygon,1,MultiPolygon,1
Auckland,Sexual Offences,Unlawful sexual penetration of a child,Royal Heights.,NZ,Auckland Region,Auckland.,1/07/2025,0224407,Auckland Region,Teritorial Authority,Auckland,Polygon,Polygon,MultiPolygon,MultiPolygon,1,MultiPolygon,1
Auckland,Sexual Offences,Unlawful sexual contact of an adult,Epsom North.,NZ,Auckland Region,Auckland.,1/09/2024,0457800,Auckland Region,Teritorial Authority,Auckland,Polygon,Polygon,MultiPolygon,MultiPolygon,1,MultiPolygon,1
Auckland,Sexual Offences,Unlawful sexual contact of an adult,Manukau Central.,NZ,Auckland Region,Auckland.,1/04/2024,0780204,Auckland Region,Teritorial Authority,Auckland,Polygon,Polygon,MultiPolygon,MultiPolygon,1,MultiPolygon,1
Auckland,Sexual Offences,Unlawful sexual penetration of an adult,Westlake.,NZ,Auckland Region,Auckland.,1/07/2025,0304300,Auckland Region,Teritorial Authority,Auckland,Polygon,Polygon,MultiPolygon,MultiPolygon,1,MultiPolygon,1
Auckland,Sexual Offences,Unlawful sexual contact of an adult,Panmure Basin.,NZ,Auckland Region,Auckland.,1/09/2024,0629203,Auckland Region,Teritorial Authority,Auckland,Polygon,Polygon,MultiPolygon,MultiPolygon,1,MultiPolygon,1
Auckland,Sexual Offences,Unlawful sexual contact of an adult,Edmonton.,NZ,Auckland Region,Auckland.,1/07/2025,0255200,Auckland Region,Teritorial Authority,Auckland,Polygon,Polygon,MultiPolygon,MultiPolygon,1,MultiPolygon,1
Auckland,Sexual Offences,Unlawful sexual contact of an adult,Clendon South.,NZ,Auckland Region,Auckland.,1/04/2024,0774431,Auckland Region,Teritorial Authority,Auckland,Polygon,Polygon,MultiPolygon,MultiPolygon,1,MultiPolygon,1
Auckland,Sexual Offences,Unlawful sexual penetration of an adult,Remuera South.,NZ,Auckland Region,Auckland.,1/09/2024,0493100,Auckland Region,Teritorial Authority,Auckland,Polygon,Polygon,MultiPolygon,MultiPolygon,1,MultiPolygon,1
Auckland,Sexual Offences,Unlawful sexual penetration of an adult,Tauhoa-Puhoi.,NZ,Auckland Region,Auckland.,1/11/2024,0146102,Auckland Region,Teritorial Authority,Auckland,MultiPolygon,Polygon,MultiPolygon,MultiPolygon,1,MultiPolygon,1
Auckland,Sexual Offences,Possess or access child abuse material,Mairangi Bay.,NZ,Auckland Region,Auckland.,1/09/2024,0151700,Auckland Region,Teritorial Authority,Auckland,Polygon,Polygon,MultiPolygon,MultiPolygon,1,MultiPolygon,1
Auckland,Sexual Offences,Unlawful sexual contact of an adult,Papakura Central.,NZ,Auckland Region,Auckland.,1/11/2023,0793000,Auckland Region,Teritorial Authority,Auckland,Polygon,Polygon,MultiPolygon,MultiPolygon,1,MultiPolygon,1
Auckland,Sexual Offences,Unlawful sexual penetration of an adult,Auckland Harbourside.,NZ,Auckland Region,Auckland.,1/04/2024,0440114,Auckland Region,Teritorial Authority,Auckland,Polygon,Polygon,MultiPolygon,MultiPolygon,1,MultiPolygon,1
Auckland,Sexual Offences,Unlawful sexual penetration of an adult,Auckland Harbourside.,NZ,Auckland Region,Auckland.,1/04/2025,0433001,Auckland Region,Teritorial Authority,Auckland,Polygon,Polygon,MultiPolygon,MultiPolygon,1,MultiPolygon,1
Auckland,Sexual Offences,Produce or distribute child abuse material,Castor Bay.,NZ,Auckland Region,Auckland.,1/09/2024,0315100,Auckland Region,Teritorial Authority,Auckland,Polygon,Polygon,MultiPolygon,MultiPolygon,1,MultiPolygon,1
Auckland,Sexual Offences,Offensive sexual acts,Papakura North East.,NZ,Auckland Region,Auckland.,1/10/2024,0794100,Auckland Region,Teritorial Authority,Auckland,Polygon,Polygon,MultiPolygon,MultiPolygon,2,MultiPolygon,2
Auckland,Sexual Offences,Child procurement or grooming,Otara North.,NZ,Auckland Region,Auckland.,1/04/2024,0704100,Auckland Region,Teritorial Authority,Auckland,Polygon,Polygon,MultiPolygon,MultiPolygon,1,MultiPolygon,1
Auckland,Sexual Offences,Offensive sexual acts,Mangere East.,NZ,Auckland Region,Auckland.,1/09/2023,0656301,Auckland Region,Teritorial Authority,Auckland,Polygon,Polygon,MultiPolygon,MultiPolygon,1,MultiPolygon,1
Auckland,Sexual Offences,Offensive sexual acts,Sturges North.,NZ,Auckland Region,Auckland.,1/02/2025,0236804,Auckland Region,Teritorial Authority,Auckland,Polygon,Polygon,MultiPolygon,MultiPolygon,1,MultiPolygon,1
Auckland,Sexual Offences,Offensive sexual acts,Auckland Central East.,NZ,Auckland Region,Auckland.,1/04/2025,0437200,Auckland Region,Teritorial Authority,Auckland,Polygon,Polygon,MultiPolygon,MultiPolygon,1,MultiPolygon,1
Auckland,Sexual Offences,Offensive sexual acts,Albany.,NZ,Auckland Region,Auckland.,1/05/2024,0178900,Auckland Region,Teritorial Authority,Auckland,Polygon,Polygon,MultiPolygon,MultiPolygon,1,MultiPolygon,1
Auckland,Sexual Offences,Offensive sexual acts,Mt Eden North.,NZ,Auckland Region,Auckland.,1/09/2023,0542700,Auckland Region,Teritorial Authority,Auckland,Polygon,Polygon,MultiPolygon,MultiPolygon,1,MultiPolygon,1
Auckland,Sexual Offences,Offensive sexual acts,Glendowie.,NZ,Auckland Region,Auckland.,1/04/2025,0513000,Auckland Region,Teritorial Authority,Auckland,Polygon,Polygon,MultiPolygon,MultiPolygon,1,MultiPolygon,1
Auckland,Sexual Offences,Unlawful sexual penetration of a child,Mt Victoria.,NZ,Auckland Region,Auckland.,1/09/2024,0333200,Auckland Region,Teritorial Authority,Auckland,Polygon,Polygon,MultiPolygon,MultiPolygon,1,MultiPolygon,1
Auckland,Sexual Offences,Unlawful sexual penetration of an adult,Takapuna Central.,NZ,Auckland Region,Auckland.,1/08/2024,0324300,Auckland Region,Teritorial Authority,Auckland,Polygon,Polygon,MultiPolygon,MultiPolygon,1,MultiPolygon,1
Auckland,Sexual Offences,Offensive sexual acts,Auckland Central West.,NZ,Auckland Region,Auckland.,1/10/2023,0433900,Auckland Region,Teritorial Authority,Auckland,Polygon,Polygon,MultiPolygon,MultiPolygon,1,MultiPolygon,1
Auckland,Sexual Offences,Offensive sexual acts,Mission Bay.,NZ,Auckland Region,Auckland.,1/06/2025,0501600,Auckland Region,Teritorial Authority,Auckland,Polygon,Polygon,MultiPolygon,MultiPolygon,1,MultiPolygon,1
Auckland,Sexual Offences,Produce or distribute child abuse material,Randwick Park.,NZ,Auckland Region,Auckland.,1/05/2024,0759717,Auckland Region,Teritorial Authority,Auckland,Polygon,Polygon,MultiPolygon,MultiPolygon,1,MultiPolygon,1
Auckland,Sexual Offences,Offensive sexual acts,St Heliers.,NZ,Auckland Region,Auckland.,1/07/2024,0509900,Auckland Region,Teritorial Authority,Auckland,Polygon,Polygon,MultiPolygon,MultiPolygon,1,MultiPolygon,1
Auckland,Sexual Offences,Offensive sexual acts,Point View.,NZ,Auckland Region,Auckland.,1/02/2025,0711807,Auckland Region,Teritorial Authority,Auckland,Polygon,Polygon,MultiPolygon,MultiPolygon,1,MultiPolygon,1
Auckland,Sexual Offences,Unlawful sexual contact of a child,Kingsland.,NZ,Auckland Region,Auckland.,1/10/2024,0532503,Auckland Region,Teritorial Authority,Auckland,Polygon,Polygon,MultiPolygon,MultiPolygon,1,MultiPolygon,1
Auckland,Sexual Offences,Offensive sexual acts,Glen Innes North.,NZ,Auckland Region,Auckland.,1/08/2024,0468900,Auckland Region,Teritorial Authority,Auckland,Polygon,Polygon,MultiPolygon,MultiPolygon,1,MultiPolygon,1
Auckland,Sexual Offences,Unlawful sexual contact of a child,Onehunga South West.,NZ,Auckland Region,Auckland.,1/11/2023,0598700,Auckland Region,Teritorial Authority,Auckland,Polygon,Polygon,MultiPolygon,MultiPolygon,1,MultiPolygon,1
Auckland,Sexual Offences,Offensive sexual acts,Blockhouse Bay.,NZ,Auckland Region,Auckland.,1/05/2024,0368900,Auckland Region,Teritorial Authority,Auckland,Polygon,Polygon,MultiPolygon,MultiPolygon,1,MultiPolygon,1
Auckland,Sexual Offences,Offensive sexual acts,Auckland Central West.,NZ,Auckland Region,Auckland.,1/12/2024,0433801,Auckland Region,Teritorial Authority,Auckland,Polygon,Polygon,MultiPolygon,MultiPolygon,1,MultiPolygon,1
Auckland,Sexual Offences,Unlawful sexual contact of a child,Harania West.,NZ,Auckland Region,Auckland.,1/05/2025,0734601,Auckland Region,Teritorial Authority,Auckland,Polygon,Polygon,MultiPolygon,MultiPolygon,1,MultiPolygon,1
Auckland,Sexual Offences,Unlawful sexual contact of a child,Wattle Farm.,NZ,Auckland Region,Auckland.,1/11/2024,0769043,Auckland Region,Teritorial Authority,Auckland,Polygon,Polygon,MultiPolygon,MultiPolygon,1,MultiPolygon,1
Auckland,Sexual Offences,Offensive sexual acts,Newton.,NZ,Auckland Region,Auckland.,1/04/2024,0412000,Auckland Region,Teritorial Authority,Auckland,Polygon,Polygon,MultiPolygon,MultiPolygon,1,MultiPolygon,1
Auckland,Sexual Offences,Offensive sexual acts,Manurewa Central.,NZ,Auckland Region,Auckland.,1/08/2024,0751400,Auckland Region,Teritorial Authority,Auckland,Polygon,Polygon,MultiPolygon,MultiPolygon,1,MultiPolygon,1
Auckland,Sexual Offences,Unlawful sexual contact of a child,Manukau Central.,NZ,Auckland Region,Auckland.,1/11/2024,0780204,Auckland Region,Teritorial Authority,Auckland,Polygon,Polygon,MultiPolygon,MultiPolygon,1,MultiPolygon,1
Auckland,Sexual Offences,Unlawful sexual contact of a child,Mascot.,NZ,Auckland Region,Auckland.,1/12/2023,0737500,Auckland Region,Teritorial Authority,Auckland,Polygon,Polygon,MultiPolygon,MultiPolygon,1,MultiPolygon,1
Auckland,Sexual Offences,Unlawful sexual contact of a child,Hamlin.,NZ,Auckland Region,Auckland.,1/12/2023,0640002,Auckland Region,Teritorial Authority,Auckland,Polygon,Polygon,MultiPolygon,MultiPolygon,1,MultiPolygon,1
Auckland,Sexual Offences,Offensive sexual acts,Pigeon Mountain North.,NZ,Auckland Region,Auckland.,1/09/2024,0679812,Auckland Region,Teritorial Authority,Auckland,Polygon,Polygon,MultiPolygon,MultiPolygon,1,MultiPolygon,1
Auckland,Sexual Offences,Unlawful sexual contact of a child,Sunnyhills.,NZ,Auckland Region,Auckland.,1/11/2024,0691600,Auckland Region,Teritorial Authority,Auckland,Polygon,Polygon,MultiPolygon,MultiPolygon,1,MultiPolygon,1
Auckland,Sexual Offences,Unlawful sexual penetration of a child,Aorere.,NZ,Auckland Region,Auckland.,1/09/2023,0745900,Auckland Region,Teritorial Authority,Auckland,Polygon,Polygon,MultiPolygon,MultiPolygon,1,MultiPolygon,1
Auckland,Sexual Offences,Unlawful sexual contact of a child,Mt Wellington South.,NZ,Auckland Region,Auckland.,1/07/2024,0637500,Auckland Region,Teritorial Authority,Auckland,Polygon,Polygon,MultiPolygon,MultiPolygon,1,MultiPolygon,1
Auckland,Sexual Offences,Unlawful sexual penetration of a child,Papatoetoe Central.,NZ,Auckland Region,Auckland.,1/10/2023,0663400,Auckland Region,Teritorial Authority,Auckland,Polygon,Polygon,MultiPolygon,MultiPolygon,1,MultiPolygon,1
Auckland,Sexual Offences,Unlawful sexual contact of a child,Clendon South.,NZ,Auckland Region,Auckland.,1/07/2025,0774433,Auckland Region,Teritorial Authority,Auckland,Polygon,Polygon,MultiPolygon,MultiPolygon,1,MultiPolygon,1
Auckland,Sexual Offences,Unlawful sexual contact of an adult,Mangere South.,NZ,Auckland Region,Auckland.,1/01/2025,0728700,Auckland Region,Teritorial Authority,Auckland,MultiPolygon,Polygon,MultiPolygon,MultiPolygon,1,MultiPolygon,1
Auckland,Sexual Offences,Unlawful sexual contact of an adult,Auckland Harbourside.,NZ,Auckland Region,Auckland.,1/02/2025,0433001,Auckland Region,Teritorial Authority,Auckland,Polygon,Polygon,MultiPolygon,MultiPolygon,1,MultiPolygon,1
Auckland,Sexual Offences,Unlawful sexual contact of an adult,Grafton East.,NZ,Auckland Region,Auckland.,1/04/2025,0442400,Auckland Region,Teritorial Authority,Auckland,Polygon,Polygon,MultiPolygon,MultiPolygon,1,MultiPolygon,1
Auckland,Sexual Offences,Unlawful sexual contact of a child,Mt St John.,NZ,Auckland Region,Auckland.,1/10/2023,0614100,Auckland Region,Teritorial Authority,Auckland,Polygon,Polygon,MultiPolygon,MultiPolygon,1,MultiPolygon,1
Auckland,Sexual Offences,Unlawful sexual contact of an adult,Penrose.,NZ,Auckland Region,Auckland.,1/05/2024,0622500,Auckland Region,Teritorial Authority,Auckland,Polygon,Polygon,MultiPolygon,MultiPolygon,1,MultiPolygon,1
Auckland,Sexual Offences,Unlawful sexual penetration of an adult,Akarana.,NZ,Auckland Region,Auckland.,1/10/2024,0580100,Auckland Region,Teritorial Authority,Auckland,Polygon,Polygon,MultiPolygon,MultiPolygon,1,MultiPolygon,1
Auckland,Sexual Offences,Unlawful sexual contact of an adult,Mangere South.,NZ,Auckland Region,Auckland.,1/04/2025,0727200,Auckland Region,Teritorial Authority,Auckland,MultiPolygon,Polygon,MultiPolygon,MultiPolygon,1,MultiPolygon,1
Auckland,Sexual Offences,Unlawful sexual contact of a child,Lynnmall.,NZ,Auckland Region,Auckland.,1/05/2024,0266000,Auckland Region,Teritorial Authority,Auckland,Polygon,Polygon,MultiPolygon,MultiPolygon,1,MultiPolygon,1
Auckland,Sexual Offences,Unlawful sexual penetration of an adult,Grafton East.,NZ,Auckland Region,Auckland.,1/11/2023,0442400,Auckland Region,Teritorial Authority,Auckland,Polygon,Polygon,MultiPolygon,MultiPolygon,1,MultiPolygon,1
Auckland,Sexual Offences,Unlawful sexual contact of an adult,Auckland Harbourside.,NZ,Auckland Region,Auckland.,1/06/2024,0438217,Auckland Region,Teritorial Authority,Auckland,Polygon,Polygon,MultiPolygon,MultiPolygon,1,MultiPolygon,1
Auckland,Sexual Offences,Unlawful sexual contact of a child,Mangere East.,NZ,Auckland Region,Auckland.,1/08/2024,0747700,Auckland Region,Teritorial Authority,Auckland,Polygon,Polygon,MultiPolygon,MultiPolygon,1,MultiPolygon,1
Auckland,Sexual Offences,Unlawful sexual contact of a child,Papatoetoe East.,NZ,Auckland Region,Auckland.,1/09/2024,0670600,Auckland Region,Teritorial Authority,Auckland,Polygon,Polygon,MultiPolygon,MultiPolygon,1,MultiPolygon,1
Auckland,Sexual Offences,Unlawful sexual contact of an adult,Auckland Harbourside.,NZ,Auckland Region,Auckland.,1/11/2023,0438211,Auckland Region,Teritorial Authority,Auckland,Polygon,Polygon,MultiPolygon,MultiPolygon,1,MultiPolygon,1
Auckland,Sexual Offences,Unlawful sexual contact of an adult,Manukau Central.,NZ,Auckland Region,Auckland.,1/07/2024,0780204,Auckland Region,Teritorial Authority,Auckland,Polygon,Polygon,MultiPolygon,MultiPolygon,1,MultiPolygon,1
Auckland,Sexual Offences,Unlawful sexual contact of an adult,Auckland Central East.,NZ,Auckland Region,Auckland.,1/12/2023,0436700,Auckland Region,Teritorial Authority,Auckland,Polygon,Polygon,MultiPolygon,MultiPolygon,1,MultiPolygon,1
Auckland,Sexual Offences,Unlawful sexual penetration of an adult,Newton.,NZ,Auckland Region,Auckland.,1/07/2024,0412200,Auckland Region,Teritorial Authority,Auckland,Polygon,Polygon,MultiPolygon,MultiPolygon,1,MultiPolygon,1
Auckland,Sexual Offences,Unlawful sexual contact of an adult,Grafton East.,NZ,Auckland Region,Auckland.,1/05/2025,0442400,Auckland Region,Teritorial Authority,Auckland,Polygon,Polygon,MultiPolygon,MultiPolygon,1,MultiPolygon,1
Auckland,Sexual Offences,Unlawful sexual contact of an adult,Auckland Central East.,NZ,Auckland Region,Auckland.,1/12/2023,0437600,Auckland Region,Teritorial Authority,Auckland,Polygon,Polygon,MultiPolygon,MultiPolygon,1,MultiPolygon,1
Auckland,Sexual Offences,Unlawful sexual penetration of an adult,Freemans Bay.,NZ,Auckland Region,Auckland.,1/08/2024,0413800,Auckland Region,Teritorial Authority,Auckland,Polygon,Polygon,MultiPolygon,MultiPolygon,1,MultiPolygon,1
Auckland,Sexual Offences,Unlawful sexual penetration of an adult,Auckland Central East.,NZ,Auckland Region,Auckland.,1/09/2024,0436401,Auckland Region,Teritorial Authority,Auckland,Polygon,Polygon,MultiPolygon,MultiPolygon,1,MultiPolygon,1
Auckland,Sexual Offences,Unlawful sexual contact of an adult,Mangere South.,NZ,Auckland Region,Auckland.,1/09/2023,0727200,Auckland Region,Teritorial Authority,Auckland,MultiPolygon,Polygon,MultiPolygon,MultiPolygon,1,MultiPolygon,1
Auckland,Sexual Offences,Unlawful sexual contact of an adult,Manukau Central.,NZ,Auckland Region,Auckland.,1/05/2025,0781200,Auckland Region,Teritorial Authority,Auckland,Polygon,Polygon,MultiPolygon,MultiPolygon,1,MultiPolygon,1
Auckland,Sexual Offences,Unlawful sexual penetration of an adult,Auckland Central West.,NZ,Auckland Region,Auckland.,1/09/2023,0434000,Auckland Region,Teritorial Authority,Auckland,Polygon,Polygon,MultiPolygon,MultiPolygon,1,MultiPolygon,1
Auckland,Sexual Offences,Offensive sexual acts,Otahuhu West.,NZ,Auckland Region,Auckland.,1/07/2024,0784400,Auckland Region,Teritorial Authority,Auckland,Polygon,Polygon,MultiPolygon,MultiPolygon,2,MultiPolygon,2
Auckland,Sexual Offences,Unlawful sexual penetration of an adult,Manukau Central.,NZ,Auckland Region,Auckland.,1/06/2025,0781200,Auckland Region,Teritorial Authority,Auckland,Polygon,Polygon,MultiPolygon,MultiPolygon,1,MultiPolygon,1
Auckland,Sexual Offences,Unlawful sexual contact of an adult,Ellerslie North.,NZ,Auckland Region,Auckland.,1/10/2023,0611200,Auckland Region,Teritorial Authority,Auckland,Polygon,Polygon,MultiPolygon,MultiPolygon,1,MultiPolygon,1
Auckland,Sexual Offences,Offensive sexual acts,Royal Heights.,NZ,Auckland Region,Auckland.,1/02/2025,0224403,Auckland Region,Teritorial Authority,Auckland,Polygon,Polygon,MultiPolygon,MultiPolygon,1,MultiPolygon,1
Auckland,Sexual Offences,Unlawful sexual contact of an adult,Otahuhu West.,NZ,Auckland Region,Auckland.,1/10/2023,0784000,Auckland Region,Teritorial Authority,Auckland,Polygon,Polygon,MultiPolygon,MultiPolygon,1,MultiPolygon,1
Auckland,Sexual Offences,Unlawful sexual contact of an adult,Harania West.,NZ,Auckland Region,Auckland.,1/06/2025,0734800,Auckland Region,Teritorial Authority,Auckland,Polygon,Polygon,MultiPolygon,MultiPolygon,1,MultiPolygon,1
Auckland,Sexual Offences,Unlawful sexual penetration of a child,Henderson South.,NZ,Auckland Region,Auckland.,1/06/2024,0242700,Auckland Region,Teritorial Authority,Auckland,Polygon,Polygon,MultiPolygon,MultiPolygon,1,MultiPolygon,1
Auckland,Sexual Offences,Unlawful sexual contact of an adult,Auckland Central West.,NZ,Auckland Region,Auckland.,1/05/2024,0435802,Auckland Region,Teritorial Authority,Auckland,Polygon,Polygon,MultiPolygon,MultiPolygon,1,MultiPolygon,1
Auckland,Sexual Offences,Unlawful sexual penetration of an adult,Manukau Central.,NZ,Auckland Region,Auckland.,1/06/2025,0781200,Auckland Region,Teritorial Authority,Auckland,Polygon,Polygon,MultiPolygon,MultiPolygon,1,MultiPolygon,1
Auckland,Sexual Offences,Unlawful sexual contact of an adult,Stanmore Bay East.,NZ,Auckland Region,Auckland.,1/02/2025,0173714,Auckland Region,Teritorial Authority,Auckland,Polygon,Polygon,MultiPolygon,MultiPolygon,1,MultiPolygon,1
Auckland,Sexual Offences,Unlawful sexual contact of an adult,Auckland Central West.,NZ,Auckland Region,Auckland.,1/05/2024,0434300,Auckland Region,Teritorial Authority,Auckland,Polygon,Polygon,MultiPolygon,MultiPolygon,1,MultiPolygon,1
Auckland,Sexual Offences,Unlawful sexual contact of an adult,Ormiston.,NZ,Auckland Region,Auckland.,1/06/2025,0712302,Auckland Region,Teritorial Authority,Auckland,Polygon,Polygon,MultiPolygon,MultiPolygon,1,MultiPolygon,1
Auckland,Sexual Offences,Unlawful sexual penetration of an adult,Roberton.,NZ,Auckland Region,Auckland.,1/06/2024,0382300,Auckland Region,Teritorial Authority,Auckland,Polygon,Polygon,MultiPolygon,MultiPolygon,1,MultiPolygon,1
Auckland,Sexual Offences,Unlawful sexual contact of an adult,Te Atatu Central.,NZ,Auckland Region,Auckland.,1/06/2024,0250106,Auckland Region,Teritorial Authority,Auckland,Polygon,Polygon,MultiPolygon,MultiPolygon,1,MultiPolygon,1
Auckland,Sexual Offences,Unlawful sexual contact of an adult,Hillpark.,NZ,Auckland Region,Auckland.,1/07/2024,0757300,Auckland Region,Teritorial Authority,Auckland,Polygon,Polygon,MultiPolygon,MultiPolygon,1,MultiPolygon,1
Auckland,Sexual Offences,Unlawful sexual contact of an adult,Mt Eden North.,NZ,Auckland Region,Auckland.,1/11/2024,0542700,Auckland Region,Teritorial Authority,Auckland,Polygon,Polygon,MultiPolygon,MultiPolygon,1,MultiPolygon,1
Auckland,Sexual Offences,Unlawful sexual contact of an adult,Manukau Central.,NZ,Auckland Region,Auckland.,1/07/2024,0781200,Auckland Region,Teritorial Authority,Auckland,Polygon,Polygon,MultiPolygon,MultiPolygon,1,MultiPolygon,1
Auckland,Sexual Offences,Unlawful sexual contact of an adult,Mt Hobson.,NZ,Auckland Region,Auckland.,1/11/2024,0491200,Auckland Region,Teritorial Authority,Auckland,Polygon,Polygon,MultiPolygon,MultiPolygon,1,MultiPolygon,1
Auckland,Sexual Offences,Unlawful sexual contact of an adult,Auckland Harbourside.,NZ,Auckland Region,Auckland.,1/08/2024,0432900,Auckland Region,Teritorial Authority,Auckland,Polygon,Polygon,MultiPolygon,MultiPolygon,1,MultiPolygon,1
Auckland,Sexual Offences,Unlawful sexual penetration of an adult,Glen Innes West.,NZ,Auckland Region,Auckland.,1/11/2024,0476300,Auckland Region,Teritorial Authority,Auckland,Polygon,Polygon,MultiPolygon,MultiPolygon,1,MultiPolygon,1
Auckland,Sexual Offences,Unlawful sexual contact of an adult,Tamaki.,NZ,Auckland Region,Auckland.,1/08/2024,0630900,Auckland Region,Teritorial Authority,Auckland,Polygon,Polygon,MultiPolygon,MultiPolygon,1,MultiPolygon,1
Auckland,Sexual Offences,Unlawful sexual contact of an adult,Sandringham West.,NZ,Auckland Region,Auckland.,1/08/2024,0540001,Auckland Region,Teritorial Authority,Auckland,Polygon,Polygon,MultiPolygon,MultiPolygon,1,MultiPolygon,1
Auckland,Sexual Offences,Unlawful sexual contact of an adult,Mt Wellington Domain.,NZ,Auckland Region,Auckland.,1/11/2024,0628203,Auckland Region,Teritorial Authority,Auckland,Polygon,Polygon,MultiPolygon,MultiPolygon,1,MultiPolygon,1
Auckland,Sexual Offences,Unlawful sexual contact of an adult,Edgewater.,NZ,Auckland Region,Auckland.,1/09/2024,0686900,Auckland Region,Teritorial Authority,Auckland,Polygon,Polygon,MultiPolygon,MultiPolygon,1,MultiPolygon,1
Auckland,Sexual Offences,Unlawful sexual contact of an adult,Papatoetoe East.,NZ,Auckland Region,Auckland.,1/11/2024,0670700,Auckland Region,Teritorial Authority,Auckland,Polygon,Polygon,MultiPolygon,MultiPolygon,1,MultiPolygon,1
Auckland,Sexual Offences,Unlawful sexual penetration of an adult,Papatoetoe North.,NZ,Auckland Region,Auckland.,1/09/2024,0662300,Auckland Region,Teritorial Authority,Auckland,Polygon,Polygon,MultiPolygon,MultiPolygon,1,MultiPolygon,1
Auckland,Sexual Offences,Unlawful sexual contact of an adult,Auckland Central East.,NZ,Auckland Region,Auckland.,1/10/2024,0437400,Auckland Region,Teritorial Authority,Auckland,Polygon,Polygon,MultiPolygon,MultiPolygon,1,MultiPolygon,1
Auckland,Sexual Offences,Unlawful sexual penetration of an adult,Blockhouse Bay.,NZ,Auckland Region,Auckland.,1/10/2024,0368400,Auckland Region,Teritorial Authority,Auckland,Polygon,Polygon,MultiPolygon,MultiPolygon,1,MultiPolygon,1
Auckland,Sexual Offences,Unlawful sexual contact of an adult,Puhinui South.,NZ,Auckland Region,Auckland.,1/07/2025,0780205,Auckland Region,Teritorial Authority,Auckland,Polygon,Polygon,MultiPolygon,MultiPolygon,1,MultiPolygon,1
Auckland,Sexual Offences,Unlawful sexual penetration of an adult,Wiri.,NZ,Auckland Region,Auckland.,1/12/2024,0780501,Auckland Region,Teritorial Authority,Auckland,Polygon,Polygon,MultiPolygon,MultiPolygon,1,MultiPolygon,1
Auckland,Sexual Offences,Unlawful sexual contact of an adult,Wiri.,NZ,Auckland Region,Auckland.,1/07/2025,0780410,Auckland Region,Teritorial Authority,Auckland,Polygon,Polygon,MultiPolygon,MultiPolygon,1,MultiPolygon,1
Auckland,Sexual Offences,Unlawful sexual contact of an adult,Mt Eden North.,NZ,Auckland Region,Auckland.,1/04/2024,0542700,Auckland Region,Teritorial Authority,Auckland,Polygon,Polygon,MultiPolygon,MultiPolygon,1,MultiPolygon,1
Auckland,Sexual Offences,Unlawful sexual contact of an adult,Onehunga South East.,NZ,Auckland Region,Auckland.,1/04/2024,0602000,Auckland Region,Teritorial Authority,Auckland,Polygon,Polygon,MultiPolygon,MultiPolygon,1,MultiPolygon,1
Auckland,Sexual Offences,Unlawful sexual penetration of an adult,Freemans Bay.,NZ,Auckland Region,Auckland.,1/04/2025,0413800,Auckland Region,Teritorial Authority,Auckland,Polygon,Polygon,MultiPolygon,MultiPolygon,1,MultiPolygon,1
Auckland,Sexual Offences,Unlawful sexual penetration of a child,Fairdene.,NZ,Auckland Region,Auckland.,1/04/2025,0233000,Auckland Region,Teritorial Authority,Auckland,Polygon,Polygon,MultiPolygon,MultiPolygon,1,MultiPolygon,1
Auckland,Sexual Offences,Unlawful sexual penetration of an adult,Auckland Central West.,NZ,Auckland Region,Auckland.,1/04/2025,0434000,Auckland Region,Teritorial Authority,Auckland,Polygon,Polygon,MultiPolygon,MultiPolygon,1,MultiPolygon,1
Auckland,Sexual Offences,Unlawful sexual contact of an adult,Auckland Central East.,NZ,Auckland Region,Auckland.,1/07/2024,0437500,Auckland Region,Teritorial Authority,Auckland,Polygon,Polygon,MultiPolygon,MultiPolygon,2,MultiPolygon,2
Auckland,Sexual Offences,Offensive sexual acts,Lynnmall.,NZ,Auckland Region,Auckland.,1/12/2024,0264901,Auckland Region,Teritorial Authority,Auckland,Polygon,Polygon,MultiPolygon,MultiPolygon,3,MultiPolygon,3
Auckland,Sexual Offences,Unlawful sexual contact of a child,Glenfield North.,NZ,Auckland Region,Auckland.,1/05/2025,0198600,Auckland Region,Teritorial Authority,Auckland,Polygon,Polygon,MultiPolygon,MultiPolygon,1,MultiPolygon,1
Auckland,Sexual Offences,Offensive sexual acts,Mt Albert Central.,NZ,Auckland Region,Auckland.,1/08/2024,0528800,Auckland Region,Teritorial Authority,Auckland,Polygon,Polygon,MultiPolygon,MultiPolygon,4,MultiPolygon,4
Auckland,Sexual Offences,Child procurement or grooming,Ambury.,NZ,Auckland Region,Auckland.,1/12/2024,0720600,Auckland Region,Teritorial Authority,Auckland,MultiPolygon,Polygon,MultiPolygon,MultiPolygon,1,MultiPolygon,1
Auckland,Sexual Offences,Unlawful sexual contact of a child,Parrs Park.,NZ,Auckland Region,Auckland.,1/11/2024,0278213,Auckland Region,Teritorial Authority,Auckland,Polygon,Polygon,MultiPolygon,MultiPolygon,1,MultiPolygon,1
Auckland,Sexual Offences,Child procurement or grooming,Akarana.,NZ,Auckland Region,Auckland.,1/12/2024,0581500,Auckland Region,Teritorial Authority,Auckland,Polygon,Polygon,MultiPolygon,MultiPolygon,1,MultiPolygon,1
Auckland,Sexual Offences,Intimate image offences,New Windsor.,NZ,Auckland Region,Auckland.,1/05/2024,0377500,Auckland Region,Teritorial Authority,Auckland,Polygon,Polygon,MultiPolygon,MultiPolygon,1,MultiPolygon,1
Auckland,Sexual Offences,Unlawful sexual contact of an adult,Huapai.,NZ,Auckland Region,Auckland.,1/04/2025,0215904,Auckland Region,Teritorial Authority,Auckland,Polygon,Polygon,MultiPolygon,MultiPolygon,1,MultiPolygon,1
Auckland,Sexual Offences,Intimate image offences,Beaumont.,NZ,Auckland Region,Auckland.,1/08/2024,0753800,Auckland Region,Teritorial Authority,Auckland,Polygon,Polygon,MultiPolygon,MultiPolygon,1,MultiPolygon,1
Auckland,Sexual Offences,Unlawful sexual penetration of an adult,Huapai.,NZ,Auckland Region,Auckland.,1/04/2025,0215000,Auckland Region,Teritorial Authority,Auckland,Polygon,Polygon,MultiPolygon,MultiPolygon,1,MultiPolygon,1
Auckland,Sexual Offences,Offensive sexual acts,Dingwall.,NZ,Auckland Region,Auckland.,1/12/2023,0696807,Auckland Region,Teritorial Authority,Auckland,Polygon,Polygon,MultiPolygon,MultiPolygon,1,MultiPolygon,1
Auckland,Sexual Offences,Unlawful sexual contact of an adult,Kauri Park.,NZ,Auckland Region,Auckland.,1/11/2024,0354900,Auckland Region,Teritorial Authority,Auckland,Polygon,Polygon,MultiPolygon,MultiPolygon,1,MultiPolygon,1
Auckland,Sexual Offences,Offensive sexual acts,Mangere South.,NZ,Auckland Region,Auckland.,1/12/2023,0727200,Auckland Region,Teritorial Authority,Auckland,MultiPolygon,Polygon,MultiPolygon,MultiPolygon,1,MultiPolygon,1
Auckland,Sexual Offences,Offensive sexual acts,Te Papapa.,NZ,Auckland Region,Auckland.,1/12/2023,0606800,Auckland Region,Teritorial Authority,Auckland,Polygon,Polygon,MultiPolygon,MultiPolygon,1,MultiPolygon,1
Auckland,Sexual Offences,Offensive sexual acts,Hillsborough East.,NZ,Auckland Region,Auckland.,1/09/2023,0571800,Auckland Region,Teritorial Authority,Auckland,Polygon,Polygon,MultiPolygon,MultiPolygon,1,MultiPolygon,1
Auckland,Sexual Offences,Offensive sexual acts,Mangere South.,NZ,Auckland Region,Auckland.,1/10/2023,0727200,Auckland Region,Teritorial Authority,Auckland,MultiPolygon,Polygon,MultiPolygon,MultiPolygon,1,MultiPolygon,1
Auckland,Sexual Offences,Offensive sexual acts,Onehunga South East.,NZ,Auckland Region,Auckland.,1/10/2023,0601100,Auckland Region,Teritorial Authority,Auckland,Polygon,Polygon,MultiPolygon,MultiPolygon,1,MultiPolygon,1
Auckland,Sexual Offences,Offensive sexual acts,Auckland Central West.,NZ,Auckland Region,Auckland.,1/05/2024,0433200,Auckland Region,Teritorial Authority,Auckland,Polygon,Polygon,MultiPolygon,MultiPolygon,1,MultiPolygon,1
Auckland,Sexual Offences,Offensive sexual acts,Auckland Central West.,NZ,Auckland Region,Auckland.,1/08/2024,0432700,Auckland Region,Teritorial Authority,Auckland,Polygon,Polygon,MultiPolygon,MultiPolygon,1,MultiPolygon,1
Auckland,Sexual Offences,Offensive sexual acts,Greenmount.,NZ,Auckland Region,Auckland.,1/08/2024,0711813,Auckland Region,Teritorial Authority,Auckland,Polygon,Polygon,MultiPolygon,MultiPolygon,1,MultiPolygon,1
Auckland,Sexual Offences,Offensive sexual acts,Harania West.,NZ,Auckland Region,Auckland.,1/08/2024,0735700,Auckland Region,Teritorial Authority,Auckland,Polygon,Polygon,MultiPolygon,MultiPolygon,1,MultiPolygon,1
Auckland,Sexual Offences,Offensive sexual acts,Sandringham North.,NZ,Auckland Region,Auckland.,1/12/2024,0536200,Auckland Region,Teritorial Authority,Auckland,Polygon,Polygon,MultiPolygon,MultiPolygon,1,MultiPolygon,1
Auckland,Sexual Offences,Offensive sexual acts,Auckland Harbourside.,NZ,Auckland Region,Auckland.,1/12/2024,0438103,Auckland Region,Teritorial Authority,Auckland,Polygon,Polygon,MultiPolygon,MultiPolygon,1,MultiPolygon,1
Auckland,Sexual Offences,Offensive sexual acts,Aorere.,NZ,Auckland Region,Auckland.,1/04/2024,0745000,Auckland Region,Teritorial Authority,Auckland,Polygon,Polygon,MultiPolygon,MultiPolygon,1,MultiPolygon,1
Auckland,Sexual Offences,Offensive sexual acts,Beaumont.,NZ,Auckland Region,Auckland.,1/03/2025,0754100,Auckland Region,Teritorial Authority,Auckland,Polygon,Polygon,MultiPolygon,MultiPolygon,1,MultiPolygon,1
Auckland,Sexual Offences,Offensive sexual acts,Epsom North.,NZ,Auckland Region,Auckland.,1/04/2025,0443500,Auckland Region,Teritorial Authority,Auckland,Polygon,Polygon,MultiPolygon,MultiPolygon,1,MultiPolygon,1
Auckland,Sexual Offences,Offensive sexual acts,Waikowhai East.,NZ,Auckland Region,Auckland.,1/04/2025,0590800,Auckland Region,Teritorial Authority,Auckland,Polygon,Polygon,MultiPolygon,MultiPolygon,1,MultiPolygon,1
Auckland,Sexual Offences,Unlawful sexual contact of a child,Otahuhu West.,NZ,Auckland Region,Auckland.,1/10/2023,0786300,Auckland Region,Teritorial Authority,Auckland,Polygon,Polygon,MultiPolygon,MultiPolygon,1,MultiPolygon,1
Auckland,Sexual Offences,Unlawful sexual contact of a child,Donegal Park.,NZ,Auckland Region,Auckland.,1/10/2023,0712809,Auckland Region,Teritorial Authority,Auckland,Polygon,Polygon,MultiPolygon,MultiPolygon,1,MultiPolygon,1
Auckland,Sexual Offences,Unlawful sexual contact of a child,Bucklands Beach South.,NZ,Auckland Region,Auckland.,1/05/2024,0677901,Auckland Region,Teritorial Authority,Auckland,Polygon,Polygon,MultiPolygon,MultiPolygon,1,MultiPolygon,1
Auckland,Sexual Offences,Unlawful sexual contact of a child,Auckland Central East.,NZ,Auckland Region,Auckland.,1/07/2024,0436700,Auckland Region,Teritorial Authority,Auckland,Polygon,Polygon,MultiPolygon,MultiPolygon,1,MultiPolygon,1
Auckland,Sexual Offences,Unlawful sexual contact of a child,Tamaki.,NZ,Auckland Region,Auckland.,1/07/2024,0629800,Auckland Region,Teritorial Authority,Auckland,Polygon,Polygon,MultiPolygon,MultiPolygon,1,MultiPolygon,1
Auckland,Sexual Offences,Unlawful sexual contact of a child,Sandringham North.,NZ,Auckland Region,Auckland.,1/08/2024,0535900,Auckland Region,Teritorial Authority,Auckland,Polygon,Polygon,MultiPolygon,MultiPolygon,1,MultiPolygon,1
Auckland,Sexual Offences,Unlawful sexual contact of a child,Harania West.,NZ,Auckland Region,Auckland.,1/08/2024,0735700,Auckland Region,Teritorial Authority,Auckland,Polygon,Polygon,MultiPolygon,MultiPolygon,1,MultiPolygon,1
Auckland,Sexual Offences,Unlawful sexual contact of a child,Favona West.,NZ,Auckland Region,Auckland.,1/09/2024,0731104,Auckland Region,Teritorial Authority,Auckland,Polygon,Polygon,MultiPolygon,MultiPolygon,1,MultiPolygon,1
Auckland,Sexual Offences,Unlawful sexual contact of a child,Mt Albert Central.,NZ,Auckland Region,Auckland.,1/12/2024,0528601,Auckland Region,Teritorial Authority,Auckland,Polygon,Polygon,MultiPolygon,MultiPolygon,1,MultiPolygon,1
Auckland,Sexual Offences,Unlawful sexual penetration of a child,Viscount.,NZ,Auckland Region,Auckland.,1/03/2025,0737802,Auckland Region,Teritorial Authority,Auckland,Polygon,Polygon,MultiPolygon,MultiPolygon,1,MultiPolygon,1
Auckland,Sexual Offences,Unlawful sexual penetration of an adult,Rewarewa.,NZ,Auckland Region,Auckland.,1/12/2023,0261503,Auckland Region,Teritorial Authority,Auckland,Polygon,Polygon,MultiPolygon,MultiPolygon,1,MultiPolygon,1
Auckland,Sexual Offences,Unlawful sexual contact of an adult,Highbrook.,NZ,Auckland Region,Auckland.,1/05/2024,0711404,Auckland Region,Teritorial Authority,Auckland,Polygon,Polygon,MultiPolygon,MultiPolygon,1,MultiPolygon,1
Auckland,Sexual Offences,Unlawful sexual contact of an adult,Auckland Central West.,NZ,Auckland Region,Auckland.,1/06/2024,0434802,Auckland Region,Teritorial Authority,Auckland,Polygon,Polygon,MultiPolygon,MultiPolygon,1,MultiPolygon,1
Auckland,Sexual Offences,Unlawful sexual contact of an adult,Dingwall.,NZ,Auckland Region,Auckland.,1/07/2024,0667500,Auckland Region,Teritorial Authority,Auckland,Polygon,Polygon,MultiPolygon,MultiPolygon,1,MultiPolygon,1
Auckland,Sexual Offences,Unlawful sexual penetration of an adult,Redoubt South.,NZ,Auckland Region,Auckland.,1/07/2024,0760134,Auckland Region,Teritorial Authority,Auckland,Polygon,Polygon,MultiPolygon,MultiPolygon,1,MultiPolygon,1
Auckland,Sexual Offences,Unlawful sexual contact of an adult,Puhinui South.,NZ,Auckland Region,Auckland.,1/12/2024,0780202,Auckland Region,Teritorial Authority,Auckland,Polygon,Polygon,MultiPolygon,MultiPolygon,1,MultiPolygon,1
Auckland,Sexual Offences,Unlawful sexual contact of an adult,Auckland Central West.,NZ,Auckland Region,Auckland.,1/12/2024,0433700,Auckland Region,Teritorial Authority,Auckland,Polygon,Polygon,MultiPolygon,MultiPolygon,1,MultiPolygon,1
Auckland,Sexual Offences,Unlawful sexual penetration of an adult,Mascot.,NZ,Auckland Region,Auckland.,1/12/2024,0737500,Auckland Region,Teritorial Authority,Auckland,Polygon,Polygon,MultiPolygon,MultiPolygon,1,MultiPolygon,1
Auckland,Sexual Offences,Unlawful sexual contact of an adult,Newmarket.,NZ,Auckland Region,Auckland.,1/04/2024,0451300,Auckland Region,Teritorial Authority,Auckland,Polygon,Polygon,MultiPolygon,MultiPolygon,1,MultiPolygon,1
Auckland,Sexual Offences,Unlawful sexual contact of an adult,Hamlin.,NZ,Auckland Region,Auckland.,1/04/2025,0640500,Auckland Region,Teritorial Authority,Auckland,Polygon,Polygon,MultiPolygon,MultiPolygon,1,MultiPolygon,1
Auckland,Sexual Offences,Unlawful sexual contact of an adult,Auckland Harbourside.,NZ,Auckland Region,Auckland.,1/04/2025,0433005,Auckland Region,Teritorial Authority,Auckland,Polygon,Polygon,MultiPolygon,MultiPolygon,1,MultiPolygon,1
Auckland,Sexual Offences,Unlawful sexual contact of an adult,Auckland Central East.,NZ,Auckland Region,Auckland.,1/04/2025,0436600,Auckland Region,Teritorial Authority,Auckland,Polygon,Polygon,MultiPolygon,MultiPolygon,1,MultiPolygon,1
Auckland,Sexual Offences,Unlawful sexual contact of an adult,Auckland Central West.,NZ,Auckland Region,Auckland.,1/04/2025,0434200,Auckland Region,Teritorial Authority,Auckland,Polygon,Polygon,MultiPolygon,MultiPolygon,1,MultiPolygon,1
Auckland,Sexual Offences,Child procurement or grooming,Akarana.,NZ,Auckland Region,Auckland.,1/12/2024,0581500,Auckland Region,Teritorial Authority,Auckland,Polygon,Polygon,MultiPolygon,MultiPolygon,2,MultiPolygon,2
Auckland,Sexual Offences,Unlawful sexual contact of an adult,Mangere South.,NZ,Auckland Region,Auckland.,1/10/2023,0727200,Auckland Region,Teritorial Authority,Auckland,MultiPolygon,Polygon,MultiPolygon,MultiPolygon,2,MultiPolygon,2
Auckland,Sexual Offences,Offensive sexual acts,Mascot.,NZ,Auckland Region,Auckland.,1/07/2024,0737500,Auckland Region,Teritorial Authority,Auckland,Polygon,Polygon,MultiPolygon,MultiPolygon,1,MultiPolygon,1
Auckland,Sexual Offences,Unlawful sexual contact of a child,Cockle Bay.,NZ,Auckland Region,Auckland.,1/08/2023,0655001,Auckland Region,Teritorial Authority,Auckland,Polygon,Polygon,MultiPolygon,MultiPolygon,1,MultiPolygon,1
Auckland,Sexual Offences,Unlawful sexual contact of a child,Lynfield South.,NZ,Auckland Region,Auckland.,1/08/2023,0588302,Auckland Region,Teritorial Authority,Auckland,Polygon,Polygon,MultiPolygon,MultiPolygon,1,MultiPolygon,1
Auckland,Sexual Offences,Unlawful sexual penetration of a child,Karekare.,NZ,Auckland Region,Auckland.,1/08/2023,0303202,Auckland Region,Teritorial Authority,Auckland,MultiPolygon,Polygon,MultiPolygon,MultiPolygon,1,MultiPolygon,1
Auckland,Sexual Offences,Unlawful sexual contact of a child,Mt Hobson.,NZ,Auckland Region,Auckland.,1/09/2023,0491700,Auckland Region,Teritorial Authority,Auckland,Polygon,Polygon,MultiPolygon,MultiPolygon,1,MultiPolygon,1
Auckland,Sexual Offences,Unlawful sexual penetration of a child,Mt St John.,NZ,Auckland Region,Auckland.,1/10/2023,0614100,Auckland Region,Teritorial Authority,Auckland,Polygon,Polygon,MultiPolygon,MultiPolygon,1,MultiPolygon,1
Auckland,Sexual Offences,Unlawful sexual penetration of a child,Epsom North.,NZ,Auckland Region,Auckland.,1/05/2024,0443300,Auckland Region,Teritorial Authority,Auckland,Polygon,Polygon,MultiPolygon,MultiPolygon,1,MultiPolygon,1
Auckland,Sexual Offences,Unlawful sexual contact of a child,Mellons Bay.,NZ,Auckland Region,Auckland.,1/06/2024,0650500,Auckland Region,Teritorial Authority,Auckland,Polygon,Polygon,MultiPolygon,MultiPolygon,1,MultiPolygon,1
Auckland,Sexual Offences,Unlawful sexual contact of a child,Dannemora.,NZ,Auckland Region,Auckland.,1/09/2024,0712010,Auckland Region,Teritorial Authority,Auckland,Polygon,Polygon,MultiPolygon,MultiPolygon,1,MultiPolygon,1
Auckland,Sexual Offences,Unlawful sexual contact of a child,Meadowland.,NZ,Auckland Region,Auckland.,1/12/2024,0711029,Auckland Region,Teritorial Authority,Auckland,Polygon,Polygon,MultiPolygon,MultiPolygon,1,MultiPolygon,1
Auckland,Sexual Offences,Unlawful sexual contact of a child,Clendon South.,NZ,Auckland Region,Auckland.,1/04/2024,0774447,Auckland Region,Teritorial Authority,Auckland,Polygon,Polygon,MultiPolygon,MultiPolygon,1,MultiPolygon,1
Auckland,Sexual Offences,Unlawful sexual penetration of a child,Mt St John.,NZ,Auckland Region,Auckland.,1/04/2024,0614100,Auckland Region,Teritorial Authority,Auckland,Polygon,Polygon,MultiPolygon,MultiPolygon,1,MultiPolygon,1
Auckland,Sexual Offences,Unlawful sexual contact of a child,Mangere Station.,NZ,Auckland Region,Auckland.,1/03/2025,0749500,Auckland Region,Teritorial Authority,Auckland,Polygon,Polygon,MultiPolygon,MultiPolygon,1,MultiPolygon,1
Auckland,Sexual Offences,Unlawful sexual penetration of a child,Manukau Central.,NZ,Auckland Region,Auckland.,1/03/2025,0781400,Auckland Region,Teritorial Authority,Auckland,Polygon,Polygon,MultiPolygon,MultiPolygon,1,MultiPolygon,1
Auckland,Sexual Offences,Unlawful sexual penetration of a child,Point Chevalier East.,NZ,Auckland Region,Auckland.,1/03/2025,0394700,Auckland Region,Teritorial Authority,Auckland,Polygon,Polygon,MultiPolygon,MultiPolygon,1,MultiPolygon,1
Auckland,Sexual Offences,Unlawful sexual contact of an adult,Pakuranga Central.,NZ,Auckland Region,Auckland.,1/08/2023,0687802,Auckland Region,Teritorial Authority,Auckland,Polygon,Polygon,MultiPolygon,MultiPolygon,1,MultiPolygon,1
Auckland,Sexual Offences,Unlawful sexual contact of an adult,Auckland Harbourside.,NZ,Auckland Region,Auckland.,1/10/2023,0432900,Auckland Region,Teritorial Authority,Auckland,Polygon,Polygon,MultiPolygon,MultiPolygon,1,MultiPolygon,1
Auckland,Sexual Offences,Unlawful sexual penetration of an adult,Grafton West.,NZ,Auckland Region,Auckland.,1/10/2023,0441200,Auckland Region,Teritorial Authority,Auckland,Polygon,Polygon,MultiPolygon,MultiPolygon,1,MultiPolygon,1
Auckland,Sexual Offences,Unlawful sexual penetration of an adult,St Marys.,NZ,Auckland Region,Auckland.,1/10/2023,0426108,Auckland Region,Teritorial Authority,Auckland,Polygon,Polygon,MultiPolygon,MultiPolygon,1,MultiPolygon,1
Auckland,Sexual Offences,Unlawful sexual contact of an adult,Middlemore.,NZ,Auckland Region,Auckland.,1/05/2024,0786500,Auckland Region,Teritorial Authority,Auckland,Polygon,Polygon,MultiPolygon,MultiPolygon,1,MultiPolygon,1
Auckland,Sexual Offences,Unlawful sexual penetration of an adult,Auckland Central West.,NZ,Auckland Region,Auckland.,1/06/2024,0434200,Auckland Region,Teritorial Authority,Auckland,Polygon,Polygon,MultiPolygon,MultiPolygon,1,MultiPolygon,1
Auckland,Sexual Offences,Unlawful sexual penetration of an adult,Mt Eden North.,NZ,Auckland Region,Auckland.,1/06/2024,0542700,Auckland Region,Teritorial Authority,Auckland,Polygon,Polygon,MultiPolygon,MultiPolygon,1,MultiPolygon,1
Auckland,Sexual Offences,Unlawful sexual contact of an adult,Grafton East.,NZ,Auckland Region,Auckland.,1/07/2024,0442400,Auckland Region,Teritorial Authority,Auckland,Polygon,Polygon,MultiPolygon,MultiPolygon,1,MultiPolygon,1
Auckland,Sexual Offences,Unlawful sexual penetration of an adult,Mt Eden North.,NZ,Auckland Region,Auckland.,1/07/2024,0542600,Auckland Region,Teritorial Authority,Auckland,Polygon,Polygon,MultiPolygon,MultiPolygon,1,MultiPolygon,1
Auckland,Sexual Offences,Unlawful sexual penetration of an adult,Pakuranga Central.,NZ,Auckland Region,Auckland.,1/07/2024,0686000,Auckland Region,Teritorial Authority,Auckland,Polygon,Polygon,MultiPolygon,MultiPolygon,1,MultiPolygon,1
Auckland,Sexual Offences,Unlawful sexual contact of an adult,Elsmore Park.,NZ,Auckland Region,Auckland.,1/09/2024,0681304,Auckland Region,Teritorial Authority,Auckland,Polygon,Polygon,MultiPolygon,MultiPolygon,1,MultiPolygon,1
Auckland,Sexual Offences,Unlawful sexual penetration of an adult,Karekare.,NZ,Auckland Region,Auckland.,1/04/2024,0282016,Auckland Region,Teritorial Authority,Auckland,MultiPolygon,Polygon,MultiPolygon,MultiPolygon,1,MultiPolygon,1
Auckland,Sexual Offences,Unlawful sexual penetration of an adult,Manukau Central.,NZ,Auckland Region,Auckland.,1/04/2024,0781200,Auckland Region,Teritorial Authority,Auckland,Polygon,Polygon,MultiPolygon,MultiPolygon,1,MultiPolygon,1
Auckland,Sexual Offences,Unlawful sexual contact of an adult,Kohimarama East.,NZ,Auckland Region,Auckland.,1/03/2025,0507400,Auckland Region,Teritorial Authority,Auckland,Polygon,Polygon,MultiPolygon,MultiPolygon,1,MultiPolygon,1
Auckland,Sexual Offences,Unlawful sexual penetration of an adult,Manukau Central.,NZ,Auckland Region,Auckland.,1/03/2025,0780302,Auckland Region,Teritorial Authority,Auckland,Polygon,Polygon,MultiPolygon,MultiPolygon,1,MultiPolygon,1
Auckland,Sexual Offences,Unlawful sexual penetration of an adult,Mission Bay.,NZ,Auckland Region,Auckland.,1/03/2025,0502201,Auckland Region,Teritorial Authority,Auckland,Polygon,Polygon,MultiPolygon,MultiPolygon,1,MultiPolygon,1
Auckland,Sexual Offences,Unlawful sexual contact of an adult,Grafton East.,NZ,Auckland Region,Auckland.,1/04/2025,0442400,Auckland Region,Teritorial Authority,Auckland,Polygon,Polygon,MultiPolygon,MultiPolygon,1,MultiPolygon,1
Auckland,Sexual Offences,Unlawful sexual contact of an adult,Lynnmall.,NZ,Auckland Region,Auckland.,1/04/2025,0266000,Auckland Region,Teritorial Authority,Auckland,Polygon,Polygon,MultiPolygon,MultiPolygon,1,MultiPolygon,1
Auckland,Sexual Offences,Unlawful sexual contact of a child,Otahuhu West.,NZ,Auckland Region,Auckland.,1/10/2023,0786300,Auckland Region,Teritorial Authority,Auckland,Polygon,Polygon,MultiPolygon,MultiPolygon,4,MultiPolygon,4
Auckland,Sexual Offences,Offensive sexual acts,Remuera South.,NZ,Auckland Region,Auckland.,1/09/2023,0494100,Auckland Region,Teritorial Authority,Auckland,Polygon,Polygon,MultiPolygon,MultiPolygon,1,MultiPolygon,1
Auckland,Sexual Offences,Offensive sexual acts,Mangere Central.,NZ,Auckland Region,Auckland.,1/05/2024,0740500,Auckland Region,Teritorial Authority,Auckland,Polygon,Polygon,MultiPolygon,MultiPolygon,1,MultiPolygon,1
Auckland,Sexual Offences,Offensive sexual acts,Owairaka East.,NZ,Auckland Region,Auckland.,1/04/2024,0522600,Auckland Region,Teritorial Authority,Auckland,Polygon,Polygon,MultiPolygon,MultiPolygon,1,MultiPolygon,1
Auckland,Sexual Offences,Offensive sexual acts,Middlemore.,NZ,Auckland Region,Auckland.,1/03/2025,0786500,Auckland Region,Teritorial Authority,Auckland,Polygon,Polygon,MultiPolygon,MultiPolygon,1,MultiPolygon,1
Auckland,Sexual Offences,Offensive sexual acts,Orakei North.,NZ,Auckland Region,Auckland.,1/03/2025,0497800,Auckland Region,Teritorial Authority,Auckland,Polygon,Polygon,MultiPolygon,MultiPolygon,1,MultiPolygon,1
Auckland,Sexual Offences,Offensive sexual acts,One Tree Hill Central.,NZ,Auckland Region,Auckland.,1/03/2025,0623300,Auckland Region,Teritorial Authority,Auckland,Polygon,Polygon,MultiPolygon,MultiPolygon,1,MultiPolygon,1
Auckland,Sexual Offences,Unlawful sexual contact of a child,Manukau Central.,NZ,Auckland Region,Auckland.,1/12/2023,0780204,Auckland Region,Teritorial Authority,Auckland,Polygon,Polygon,MultiPolygon,MultiPolygon,1,MultiPolygon,1
Auckland,Sexual Offences,Unlawful sexual contact of a child,Remuera West.,NZ,Auckland Region,Auckland.,1/08/2023,0481600,Auckland Region,Teritorial Authority,Auckland,Polygon,Polygon,MultiPolygon,MultiPolygon,1,MultiPolygon,1
Auckland,Sexual Offences,Unlawful sexual contact of a child,Mt Albert Central.,NZ,Auckland Region,Auckland.,1/08/2023,0528601,Auckland Region,Teritorial Authority,Auckland,Polygon,Polygon,MultiPolygon,MultiPolygon,1,MultiPolygon,1
Auckland,Sexual Offences,Unlawful sexual penetration of a child,Papatoetoe Central.,NZ,Auckland Region,Auckland.,1/08/2023,0664500,Auckland Region,Teritorial Authority,Auckland,Polygon,Polygon,MultiPolygon,MultiPolygon,1,MultiPolygon,1
Auckland,Sexual Offences,Unlawful sexual contact of a child,Auckland Central East.,NZ,Auckland Region,Auckland.,1/10/2023,0436401,Auckland Region,Teritorial Authority,Auckland,Polygon,Polygon,MultiPolygon,MultiPolygon,1,MultiPolygon,1
Auckland,Sexual Offences,Unlawful sexual penetration of a child,Manukau Central.,NZ,Auckland Region,Auckland.,1/05/2024,0781100,Auckland Region,Teritorial Authority,Auckland,Polygon,Polygon,MultiPolygon,MultiPolygon,1,MultiPolygon,1
Auckland,Sexual Offences,Unlawful sexual penetration of a child,Mangere East.,NZ,Auckland Region,Auckland.,1/06/2024,0747900,Auckland Region,Teritorial Authority,Auckland,Polygon,Polygon,MultiPolygon,MultiPolygon,1,MultiPolygon,1
Auckland,Sexual Offences,Unlawful sexual contact of a child,Kohimarama East.,NZ,Auckland Region,Auckland.,1/09/2024,0504701,Auckland Region,Teritorial Authority,Auckland,Polygon,Polygon,MultiPolygon,MultiPolygon,1,MultiPolygon,1
Auckland,Sexual Offences,Unlawful sexual contact of a child,Fairburn.,NZ,Auckland Region,Auckland.,1/04/2024,0788201,Auckland Region,Teritorial Authority,Auckland,Polygon,Polygon,MultiPolygon,MultiPolygon,1,MultiPolygon,1
Auckland,Sexual Offences,Unlawful sexual contact of an adult,Eden Terrace.,NZ,Auckland Region,Auckland.,1/12/2023,0420900,Auckland Region,Teritorial Authority,Auckland,Polygon,Polygon,MultiPolygon,MultiPolygon,1,MultiPolygon,1
Auckland,Sexual Offences,Unlawful sexual contact of an adult,Auckland Central West.,NZ,Auckland Region,Auckland.,1/12/2023,0433401,Auckland Region,Teritorial Authority,Auckland,Polygon,Polygon,MultiPolygon,MultiPolygon,1,MultiPolygon,1
Auckland,Sexual Offences,Unlawful sexual contact of an adult,Mangere South.,NZ,Auckland Region,Auckland.,1/12/2023,0727800,Auckland Region,Teritorial Authority,Auckland,MultiPolygon,Polygon,MultiPolygon,MultiPolygon,1,MultiPolygon,1
Auckland,Sexual Offences,Unlawful sexual penetration of an adult,Manukau Central.,NZ,Auckland Region,Auckland.,1/08/2023,0780209,Auckland Region,Teritorial Authority,Auckland,Polygon,Polygon,MultiPolygon,MultiPolygon,1,MultiPolygon,1
Auckland,Sexual Offences,Unlawful sexual contact of an adult,Avondale West.,NZ,Auckland Region,Auckland.,1/08/2023,0390100,Auckland Region,Teritorial Authority,Auckland,Polygon,Polygon,MultiPolygon,MultiPolygon,1,MultiPolygon,1
Auckland,Sexual Offences,Unlawful sexual contact of an adult,Royal Oak.,NZ,Auckland Region,Auckland.,1/08/2023,0566800,Auckland Region,Teritorial Authority,Auckland,Polygon,Polygon,MultiPolygon,MultiPolygon,1,MultiPolygon,1
Auckland,Sexual Offences,Unlawful sexual contact of an adult,Auckland Central West.,NZ,Auckland Region,Auckland.,1/08/2023,0435802,Auckland Region,Teritorial Authority,Auckland,Polygon,Polygon,MultiPolygon,MultiPolygon,1,MultiPolygon,1
Auckland,Sexual Offences,Unlawful sexual contact of an adult,Kingsland.,NZ,Auckland Region,Auckland.,1/09/2023,0531300,Auckland Region,Teritorial Authority,Auckland,Polygon,Polygon,MultiPolygon,MultiPolygon,1,MultiPolygon,1
Auckland,Sexual Offences,Unlawful sexual penetration of an adult,Onehunga North East.,NZ,Auckland Region,Auckland.,1/09/2023,0596000,Auckland Region,Teritorial Authority,Auckland,Polygon,Polygon,MultiPolygon,MultiPolygon,1,MultiPolygon,1
Auckland,Sexual Offences,Unlawful sexual contact of an adult,Papatoetoe East.,NZ,Auckland Region,Auckland.,1/05/2024,0669200,Auckland Region,Teritorial Authority,Auckland,Polygon,Polygon,MultiPolygon,MultiPolygon,1,MultiPolygon,1
Auckland,Sexual Offences,Unlawful sexual contact of an adult,Grafton East.,NZ,Auckland Region,Auckland.,1/05/2024,0442400,Auckland Region,Teritorial Authority,Auckland,Polygon,Polygon,MultiPolygon,MultiPolygon,1,MultiPolygon,1
Auckland,Sexual Offences,Unlawful sexual contact of an adult,Mangere Bridge.,NZ,Auckland Region,Auckland.,1/05/2024,0722400,Auckland Region,Teritorial Authority,Auckland,Polygon,Polygon,MultiPolygon,MultiPolygon,1,MultiPolygon,1
Auckland,Sexual Offences,Unlawful sexual contact of an adult,Manukau Central.,NZ,Auckland Region,Auckland.,1/05/2024,0781200,Auckland Region,Teritorial Authority,Auckland,Polygon,Polygon,MultiPolygon,MultiPolygon,1,MultiPolygon,1
Auckland,Sexual Offences,Unlawful sexual penetration of an adult,Manukau Central.,NZ,Auckland Region,Auckland.,1/05/2024,0781200,Auckland Region,Teritorial Authority,Auckland,Polygon,Polygon,MultiPolygon,MultiPolygon,1,MultiPolygon,1
Auckland,Sexual Offences,Unlawful sexual contact of an adult,Lynfield North.,NZ,Auckland Region,Auckland.,1/06/2024,0585800,Auckland Region,Teritorial Authority,Auckland,Polygon,Polygon,MultiPolygon,MultiPolygon,1,MultiPolygon,1
Auckland,Sexual Offences,Unlawful sexual contact of an adult,Kingsland.,NZ,Auckland Region,Auckland.,1/08/2024,0530400,Auckland Region,Teritorial Authority,Auckland,Polygon,Polygon,MultiPolygon,MultiPolygon,1,MultiPolygon,1
Auckland,Sexual Offences,Unlawful sexual contact of an adult,Mangere South.,NZ,Auckland Region,Auckland.,1/08/2024,0727200,Auckland Region,Teritorial Authority,Auckland,MultiPolygon,Polygon,MultiPolygon,MultiPolygon,1,MultiPolygon,1
Auckland,Sexual Offences,Unlawful sexual contact of an adult,Auckland Central East.,NZ,Auckland Region,Auckland.,1/08/2024,0436700,Auckland Region,Teritorial Authority,Auckland,Polygon,Polygon,MultiPolygon,MultiPolygon,1,MultiPolygon,1
Auckland,Sexual Offences,Unlawful sexual contact of an adult,Mangere Central.,NZ,Auckland Region,Auckland.,1/09/2024,0740500,Auckland Region,Teritorial Authority,Auckland,Polygon,Polygon,MultiPolygon,MultiPolygon,1,MultiPolygon,1
Auckland,Sexual Offences,Unlawful sexual penetration of an adult,Manukau Central.,NZ,Auckland Region,Auckland.,1/09/2024,0780209,Auckland Region,Teritorial Authority,Auckland,Polygon,Polygon,MultiPolygon,MultiPolygon,1,MultiPolygon,1
Auckland,Sexual Offences,Unlawful sexual contact of an adult,Lynnmall.,NZ,Auckland Region,Auckland.,1/09/2024,0264901,Auckland Region,Teritorial Authority,Auckland,Polygon,Polygon,MultiPolygon,MultiPolygon,1,MultiPolygon,1
Auckland,Sexual Offences,Unlawful sexual contact of an adult,Auckland Central West.,NZ,Auckland Region,Auckland.,1/12/2024,0434500,Auckland Region,Teritorial Authority,Auckland,Polygon,Polygon,MultiPolygon,MultiPolygon,1,MultiPolygon,1
Auckland,Sexual Offences,Unlawful sexual contact of an adult,Newton.,NZ,Auckland Region,Auckland.,1/03/2025,0412200,Auckland Region,Teritorial Authority,Auckland,Polygon,Polygon,MultiPolygon,MultiPolygon,1,MultiPolygon,1
Auckland,Sexual Offences,Unlawful sexual contact of an adult,Auckland Central West.,NZ,Auckland Region,Auckland.,1/03/2025,0434500,Auckland Region,Teritorial Authority,Auckland,Polygon,Polygon,MultiPolygon,MultiPolygon,1,MultiPolygon,1
Auckland,Sexual Offences,Unlawful sexual contact of an adult,Auckland Central West.,NZ,Auckland Region,Auckland.,1/03/2025,0434200,Auckland Region,Teritorial Authority,Auckland,Polygon,Polygon,MultiPolygon,MultiPolygon,1,MultiPolygon,1
Auckland,Sexual Offences,Offensive sexual acts,Windy Ridge.,NZ,Auckland Region,Auckland.,1/07/2024,0189400,Auckland Region,Teritorial Authority,Auckland,Polygon,Polygon,MultiPolygon,MultiPolygon,1,MultiPolygon,1
Auckland,Sexual Offences,Offensive sexual acts,Te Atatu Central.,NZ,Auckland Region,Auckland.,1/09/2024,0249400,Auckland Region,Teritorial Authority,Auckland,Polygon,Polygon,MultiPolygon,MultiPolygon,1,MultiPolygon,1
Auckland,Sexual Offences,Offensive sexual acts,Orewa.,NZ,Auckland Region,Auckland.,1/12/2024,0172107,Auckland Region,Teritorial Authority,Auckland,MultiPolygon,Polygon,MultiPolygon,MultiPolygon,1,MultiPolygon,1
Auckland,Sexual Offences,Offensive sexual acts,Glendene North.,NZ,Auckland Region,Auckland.,1/12/2024,0274502,Auckland Region,Teritorial Authority,Auckland,Polygon,Polygon,MultiPolygon,MultiPolygon,1,MultiPolygon,1
Auckland,Sexual Offences,Unlawful sexual contact of a child,Helensville.,NZ,Auckland Region,Auckland.,1/09/2024,0209701,Auckland Region,Teritorial Authority,Auckland,Polygon,Polygon,MultiPolygon,MultiPolygon,1,MultiPolygon,1
Auckland,Sexual Offences,Unlawful sexual contact of an adult,Browns Bay.,NZ,Auckland Region,Auckland.,1/12/2023,0161500,Auckland Region,Teritorial Authority,Auckland,Polygon,Polygon,MultiPolygon,MultiPolygon,1,MultiPolygon,1
Auckland,Sexual Offences,Unlawful sexual contact of an adult,Henderson South.,NZ,Auckland Region,Auckland.,1/12/2023,0244600,Auckland Region,Teritorial Authority,Auckland,Polygon,Polygon,MultiPolygon,MultiPolygon,1,MultiPolygon,1
Auckland,Sexual Offences,Unlawful sexual penetration of an adult,Ranui Domain.,NZ,Auckland Region,Auckland.,1/09/2023,0235104,Auckland Region,Teritorial Authority,Auckland,Polygon,Polygon,MultiPolygon,MultiPolygon,1,MultiPolygon,1
Auckland,Sexual Offences,Unlawful sexual contact of an adult,Browns Bay.,NZ,Auckland Region,Auckland.,1/06/2024,0162400,Auckland Region,Teritorial Authority,Auckland,Polygon,Polygon,MultiPolygon,MultiPolygon,1,MultiPolygon,1
Auckland,Sexual Offences,Unlawful sexual contact of an adult,Fairdene.,NZ,Auckland Region,Auckland.,1/12/2024,0232800,Auckland Region,Teritorial Authority,Auckland,Polygon,Polygon,MultiPolygon,MultiPolygon,1,MultiPolygon,1
Auckland,Sexual Offences,Offensive sexual acts,Birkdale South.,NZ,Auckland Region,Auckland.,1/06/2024,0350800,Auckland Region,Teritorial Authority,Auckland,Polygon,Polygon,MultiPolygon,MultiPolygon,1,MultiPolygon,1
Auckland,Sexual Offences,Unlawful sexual contact of a child,Palm Heights.,NZ,Auckland Region,Auckland.,1/12/2023,0280904,Auckland Region,Teritorial Authority,Auckland,Polygon,Polygon,MultiPolygon,MultiPolygon,1,MultiPolygon,1
Auckland,Sexual Offences,Unlawful sexual contact of a child,Fairdene.,NZ,Auckland Region,Auckland.,1/09/2023,0233300,Auckland Region,Teritorial Authority,Auckland,Polygon,Polygon,MultiPolygon,MultiPolygon,1,MultiPolygon,1
Auckland,Sexual Offences,Unlawful sexual contact of a child,Swanson.,NZ,Auckland Region,Auckland.,1/10/2023,0238001,Auckland Region,Teritorial Authority,Auckland,Polygon,Polygon,MultiPolygon,MultiPolygon,1,MultiPolygon,1
Auckland,Sexual Offences,Unlawful sexual contact of a child,Henderson South.,NZ,Auckland Region,Auckland.,1/05/2024,0241900,Auckland Region,Teritorial Authority,Auckland,Polygon,Polygon,MultiPolygon,MultiPolygon,1,MultiPolygon,1
Auckland,Sexual Offences,Unlawful sexual contact of a child,Birkdale North.,NZ,Auckland Region,Auckland.,1/06/2024,0347700,Auckland Region,Teritorial Authority,Auckland,Polygon,Polygon,MultiPolygon,MultiPolygon,1,MultiPolygon,1
Auckland,Sexual Offences,Unlawful sexual contact of a child,Royal Heights.,NZ,Auckland Region,Auckland.,1/07/2024,0224423,Auckland Region,Teritorial Authority,Auckland,Polygon,Polygon,MultiPolygon,MultiPolygon,1,MultiPolygon,1
Auckland,Sexual Offences,Unlawful sexual penetration of an adult,Henderson South.,NZ,Auckland Region,Auckland.,1/10/2023,0242700,Auckland Region,Teritorial Authority,Auckland,Polygon,Polygon,MultiPolygon,MultiPolygon,1,MultiPolygon,1
Auckland,Sexual Offences,Unlawful sexual contact of an adult,Henderson North.,NZ,Auckland Region,Auckland.,1/07/2024,0239801,Auckland Region,Teritorial Authority,Auckland,Polygon,Polygon,MultiPolygon,MultiPolygon,1,MultiPolygon,1
Auckland,Sexual Offences,Unlawful sexual penetration of an adult,Takapuna Central.,NZ,Auckland Region,Auckland.,1/08/2024,0326900,Auckland Region,Teritorial Authority,Auckland,Polygon,Polygon,MultiPolygon,MultiPolygon,1,MultiPolygon,1
Auckland,Sexual Offences,Unlawful sexual contact of an adult,Takapuna Central.,NZ,Auckland Region,Auckland.,1/12/2024,0324400,Auckland Region,Teritorial Authority,Auckland,Polygon,Polygon,MultiPolygon,MultiPolygon,1,MultiPolygon,1
Auckland,Sexual Offences,Offensive sexual acts,North Harbour East.,NZ,Auckland Region,Auckland.,1/08/2024,0180202,Auckland Region,Teritorial Authority,Auckland,Polygon,Polygon,MultiPolygon,MultiPolygon,2,MultiPolygon,2
Auckland,Sexual Offences,Offensive sexual acts,Henderson North.,NZ,Auckland Region,Auckland.,1/10/2023,0239200,Auckland Region,Teritorial Authority,Auckland,Polygon,Polygon,MultiPolygon,MultiPolygon,3,MultiPolygon,3
Auckland,Sexual Offences,Offensive sexual acts,Edmonton.,NZ,Auckland Region,Auckland.,1/12/2024,0252800,Auckland Region,Teritorial Authority,Auckland,Polygon,Polygon,MultiPolygon,MultiPolygon,1,MultiPolygon,1
Auckland,Sexual Offences,Offensive sexual acts,Beachhaven North.,NZ,Auckland Region,Auckland.,1/12/2024,0341900,Auckland Region,Teritorial Authority,Auckland,Polygon,Polygon,MultiPolygon,MultiPolygon,1,MultiPolygon,1
Auckland,Sexual Offences,Unlawful sexual penetration of a child,Parakai Urban.,NZ,Auckland Region,Auckland.,1/08/2024,0210802,Auckland Region,Teritorial Authority,Auckland,Polygon,Polygon,MultiPolygon,MultiPolygon,1,MultiPolygon,1
Auckland,Sexual Offences,Unlawful sexual penetration of an adult,North Harbour East.,NZ,Auckland Region,Auckland.,1/12/2023,0180302,Auckland Region,Teritorial Authority,Auckland,Polygon,Polygon,MultiPolygon,MultiPolygon,1,MultiPolygon,1
Auckland,Sexual Offences,Unlawful sexual penetration of an adult,Royal Heights.,NZ,Auckland Region,Auckland.,1/06/2024,0225902,Auckland Region,Teritorial Authority,Auckland,Polygon,Polygon,MultiPolygon,MultiPolygon,1,MultiPolygon,1
Auckland,Sexual Offences,Unlawful sexual contact of an adult,Westlake.,NZ,Auckland Region,Auckland.,1/07/2024,0305202,Auckland Region,Teritorial Authority,Auckland,Polygon,Polygon,MultiPolygon,MultiPolygon,1,MultiPolygon,1
Auckland,Sexual Offences,Unlawful sexual contact of an adult,Warkworth.,NZ,Auckland Region,Auckland.,1/04/2025,0140400,Auckland Region,Teritorial Authority,Auckland,Polygon,Polygon,MultiPolygon,MultiPolygon,1,MultiPolygon,1
Auckland,Sexual Offences,Offensive sexual acts,Browns Bay.,NZ,Auckland Region,Auckland.,1/10/2023,0160900,Auckland Region,Teritorial Authority,Auckland,Polygon,Polygon,MultiPolygon,MultiPolygon,1,MultiPolygon,1
Auckland,Sexual Offences,Unlawful sexual penetration of a child,Westlake.,NZ,Auckland Region,Auckland.,1/12/2023,0304300,Auckland Region,Teritorial Authority,Auckland,Polygon,Polygon,MultiPolygon,MultiPolygon,1,MultiPolygon,1
Auckland,Sexual Offences,Unlawful sexual penetration of an adult,Stanley Bay.,NZ,Auckland Region,Auckland.,1/07/2024,0335400,Auckland Region,Teritorial Authority,Auckland,Polygon,Polygon,MultiPolygon,MultiPolygon,1,MultiPolygon,1
Auckland,Sexual Offences,Unlawful sexual contact of an adult,Westgate.,NZ,Auckland Region,Auckland.,1/09/2024,0224307,Auckland Region,Teritorial Authority,Auckland,Polygon,Polygon,MultiPolygon,MultiPolygon,1,MultiPolygon,1
Auckland,Sexual Offences,Intimate image offences,Windsor Park.,NZ,Auckland Region,Auckland.,1/10/2023,0180813,Auckland Region,Teritorial Authority,Auckland,Polygon,Polygon,MultiPolygon,MultiPolygon,2,MultiPolygon,2
Auckland,Sexual Offences,Offensive sexual acts,Birdwood East.,NZ,Auckland Region,Auckland.,1/08/2023,0226903,Auckland Region,Teritorial Authority,Auckland,Polygon,Polygon,MultiPolygon,MultiPolygon,1,MultiPolygon,1
Auckland,Sexual Offences,Offensive sexual acts,Henderson North.,NZ,Auckland Region,Auckland.,1/09/2023,0240000,Auckland Region,Teritorial Authority,Auckland,Polygon,Polygon,MultiPolygon,MultiPolygon,1,MultiPolygon,1
Auckland,Sexual Offences,Offensive sexual acts,Takapuna Central.,NZ,Auckland Region,Auckland.,1/09/2024,0326000,Auckland Region,Teritorial Authority,Auckland,Polygon,Polygon,MultiPolygon,MultiPolygon,1,MultiPolygon,1
Auckland,Sexual Offences,Offensive sexual acts,Mcleod.,NZ,Auckland Region,Auckland.,1/12/2024,0258100,Auckland Region,Teritorial Authority,Auckland,Polygon,Polygon,MultiPolygon,MultiPolygon,1,MultiPolygon,1
Auckland,Sexual Offences,Offensive sexual acts,Unsworth Heights.,NZ,Auckland Region,Auckland.,1/12/2024,0180819,Auckland Region,Teritorial Authority,Auckland,Polygon,Polygon,MultiPolygon,MultiPolygon,1,MultiPolygon,1
Auckland,Sexual Offences,Unlawful sexual penetration of a child,Massey West.,NZ,Auckland Region,Auckland.,1/08/2023,0226503,Auckland Region,Teritorial Authority,Auckland,Polygon,Polygon,MultiPolygon,MultiPolygon,1,MultiPolygon,1
Auckland,Sexual Offences,Unlawful sexual contact of a child,Beachhaven South.,NZ,Auckland Region,Auckland.,1/10/2023,0344400,Auckland Region,Teritorial Authority,Auckland,Polygon,Polygon,MultiPolygon,MultiPolygon,1,MultiPolygon,1
Auckland,Sexual Offences,Unlawful sexual penetration of a child,Browns Bay.,NZ,Auckland Region,Auckland.,1/10/2023,0160800,Auckland Region,Teritorial Authority,Auckland,Polygon,Polygon,MultiPolygon,MultiPolygon,1,MultiPolygon,1
Auckland,Sexual Offences,Unlawful sexual penetration of a child,Kaukapakapa Rural.,NZ,Auckland Region,Auckland.,1/06/2024,0212401,Auckland Region,Teritorial Authority,Auckland,MultiPolygon,MultiPolygon,MultiPolygon,MultiPolygon,1,MultiPolygon,1
Auckland,Sexual Offences,Unlawful sexual penetration of a child,Windsor Park.,NZ,Auckland Region,Auckland.,1/06/2024,0180826,Auckland Region,Teritorial Authority,Auckland,Polygon,Polygon,MultiPolygon,MultiPolygon,1,MultiPolygon,1
Auckland,Sexual Offences,Unlawful sexual penetration of a child,Matipo.,NZ,Auckland Region,Auckland.,1/04/2024,0244900,Auckland Region,Teritorial Authority,Auckland,Polygon,Polygon,MultiPolygon,MultiPolygon,1,MultiPolygon,1
Auckland,Sexual Offences,Unlawful sexual contact of an adult,Henderson South.,NZ,Auckland Region,Auckland.,1/09/2023,0244600,Auckland Region,Teritorial Authority,Auckland,Polygon,Polygon,MultiPolygon,MultiPolygon,1,MultiPolygon,1
Auckland,Sexual Offences,Unlawful sexual contact of an adult,Glenfield Central.,NZ,Auckland Region,Auckland.,1/05/2024,0200300,Auckland Region,Teritorial Authority,Auckland,Polygon,Polygon,MultiPolygon,MultiPolygon,1,MultiPolygon,1
Auckland,Sexual Offences,Unlawful sexual penetration of an adult,Swanson South.,NZ,Auckland Region,Auckland.,1/06/2024,0237700,Auckland Region,Teritorial Authority,Auckland,Polygon,Polygon,MultiPolygon,MultiPolygon,1,MultiPolygon,1
Auckland,Sexual Offences,Unlawful sexual contact of an adult,Stanmore Bay West.,NZ,Auckland Region,Auckland.,1/09/2024,0173407,Auckland Region,Teritorial Authority,Auckland,Polygon,Polygon,MultiPolygon,MultiPolygon,1,MultiPolygon,1
Auckland,Sexual Offences,Unlawful sexual penetration of an adult,Windsor Park.,NZ,Auckland Region,Auckland.,1/10/2024,0180826,Auckland Region,Teritorial Authority,Auckland,Polygon,Polygon,MultiPolygon,MultiPolygon,1,MultiPolygon,1
Auckland,Sexual Offences,Child procurement or grooming,North Harbour West.,NZ,Auckland Region,Auckland.,1/08/2024,0180001,Auckland Region,Teritorial Authority,Auckland,Polygon,Polygon,MultiPolygon,MultiPolygon,1,MultiPolygon,1
Auckland,Sexual Offences,Child procurement or grooming,Parrs Park West.,NZ,Auckland Region,Auckland.,1/04/2024,0278001,Auckland Region,Teritorial Authority,Auckland,Polygon,Polygon,MultiPolygon,MultiPolygon,1,MultiPolygon,1
Auckland,Sexual Offences,Offensive sexual acts,Warkworth.,NZ,Auckland Region,Auckland.,1/05/2024,0140600,Auckland Region,Teritorial Authority,Auckland,Polygon,Polygon,MultiPolygon,MultiPolygon,1,MultiPolygon,1
Auckland,Sexual Offences,Offensive sexual acts,Wade Heads.,NZ,Auckland Region,Auckland.,1/12/2024,0174003,Auckland Region,Teritorial Authority,Auckland,Polygon,Polygon,MultiPolygon,MultiPolygon,1,MultiPolygon,1
Auckland,Sexual Offences,Offensive sexual acts,Albany.,NZ,Auckland Region,Auckland.,1/04/2024,0178800,Auckland Region,Teritorial Authority,Auckland,Polygon,Polygon,MultiPolygon,MultiPolygon,1,MultiPolygon,1
Auckland,Sexual Offences,Offensive sexual acts,Ranui Domain.,NZ,Auckland Region,Auckland.,1/04/2025,0235803,Auckland Region,Teritorial Authority,Auckland,Polygon,Polygon,MultiPolygon,MultiPolygon,1,MultiPolygon,1
Auckland,Sexual Offences,Unlawful sexual penetration of a child,Parakai Urban.,NZ,Auckland Region,Auckland.,1/08/2024,0210802,Auckland Region,Teritorial Authority,Auckland,Polygon,Polygon,MultiPolygon,MultiPolygon,1,MultiPolygon,1
Auckland,Sexual Offences,Unlawful sexual penetration of a child,Tuff Crater.,NZ,Auckland Region,Auckland.,1/08/2024,0364601,Auckland Region,Teritorial Authority,Auckland,Polygon,Polygon,MultiPolygon,MultiPolygon,1,MultiPolygon,1
Auckland,Sexual Offences,Unlawful sexual contact of a child,Greenhithe.,NZ,Auckland Region,Auckland.,1/12/2024,0181901,Auckland Region,Teritorial Authority,Auckland,Polygon,Polygon,MultiPolygon,MultiPolygon,1,MultiPolygon,1
Auckland,Sexual Offences,Unlawful sexual penetration of a child,Long Bay.,NZ,Auckland Region,Auckland.,1/04/2024,0178307,Auckland Region,Teritorial Authority,Auckland,Polygon,Polygon,MultiPolygon,MultiPolygon,1,MultiPolygon,1
Auckland,Sexual Offences,Unlawful sexual contact of a child,Hobsonville East.,NZ,Auckland Region,Auckland.,1/04/2024,0221907,Auckland Region,Teritorial Authority,Auckland,Polygon,Polygon,MultiPolygon,MultiPolygon,1,MultiPolygon,1
Auckland,Sexual Offences,Unlawful sexual contact of an adult,Albany.,NZ,Auckland Region,Auckland.,1/12/2023,0178900,Auckland Region,Teritorial Authority,Auckland,Polygon,Polygon,MultiPolygon,MultiPolygon,1,MultiPolygon,1
Auckland,Sexual Offences,Unlawful sexual contact of an adult,Urlich.,NZ,Auckland Region,Auckland.,1/12/2024,0235009,Auckland Region,Teritorial Authority,Auckland,Polygon,Polygon,MultiPolygon,MultiPolygon,1,MultiPolygon,1
Auckland,Sexual Offences,Unlawful sexual penetration of an adult,Omaha.,NZ,Auckland Region,Auckland.,1/12/2024,0138811,Auckland Region,Teritorial Authority,Auckland,Polygon,Polygon,MultiPolygon,MultiPolygon,1,MultiPolygon,1
Auckland,Sexual Offences,Unlawful sexual penetration of an adult,Fairdene.,NZ,Auckland Region,Auckland.,1/04/2025,0231001,Auckland Region,Teritorial Authority,Auckland,Polygon,Polygon,MultiPolygon,MultiPolygon,1,MultiPolygon,1
Auckland,Sexual Offences,Unlawful sexual penetration of a child,Henderson North.,NZ,Auckland Region,Auckland.,1/12/2023,0239511,Auckland Region,Teritorial Authority,Auckland,Polygon,Polygon,MultiPolygon,MultiPolygon,1,MultiPolygon,1
Auckland,Sexual Offences,Unlawful sexual penetration of a child,Windsor Park.,NZ,Auckland Region,Auckland.,1/10/2023,0180826,Auckland Region,Teritorial Authority,Auckland,Polygon,Polygon,MultiPolygon,MultiPolygon,1,MultiPolygon,1
Auckland,Sexual Offences,Unlawful sexual penetration of a child,McLaren Park.,NZ,Auckland Region,Auckland.,1/05/2024,0281518,Auckland Region,Teritorial Authority,Auckland,Polygon,Polygon,MultiPolygon,MultiPolygon,1,MultiPolygon,1
Auckland,Sexual Offences,Unlawful sexual contact of a child,Birkdale North.,NZ,Auckland Region,Auckland.,1/06/2024,0347700,Auckland Region,Teritorial Authority,Auckland,Polygon,Polygon,MultiPolygon,MultiPolygon,1,MultiPolygon,1
Auckland,Sexual Offences,Unlawful sexual contact of a child,Fairdene.,NZ,Auckland Region,Auckland.,1/07/2024,0232400,Auckland Region,Teritorial Authority,Auckland,Polygon,Polygon,MultiPolygon,MultiPolygon,1,MultiPolygon,1
Auckland,Sexual Offences,Unlawful sexual penetration of a child,Mairangi Bay.,NZ,Auckland Region,Auckland.,1/08/2024,0153100,Auckland Region,Teritorial Authority,Auckland,Polygon,Polygon,MultiPolygon,MultiPolygon,1,MultiPolygon,1
Auckland,Sexual Offences,Unlawful sexual contact of a child,Birkenhead East.,NZ,Auckland Region,Auckland.,1/09/2024,0356300,Auckland Region,Teritorial Authority,Auckland,Polygon,Polygon,MultiPolygon,MultiPolygon,1,MultiPolygon,1
Auckland,Sexual Offences,Unlawful sexual contact of a child,Wellsford.,NZ,Auckland Region,Auckland.,1/09/2024,0142400,Auckland Region,Teritorial Authority,Auckland,Polygon,Polygon,MultiPolygon,MultiPolygon,1,MultiPolygon,1
Auckland,Sexual Offences,Unlawful sexual penetration of a child,Browns Bay.,NZ,Auckland Region,Auckland.,1/12/2024,0159204,Auckland Region,Teritorial Authority,Auckland,Polygon,Polygon,MultiPolygon,MultiPolygon,1,MultiPolygon,1
Auckland,Sexual Offences,Unlawful sexual contact of a child,Oaktree.,NZ,Auckland Region,Auckland.,1/03/2025,0160500,Auckland Region,Teritorial Authority,Auckland,Polygon,Polygon,MultiPolygon,MultiPolygon,1,MultiPolygon,1
Auckland,Sexual Offences,Unlawful sexual contact of a child,Warkworth.,NZ,Auckland Region,Auckland.,1/03/2025,0140600,Auckland Region,Teritorial Authority,Auckland,Polygon,Polygon,MultiPolygon,MultiPolygon,1,MultiPolygon,1
Auckland,Sexual Offences,Unlawful sexual penetration of a child,Westlake.,NZ,Auckland Region,Auckland.,1/04/2025,0303502,Auckland Region,Teritorial Authority,Auckland,Polygon,Polygon,MultiPolygon,MultiPolygon,1,MultiPolygon,1
Auckland,Sexual Offences,Unlawful sexual contact of an adult,Huapai.,NZ,Auckland Region,Auckland.,1/08/2023,0215906,Auckland Region,Teritorial Authority,Auckland,Polygon,Polygon,MultiPolygon,MultiPolygon,1,MultiPolygon,1
Auckland,Sexual Offences,Unlawful sexual contact of an adult,Wade Heads.,NZ,Auckland Region,Auckland.,1/08/2023,0173909,Auckland Region,Teritorial Authority,Auckland,Polygon,Polygon,MultiPolygon,MultiPolygon,1,MultiPolygon,1
Auckland,Sexual Offences,Unlawful sexual penetration of an adult,Ocean View.,NZ,Auckland Region,Auckland.,1/09/2023,0362000,Auckland Region,Teritorial Authority,Auckland,Polygon,Polygon,MultiPolygon,MultiPolygon,1,MultiPolygon,1
Auckland,Sexual Offences,Unlawful sexual contact of an adult,Paremoremo East.,NZ,Auckland Region,Auckland.,1/06/2024,0179701,Auckland Region,Teritorial Authority,Auckland,Polygon,Polygon,MultiPolygon,MultiPolygon,1,MultiPolygon,1
Auckland,Sexual Offences,Unlawful sexual penetration of an adult,Glenfield North.,NZ,Auckland Region,Auckland.,1/07/2024,0196600,Auckland Region,Teritorial Authority,Auckland,Polygon,Polygon,MultiPolygon,MultiPolygon,1,MultiPolygon,1
Auckland,Sexual Offences,Unlawful sexual penetration of an adult,Henderson North.,NZ,Auckland Region,Auckland.,1/07/2024,0240200,Auckland Region,Teritorial Authority,Auckland,Polygon,Polygon,MultiPolygon,MultiPolygon,1,MultiPolygon,1
Auckland,Sexual Offences,Unlawful sexual penetration of an adult,Torbay.,NZ,Auckland Region,Auckland.,1/04/2024,0170500,Auckland Region,Teritorial Authority,Auckland,Polygon,Polygon,MultiPolygon,MultiPolygon,1,MultiPolygon,1
Auckland,Sexual Offences,Unlawful sexual contact of an adult,Mcleod.,NZ,Auckland Region,Auckland.,1/03/2025,0258901,Auckland Region,Teritorial Authority,Auckland,Polygon,Polygon,MultiPolygon,MultiPolygon,1,MultiPolygon,1
Auckland,Sexual Offences,Unlawful sexual penetration of an adult,Hobsonville East.,NZ,Auckland Region,Auckland.,1/04/2025,0223702,Auckland Region,Teritorial Authority,Auckland,Polygon,Polygon,MultiPolygon,MultiPolygon,1,MultiPolygon,1
Auckland,Sexual Offences,Unlawful sexual penetration of an adult,Huapai.,NZ,Auckland Region,Auckland.,1/04/2025,0215000,Auckland Region,Teritorial Authority,Auckland,Polygon,Polygon,MultiPolygon,MultiPolygon,1,MultiPolygon,1
Auckland,Sexual Offences,Offensive sexual acts,Glenfield Central.,NZ,Auckland Region,Auckland.,1/12/2023,0200800,Auckland Region,Teritorial Authority,Auckland,Polygon,Polygon,MultiPolygon,MultiPolygon,1,MultiPolygon,1
Auckland,Sexual Offences,Offensive sexual acts,Royal Heights.,NZ,Auckland Region,Auckland.,1/09/2023,0224418,Auckland Region,Teritorial Authority,Auckland,Polygon,Polygon,MultiPolygon,MultiPolygon,1,MultiPolygon,1
Auckland,Sexual Offences,Offensive sexual acts,North Harbour West.,NZ,Auckland Region,Auckland.,1/09/2023,0179805,Auckland Region,Teritorial Authority,Auckland,Polygon,Polygon,MultiPolygon,MultiPolygon,1,MultiPolygon,1
Auckland,Sexual Offences,Offensive sexual acts,Albany.,NZ,Auckland Region,Auckland.,1/05/2024,0179000,Auckland Region,Teritorial Authority,Auckland,Polygon,Polygon,MultiPolygon,MultiPolygon,1,MultiPolygon,1
Auckland,Sexual Offences,Offensive sexual acts,Albany.,NZ,Auckland Region,Auckland.,1/03/2025,0179000,Auckland Region,Teritorial Authority,Auckland,Polygon,Polygon,MultiPolygon,MultiPolygon,1,MultiPolygon,1
Auckland,Sexual Offences,Unlawful sexual penetration of a child,Ranui South.,NZ,Auckland Region,Auckland.,1/08/2023,0236400,Auckland Region,Teritorial Authority,Auckland,Polygon,Polygon,MultiPolygon,MultiPolygon,1,MultiPolygon,1
Auckland,Sexual Offences,Unlawful sexual contact of a child,Warkworth.,NZ,Auckland Region,Auckland.,1/09/2023,0140500,Auckland Region,Teritorial Authority,Auckland,Polygon,Polygon,MultiPolygon,MultiPolygon,1,MultiPolygon,1
Auckland,Sexual Offences,Unlawful sexual penetration of a child,Te Atatu Central.,NZ,Auckland Region,Auckland.,1/08/2024,0249400,Auckland Region,Teritorial Authority,Auckland,Polygon,Polygon,MultiPolygon,MultiPolygon,1,MultiPolygon,1
Auckland,Sexual Offences,Unlawful sexual contact of an adult,Fairdene.,NZ,Auckland Region,Auckland.,1/10/2023,0231001,Auckland Region,Teritorial Authority,Auckland,Polygon,Polygon,MultiPolygon,MultiPolygon,1,MultiPolygon,1
Auckland,Sexual Offences,Unlawful sexual penetration of a child,Takapuna Central.,NZ,Auckland Region,Auckland.,1/07/2024,0327900,Auckland Region,Teritorial Authority,Auckland,Polygon,Polygon,MultiPolygon,MultiPolygon,1,MultiPolygon,1
Auckland,Sexual Offences,Unlawful sexual contact of a child,Birkdale South.,NZ,Auckland Region,Auckland.,1/12/2023,0349700,Auckland Region,Teritorial Authority,Auckland,Polygon,Polygon,MultiPolygon,MultiPolygon,1,MultiPolygon,1
Auckland,Sexual Offences,Unlawful sexual penetration of an adult,Windsor Park.,NZ,Auckland Region,Auckland.,1/03/2024,0180826,Auckland Region,Teritorial Authority,Auckland,Polygon,Polygon,MultiPolygon,MultiPolygon,1,MultiPolygon,1
Auckland,Sexual Offences,Unlawful sexual contact of an adult,Mcleod.,NZ,Auckland Region,Auckland.,1/02/2025,0257500,Auckland Region,Teritorial Authority,Auckland,Polygon,Polygon,MultiPolygon,MultiPolygon,1,MultiPolygon,1
Auckland,Sexual Offences,Offensive sexual acts,Waiheke Island.,NZ,Auckland Region,Auckland.,1/12/2024,0515102,Auckland Region,Teritorial Authority,Auckland,MultiPolygon,Polygon,MultiPolygon,MultiPolygon,1,MultiPolygon,1
Auckland,Sexual Offences,Unlawful sexual penetration of a child,Cape Rodney South.,NZ,Auckland Region,Auckland.,1/04/2024,0139400,Auckland Region,Teritorial Authority,Auckland,MultiPolygon,Polygon,MultiPolygon,MultiPolygon,1,MultiPolygon,1
Auckland,Sexual Offences,Offensive sexual acts,Glendhu.,NZ,Auckland Region,Auckland.,1/12/2024,0185005,Auckland Region,Teritorial Authority,Auckland,Polygon,Polygon,MultiPolygon,MultiPolygon,3,MultiPolygon,3
Auckland,Sexual Offences,Unlawful sexual penetration of an adult,Waimumu South.,NZ,Auckland Region,Auckland.,1/07/2024,0228802,Auckland Region,Teritorial Authority,Auckland,Polygon,Polygon,MultiPolygon,MultiPolygon,1,MultiPolygon,1
Auckland,Sexual Offences,Unlawful sexual contact of an adult,Gulf Harbour.,NZ,Auckland Region,Auckland.,1/03/2025,0175120,Auckland Region,Teritorial Authority,Auckland,MultiPolygon,Polygon,MultiPolygon,MultiPolygon,1,MultiPolygon,1
Auckland,Sexual Offences,Unlawful sexual penetration of a child,Ranui South.,NZ,Auckland Region,Auckland.,1/10/2023,0238402,Auckland Region,Teritorial Authority,Auckland,Polygon,Polygon,MultiPolygon,MultiPolygon,1,MultiPolygon,1
Auckland,Sexual Offences,Unlawful sexual contact of an adult,Great Barrier Island.,NZ,Auckland Region,Auckland.,1/04/2024,0438700,Auckland Region,Teritorial Authority,Auckland,MultiPolygon,MultiPolygon,MultiPolygon,MultiPolygon,1,MultiPolygon,1
Auckland,Sexual Offences,Unlawful sexual penetration of an adult,Otara North.,NZ,Auckland Region,Auckland.,1/07/2025,0704100,Auckland Region,Teritorial Authority,Auckland,Polygon,Polygon,MultiPolygon,MultiPolygon,1,MultiPolygon,1
Auckland,Sexual Offences,Unlawful sexual penetration of an adult,Henderson South.,NZ,Auckland Region,Auckland.,1/08/2024,0241600,Auckland Region,Teritorial Authority,Auckland,Polygon,Polygon,MultiPolygon,MultiPolygon,1,MultiPolygon,1
Auckland,Sexual Offences,Unlawful sexual contact of a child,Ranui South.,NZ,Auckland Region,Auckland.,1/02/2025,0238403,Auckland Region,Teritorial Authority,Auckland,Polygon,Polygon,MultiPolygon,MultiPolygon,1,MultiPolygon,1
Auckland,Sexual Offences,Unlawful sexual penetration of an adult,North Harbour East.,NZ,Auckland Region,Auckland.,1/02/2024,0180501,Auckland Region,Teritorial Authority,Auckland,Polygon,Polygon,MultiPolygon,MultiPolygon,1,MultiPolygon,1
Auckland,Sexual Offences,Unlawful sexual contact of an adult,Great Barrier Island.,NZ,Auckland Region,Auckland.,1/09/2024,0438901,Auckland Region,Teritorial Authority,Auckland,MultiPolygon,Polygon,MultiPolygon,MultiPolygon,1,MultiPolygon,1
Auckland,Sexual Offences,Unlawful sexual penetration of a child,Rewiti.,NZ,Auckland Region,Auckland.,1/01/2024,0219301,Auckland Region,Teritorial Authority,Auckland,Polygon,Polygon,MultiPolygon,MultiPolygon,1,MultiPolygon,1
Auckland,Sexual Offences,Unlawful sexual penetration of an adult,Auckland Central East.,NZ,Auckland Region,Auckland.,1/11/2023,0436300,Auckland Region,Teritorial Authority,Auckland,Polygon,Polygon,MultiPolygon,MultiPolygon,1,MultiPolygon,1
Auckland,Sexual Offences,Unlawful sexual contact of an adult,Westlake.,NZ,Auckland Region,Auckland.,1/07/2025,0304200,Auckland Region,Teritorial Authority,Auckland,Polygon,Polygon,MultiPolygon,MultiPolygon,1,MultiPolygon,1
Auckland,Sexual Offences,Offensive sexual acts,Orewa.,NZ,Auckland Region,Auckland.,1/07/2025,0172401,Auckland Region,Teritorial Authority,Auckland,MultiPolygon,Polygon,MultiPolygon,MultiPolygon,5,MultiPolygon,5
Auckland,Sexual Offences,Unlawful sexual contact of an adult,Albany.,NZ,Auckland Region,Auckland.,1/10/2023,0178900,Auckland Region,Teritorial Authority,Auckland,Polygon,Polygon,MultiPolygon,MultiPolygon,1,MultiPolygon,1
Auckland,Sexual Offences,Unlawful sexual penetration of an adult,Waiheke Island.,NZ,Auckland Region,Auckland.,1/11/2024,0515704,Auckland Region,Teritorial Authority,Auckland,MultiPolygon,Polygon,MultiPolygon,MultiPolygon,1,MultiPolygon,1
